alerte_id;mesure_id;patient_id;timestamp_alerte;type_alerte;severite;valeur_declenchante;statut;intervenant
ALT00001;M000001;PAT0141;2024-09-27 19:27:00;Fièvre élevée;CRITIQUE;39.4;En cours;Médecin
ALT00002;M000002;PAT0080;2024-12-09 20:23:00;Hypoxémie;CRITIQUE;37.3;Traitée;Infirmier
ALT00003;M000003;PAT0006;2024-04-27 18:14:00;Hypertension modérée;MODÉRÉE;142;En cours;Infirmier
ALT00004;M000006;PAT0014;2024-11-26 03:03:00;Hyperglycémie;CRITIQUE;37.1;Traitée;Médecin
ALT00005;M000008;PAT0026;2024-10-03 00:05:00;Fièvre élevée;CRITIQUE;39.2;Traitée;SAMU
ALT00006;M000009;PAT0103;2024-03-25 12:00:00;Fièvre élevée;CRITIQUE;39.4;Traitée;Médecin
ALT00007;M000010;PAT0179;2024-10-11 21:45:00;Hypertension modérée;MODÉRÉE;149;Traitée;Famille
ALT00008;M000011;PAT0139;2024-06-09 01:03:00;Hypertension critique;CRITIQUE;170;Traitée;Famille
ALT00009;M000012;PAT0021;2024-02-05 19:04:00;Douleur intense;MODÉRÉE;38.2;En cours;Famille
ALT00010;M000014;PAT0184;2024-05-15 12:08:00;Hypertension modérée;MODÉRÉE;142;Traitée;Médecin
ALT00011;M000015;PAT0003;2024-10-15 03:04:00;Hypertension modérée;MODÉRÉE;141;Traitée;Infirmier
ALT00012;M000017;PAT0003;2024-10-10 09:59:00;Hyperglycémie;CRITIQUE;38.2;Traitée;Infirmier
ALT00013;M000018;PAT0191;2024-05-19 09:38:00;Douleur intense;MODÉRÉE;36.3;Traitée;Infirmier
ALT00014;M000022;PAT0092;2024-05-07 21:06:00;Hypertension modérée;MODÉRÉE;142;Traitée;Médecin
ALT00015;M000023;PAT0040;2024-05-01 05:51:00;Fièvre élevée;MODÉRÉE;38.7;En cours;Médecin
ALT00016;M000024;PAT0106;2024-05-07 08:10:00;Fièvre élevée;MODÉRÉE;38.6;En cours;Infirmier
ALT00017;M000025;PAT0052;2024-08-23 11:19:00;Fièvre élevée;MODÉRÉE;38.8;Ignorée;Famille
ALT00018;M000027;PAT0030;2024-05-13 05:37:00;Fièvre élevée;CRITIQUE;39.4;Traitée;Infirmier
ALT00019;M000028;PAT0081;2024-09-18 03:24:00;Fièvre élevée;CRITIQUE;39.1;Traitée;Médecin
ALT00020;M000031;PAT0108;2024-07-13 21:47:00;Fièvre élevée;CRITIQUE;39.1;En cours;Infirmier
ALT00021;M000034;PAT0173;2024-04-11 04:01:00;Hypoxémie;CRITIQUE;35.7;Traitée;Médecin
ALT00022;M000035;PAT0107;2024-10-21 06:45:00;Hypoxémie;CRITIQUE;38.3;En cours;Médecin
ALT00023;M000036;PAT0193;2024-02-24 13:14:00;Hypoxémie;CRITIQUE;36.2;En cours;Infirmier
ALT00024;M000037;PAT0032;2024-08-25 21:33:00;Fièvre élevée;CRITIQUE;39.5;Traitée;Médecin
ALT00025;M000038;PAT0185;2024-08-06 17:28:00;Fièvre élevée;CRITIQUE;39.1;Traitée;Famille
ALT00026;M000039;PAT0164;2024-09-23 15:40:00;Hypertension critique;CRITIQUE;168;En cours;Infirmier
ALT00027;M000040;PAT0082;2024-02-11 04:09:00;Hypertension critique;CRITIQUE;175;Traitée;Infirmier
ALT00028;M000041;PAT0085;2024-07-31 01:13:00;Fièvre élevée;MODÉRÉE;38.8;Traitée;Infirmier
ALT00029;M000043;PAT0192;2024-11-04 07:31:00;Hypertension modérée;MODÉRÉE;144;Traitée;Famille
ALT00030;M000048;PAT0033;2024-02-28 18:13:00;Hypertension critique;CRITIQUE;179;En cours;Médecin
ALT00031;M000053;PAT0134;2024-05-18 19:51:00;Fièvre élevée;CRITIQUE;39.2;En cours;Infirmier
ALT00032;M000054;PAT0069;2024-05-05 02:17:00;Fièvre élevée;CRITIQUE;39;Traitée;Médecin
ALT00033;M000057;PAT0166;2024-08-17 00:05:00;Hypertension critique;CRITIQUE;173;En cours;Famille
ALT00034;M000060;PAT0071;2024-09-25 19:18:00;Fièvre élevée;CRITIQUE;39.4;En cours;Infirmier
ALT00035;M000061;PAT0004;2024-03-05 08:02:00;Fièvre élevée;CRITIQUE;39.4;Traitée;Médecin
ALT00036;M000063;PAT0030;2024-07-24 15:04:00;Hypertension critique;CRITIQUE;178;Traitée;Famille
ALT00037;M000064;PAT0022;2024-03-01 17:48:00;Hypertension modérée;MODÉRÉE;154;Ignorée;Médecin
ALT00038;M000065;PAT0116;2024-06-01 18:27:00;Hypoxémie;CRITIQUE;36.7;En cours;Infirmier
ALT00039;M000067;PAT0177;2024-05-29 01:14:00;Douleur intense;MODÉRÉE;36.7;Traitée;Infirmier
ALT00040;M000068;PAT0068;2024-11-16 18:42:00;Fièvre élevée;MODÉRÉE;38.7;En cours;Médecin
ALT00041;M000069;PAT0069;2024-02-06 01:10:00;Fièvre élevée;MODÉRÉE;38.7;En cours;Médecin
ALT00042;M000070;PAT0032;2024-06-04 22:25:00;Fièvre élevée;CRITIQUE;39.3;Traitée;Médecin
ALT00043;M000072;PAT0196;2024-05-17 18:02:00;Fièvre élevée;MODÉRÉE;38.6;En cours;Infirmier
ALT00044;M000073;PAT0047;2024-08-11 20:52:00;Hypertension modérée;MODÉRÉE;148;En cours;Infirmier
ALT00045;M000074;PAT0027;2024-06-17 13:44:00;Hyperglycémie;CRITIQUE;37.5;Traitée;Famille
ALT00046;M000075;PAT0117;2024-05-09 10:07:00;Fièvre élevée;CRITIQUE;39.4;Traitée;Famille
ALT00047;M000076;PAT0139;2024-01-28 06:33:00;Hypertension critique;CRITIQUE;172;Traitée;Infirmier
ALT00048;M000078;PAT0182;2024-10-09 00:35:00;Hypertension critique;CRITIQUE;163;En cours;Famille
ALT00049;M000079;PAT0166;2024-09-12 22:18:00;Hypertension modérée;MODÉRÉE;153;Traitée;Infirmier
ALT00050;M000080;PAT0117;2024-07-15 06:58:00;Hypertension modérée;MODÉRÉE;144;Traitée;Médecin
ALT00051;M000081;PAT0107;2024-09-16 08:52:00;Hypertension modérée;MODÉRÉE;144;Traitée;Médecin
ALT00052;M000086;PAT0087;2024-07-22 20:05:00;Fièvre élevée;MODÉRÉE;38.9;En cours;Famille
ALT00053;M000088;PAT0192;2024-02-20 20:45:00;Fièvre élevée;CRITIQUE;39;Traitée;Famille
ALT00054;M000090;PAT0044;2024-11-08 12:39:00;Tachycardie;MODÉRÉE;38.2;Traitée;Infirmier
ALT00055;M000091;PAT0066;2024-12-07 00:57:00;Fièvre élevée;MODÉRÉE;38.7;En cours;Famille
ALT00056;M000094;PAT0071;2024-12-17 23:03:00;Fièvre élevée;CRITIQUE;39.1;Traitée;Famille
ALT00057;M000096;PAT0036;2024-11-17 20:02:00;Douleur intense;MODÉRÉE;36.7;Traitée;Famille
ALT00058;M000098;PAT0043;2024-09-03 09:47:00;Fièvre élevée;CRITIQUE;39;Traitée;Famille
ALT00059;M000099;PAT0058;2024-12-11 12:54:00;Fièvre élevée;MODÉRÉE;38.7;Traitée;Infirmier
ALT00060;M000101;PAT0060;2024-11-13 17:20:00;Fièvre élevée;CRITIQUE;39.2;Traitée;Infirmier
ALT00061;M000102;PAT0078;2024-02-29 04:02:00;Fièvre élevée;CRITIQUE;39.3;En cours;SAMU
ALT00062;M000103;PAT0035;2024-07-08 21:47:00;Douleur intense;MODÉRÉE;38.3;En cours;Médecin
ALT00063;M000104;PAT0168;2024-09-07 19:26:00;Fièvre élevée;CRITIQUE;39.3;En cours;Médecin
ALT00064;M000105;PAT0061;2024-02-20 21:23:00;Hyperglycémie;CRITIQUE;37.7;En cours;Famille
ALT00065;M000107;PAT0063;2024-10-16 06:04:00;Fièvre élevée;MODÉRÉE;38.8;Traitée;Famille
ALT00066;M000108;PAT0085;2024-11-01 00:17:00;Fièvre élevée;MODÉRÉE;38.9;En cours;Infirmier
ALT00067;M000109;PAT0029;2024-01-14 04:00:00;Hypertension modérée;MODÉRÉE;141;Traitée;Infirmier
ALT00068;M000110;PAT0014;2024-08-03 16:07:00;Fièvre élevée;MODÉRÉE;38.5;Ignorée;Médecin
ALT00069;M000111;PAT0116;2024-11-10 01:46:00;Fièvre élevée;MODÉRÉE;38.6;Traitée;Médecin
ALT00070;M000112;PAT0016;2024-07-24 13:43:00;Hypertension modérée;MODÉRÉE;140;Traitée;Famille
ALT00071;M000114;PAT0076;2024-11-05 13:06:00;Fièvre élevée;MODÉRÉE;38.7;Traitée;SAMU
ALT00072;M000116;PAT0081;2024-12-06 08:23:00;Fièvre élevée;CRITIQUE;39.3;Traitée;Infirmier
ALT00073;M000118;PAT0091;2024-08-04 23:03:00;Fièvre élevée;CRITIQUE;39.4;Traitée;SAMU
ALT00074;M000119;PAT0040;2024-04-24 03:22:00;Fièvre élevée;MODÉRÉE;38.9;Traitée;Infirmier
ALT00075;M000120;PAT0144;2024-11-14 19:43:00;Hyperglycémie;CRITIQUE;38.1;Traitée;Infirmier
ALT00076;M000121;PAT0008;2024-12-25 09:58:00;Tachycardie;MODÉRÉE;36.9;En cours;Infirmier
ALT00077;M000122;PAT0018;2024-11-20 00:05:00;Fièvre élevée;MODÉRÉE;38.5;Traitée;Infirmier
ALT00078;M000123;PAT0080;2024-10-17 19:05:00;Fièvre élevée;CRITIQUE;39;En cours;Infirmier
ALT00079;M000124;PAT0070;2024-08-05 15:38:00;Hypertension modérée;MODÉRÉE;142;Traitée;Médecin
ALT00080;M000128;PAT0011;2024-08-23 02:55:00;Douleur intense;MODÉRÉE;36.8;Traitée;Médecin
ALT00081;M000129;PAT0030;2024-06-15 05:51:00;Fièvre élevée;CRITIQUE;39.3;Traitée;Infirmier
ALT00082;M000130;PAT0028;2024-10-28 12:33:00;Hypertension modérée;MODÉRÉE;142;Traitée;Infirmier
ALT00083;M000131;PAT0044;2024-11-20 03:33:00;Hypertension modérée;MODÉRÉE;144;Ignorée;SAMU
ALT00084;M000136;PAT0158;2024-07-15 14:37:00;Hypertension critique;CRITIQUE;162;En cours;Médecin
ALT00085;M000137;PAT0167;2024-11-05 15:32:00;Hypertension modérée;MODÉRÉE;143;Traitée;Famille
ALT00086;M000138;PAT0183;2024-11-26 05:02:00;Douleur intense;MODÉRÉE;36.5;Traitée;Médecin
ALT00087;M000139;PAT0094;2024-05-24 12:26:00;Fièvre élevée;MODÉRÉE;38.6;Traitée;Médecin
ALT00088;M000140;PAT0017;2024-10-12 21:24:00;Douleur intense;MODÉRÉE;36.6;En cours;Famille
ALT00089;M000142;PAT0182;2024-06-07 17:24:00;Hypertension modérée;MODÉRÉE;148;En cours;Famille
ALT00090;M000143;PAT0176;2024-02-17 20:42:00;Douleur intense;MODÉRÉE;37.2;Traitée;Famille
ALT00091;M000144;PAT0088;2024-09-05 06:14:00;Fièvre élevée;CRITIQUE;39.5;Traitée;Infirmier
ALT00092;M000145;PAT0198;2024-09-26 01:42:00;Hypertension modérée;MODÉRÉE;143;Traitée;Famille
ALT00093;M000146;PAT0047;2024-11-15 05:46:00;Hypertension modérée;MODÉRÉE;149;Ignorée;Médecin
ALT00094;M000148;PAT0095;2024-10-19 14:29:00;Fièvre élevée;MODÉRÉE;38.6;Traitée;Médecin
ALT00095;M000150;PAT0032;2024-03-23 08:28:00;Fièvre élevée;CRITIQUE;39.1;Traitée;Médecin
ALT00096;M000152;PAT0008;2024-02-20 22:41:00;Tachycardie;MODÉRÉE;36.8;En cours;Infirmier
ALT00097;M000153;PAT0179;2024-12-27 15:28:00;Hypertension modérée;MODÉRÉE;149;Traitée;Famille
ALT00098;M000155;PAT0164;2024-08-22 02:07:00;Fièvre élevée;MODÉRÉE;38.8;Traitée;Médecin
ALT00099;M000157;PAT0135;2024-02-04 16:34:00;Douleur intense;MODÉRÉE;37.5;En cours;Famille
ALT00100;M000158;PAT0012;2024-07-10 08:47:00;Hyperglycémie;CRITIQUE;35.6;Traitée;Médecin
ALT00101;M000159;PAT0027;2024-06-19 04:02:00;Hypertension modérée;MODÉRÉE;141;Traitée;Médecin
ALT00102;M000160;PAT0119;2024-09-02 20:11:00;Fièvre élevée;MODÉRÉE;38.7;Traitée;Infirmier
ALT00103;M000161;PAT0052;2024-04-12 01:20:00;Fièvre élevée;CRITIQUE;39.2;En cours;Médecin
ALT00104;M000162;PAT0010;2024-04-07 09:22:00;Fièvre élevée;MODÉRÉE;38.9;Traitée;Médecin
ALT00105;M000163;PAT0112;2024-08-13 12:21:00;Fièvre élevée;CRITIQUE;39.4;Traitée;Infirmier
ALT00106;M000164;PAT0069;2024-08-05 02:27:00;Hypertension modérée;MODÉRÉE;143;En cours;Médecin
ALT00107;M000166;PAT0091;2024-08-10 08:40:00;Fièvre élevée;CRITIQUE;39.4;Traitée;Infirmier
ALT00108;M000167;PAT0132;2024-12-13 05:01:00;Hypertension modérée;MODÉRÉE;141;Traitée;Médecin
ALT00109;M000168;PAT0061;2024-07-06 11:24:00;Fièvre élevée;CRITIQUE;39.3;Traitée;Infirmier
ALT00110;M000170;PAT0007;2024-09-12 16:24:00;Fièvre élevée;CRITIQUE;39.2;Traitée;SAMU
ALT00111;M000171;PAT0157;2024-09-08 06:07:00;Douleur intense;MODÉRÉE;36;Traitée;Médecin
ALT00112;M000172;PAT0175;2024-06-12 21:22:00;Hypertension critique;CRITIQUE;161;En cours;Médecin
ALT00113;M000173;PAT0183;2024-12-24 20:11:00;Fièvre élevée;MODÉRÉE;38.7;Traitée;Infirmier
ALT00114;M000174;PAT0061;2024-01-14 11:35:00;Hypertension modérée;MODÉRÉE;141;Traitée;Famille
ALT00115;M000175;PAT0017;2024-09-02 16:26:00;Fièvre élevée;MODÉRÉE;38.6;Traitée;SAMU
ALT00116;M000176;PAT0019;2024-12-14 16:22:00;Hypertension modérée;MODÉRÉE;143;En cours;Médecin
ALT00117;M000177;PAT0034;2024-01-29 03:33:00;Douleur intense;MODÉRÉE;36.1;Traitée;Médecin
ALT00118;M000180;PAT0011;2024-01-15 02:02:00;Fièvre élevée;CRITIQUE;39.3;Traitée;Infirmier
ALT00119;M000181;PAT0107;2024-01-16 15:56:00;Hypoxémie;CRITIQUE;38;Traitée;SAMU
ALT00120;M000182;PAT0104;2024-02-07 22:03:00;Hypertension critique;CRITIQUE;168;Traitée;Médecin
ALT00121;M000183;PAT0081;2024-06-12 23:55:00;Hyperglycémie;CRITIQUE;36.9;Traitée;Médecin
ALT00122;M000184;PAT0082;2024-03-03 08:28:00;Hypertension modérée;MODÉRÉE;150;En cours;Infirmier
ALT00123;M000186;PAT0120;2024-06-06 15:01:00;Hypertension critique;CRITIQUE;169;Traitée;Famille
ALT00124;M000187;PAT0091;2024-05-24 15:38:00;Fièvre élevée;CRITIQUE;39;En cours;Famille
ALT00125;M000188;PAT0111;2024-05-15 23:23:00;Fièvre élevée;MODÉRÉE;38.6;En cours;Infirmier
ALT00126;M000190;PAT0031;2024-02-19 12:23:00;Fièvre élevée;MODÉRÉE;38.7;Traitée;Médecin
ALT00127;M000192;PAT0156;2024-03-12 10:59:00;Hypertension modérée;MODÉRÉE;140;Traitée;Infirmier
ALT00128;M000193;PAT0152;2024-09-17 17:31:00;Hypertension critique;CRITIQUE;175;En cours;Infirmier
ALT00129;M000194;PAT0029;2024-10-25 09:50:00;Fièvre élevée;CRITIQUE;39.1;Ignorée;Médecin
ALT00130;M000197;PAT0108;2024-12-19 06:26:00;Hypertension modérée;MODÉRÉE;142;En cours;Infirmier
ALT00131;M000199;PAT0118;2024-06-24 17:22:00;Hypoxémie;CRITIQUE;38.2;En cours;Infirmier
ALT00132;M000202;PAT0147;2024-07-13 12:52:00;Hypoxémie;CRITIQUE;36.9;Traitée;Médecin
ALT00133;M000203;PAT0021;2024-08-14 20:16:00;Fièvre élevée;MODÉRÉE;38.5;Ignorée;Médecin
ALT00134;M000204;PAT0179;2024-02-25 19:47:00;Hypertension modérée;MODÉRÉE;150;Traitée;Infirmier
ALT00135;M000206;PAT0105;2024-08-31 15:41:00;Hypertension critique;CRITIQUE;164;Traitée;Famille
ALT00136;M000207;PAT0023;2024-04-28 17:47:00;Hyperglycémie;CRITIQUE;38.4;En cours;SAMU
ALT00137;M000208;PAT0010;2024-07-22 15:11:00;Fièvre élevée;CRITIQUE;39.2;Traitée;Infirmier
ALT00138;M000209;PAT0077;2024-02-24 10:18:00;Douleur intense;MODÉRÉE;37.3;En cours;SAMU
ALT00139;M000211;PAT0087;2024-10-17 21:48:00;Hyperglycémie;CRITIQUE;36.3;Ignorée;Famille
ALT00140;M000212;PAT0132;2024-07-24 21:06:00;Douleur intense;MODÉRÉE;36.2;Traitée;Médecin
ALT00141;M000214;PAT0016;2024-08-26 09:10:00;Douleur intense;MODÉRÉE;37.1;En cours;Famille
ALT00142;M000215;PAT0177;2024-05-31 11:39:00;Douleur intense;MODÉRÉE;36.4;En cours;Médecin
ALT00143;M000216;PAT0096;2024-10-08 15:48:00;Hypertension modérée;MODÉRÉE;156;En cours;Médecin
ALT00144;M000218;PAT0130;2024-10-01 04:10:00;Douleur intense;MODÉRÉE;36.8;Traitée;Médecin
ALT00145;M000221;PAT0109;2024-02-02 17:03:00;Fièvre élevée;CRITIQUE;39.2;Ignorée;Médecin
ALT00146;M000222;PAT0047;2024-11-24 23:41:00;Fièvre élevée;CRITIQUE;39.4;Traitée;Médecin
ALT00147;M000223;PAT0097;2024-12-04 17:08:00;Hypertension modérée;MODÉRÉE;153;En cours;Infirmier
ALT00148;M000224;PAT0033;2024-04-24 00:48:00;Hypertension critique;CRITIQUE;165;Ignorée;Médecin
ALT00149;M000226;PAT0170;2024-01-09 07:13:00;Hypertension modérée;MODÉRÉE;151;Traitée;Famille
ALT00150;M000228;PAT0060;2024-10-21 10:36:00;Hyperglycémie;CRITIQUE;37.9;Traitée;Médecin
ALT00151;M000229;PAT0170;2024-07-30 09:17:00;Hypertension critique;CRITIQUE;179;Traitée;Infirmier
ALT00152;M000230;PAT0174;2024-09-10 01:22:00;Fièvre élevée;CRITIQUE;39.3;Traitée;Médecin
ALT00153;M000231;PAT0105;2024-07-11 05:48:00;Hypertension critique;CRITIQUE;160;En cours;Infirmier
ALT00154;M000235;PAT0004;2024-04-07 23:07:00;Fièvre élevée;MODÉRÉE;38.5;Traitée;Médecin
ALT00155;M000236;PAT0053;2024-05-02 17:20:00;Fièvre élevée;MODÉRÉE;38.6;En cours;Médecin
ALT00156;M000237;PAT0093;2024-09-11 14:06:00;Fièvre élevée;MODÉRÉE;38.7;En cours;Infirmier
ALT00157;M000238;PAT0095;2024-01-24 18:55:00;Douleur intense;MODÉRÉE;36.4;Traitée;SAMU
ALT00158;M000240;PAT0087;2024-09-07 23:41:00;Fièvre élevée;MODÉRÉE;38.5;Traitée;Médecin
ALT00159;M000241;PAT0185;2024-04-04 17:41:00;Fièvre élevée;CRITIQUE;39.3;En cours;Infirmier
ALT00160;M000243;PAT0096;2024-11-22 21:59:00;Hypertension modérée;MODÉRÉE;140;Traitée;Médecin
ALT00161;M000245;PAT0046;2024-02-19 16:09:00;Douleur intense;MODÉRÉE;36.5;Traitée;Médecin
ALT00162;M000247;PAT0168;2024-11-28 01:05:00;Douleur intense;MODÉRÉE;37.1;En cours;Infirmier
ALT00163;M000248;PAT0044;2024-08-10 20:50:00;Hypoxémie;CRITIQUE;36.8;Traitée;Médecin
ALT00164;M000250;PAT0145;2024-04-01 10:01:00;Fièvre élevée;CRITIQUE;39.3;Traitée;Médecin
ALT00165;M000251;PAT0020;2024-10-15 07:36:00;Fièvre élevée;MODÉRÉE;38.8;Traitée;Médecin
ALT00166;M000253;PAT0088;2024-11-10 19:25:00;Fièvre élevée;CRITIQUE;39.4;Traitée;Infirmier
ALT00167;M000255;PAT0064;2024-02-12 08:09:00;Hypertension modérée;MODÉRÉE;142;En cours;Médecin
ALT00168;M000256;PAT0028;2024-06-06 14:23:00;Fièvre élevée;MODÉRÉE;38.5;Ignorée;Famille
ALT00169;M000258;PAT0004;2024-07-17 02:46:00;Fièvre élevée;CRITIQUE;39.1;Ignorée;Famille
ALT00170;M000259;PAT0176;2024-03-12 08:19:00;Douleur intense;MODÉRÉE;36.6;En cours;Infirmier
ALT00171;M000260;PAT0124;2024-07-03 08:15:00;Hyperglycémie;CRITIQUE;38.4;Traitée;Famille
ALT00172;M000261;PAT0078;2024-07-21 10:53:00;Douleur intense;MODÉRÉE;38;En cours;Infirmier
ALT00173;M000263;PAT0189;2024-09-08 18:50:00;Hypertension modérée;MODÉRÉE;140;En cours;Infirmier
ALT00174;M000264;PAT0145;2024-10-06 05:43:00;Fièvre élevée;MODÉRÉE;38.6;Traitée;Médecin
ALT00175;M000265;PAT0113;2024-12-20 02:52:00;Fièvre élevée;MODÉRÉE;38.9;En cours;Famille
ALT00176;M000266;PAT0062;2024-03-19 22:27:00;Fièvre élevée;MODÉRÉE;38.7;En cours;Famille
ALT00177;M000268;PAT0164;2024-02-25 07:42:00;Hypertension modérée;MODÉRÉE;146;Traitée;SAMU
ALT00178;M000269;PAT0174;2024-06-18 13:06:00;Tachycardie;MODÉRÉE;35.5;Traitée;Famille
ALT00179;M000271;PAT0124;2024-07-31 02:07:00;Fièvre élevée;MODÉRÉE;38.8;Traitée;Infirmier
ALT00180;M000273;PAT0030;2024-06-24 20:06:00;Hypertension modérée;MODÉRÉE;153;En cours;Infirmier
ALT00181;M000274;PAT0142;2024-10-13 13:29:00;Hypertension modérée;MODÉRÉE;153;Traitée;Infirmier
ALT00182;M000276;PAT0181;2024-02-02 18:06:00;Fièvre élevée;MODÉRÉE;38.7;Traitée;Médecin
ALT00183;M000280;PAT0048;2024-10-02 22:58:00;Douleur intense;MODÉRÉE;38.1;En cours;Médecin
ALT00184;M000281;PAT0048;2024-08-18 19:03:00;Fièvre élevée;CRITIQUE;39;En cours;Médecin
ALT00185;M000285;PAT0194;2024-08-13 17:13:00;Fièvre élevée;CRITIQUE;39.5;Traitée;Infirmier
ALT00186;M000286;PAT0009;2024-06-27 02:28:00;Fièvre élevée;CRITIQUE;39;Traitée;Infirmier
ALT00187;M000287;PAT0151;2024-12-29 19:40:00;Hyperglycémie;CRITIQUE;37.2;En cours;SAMU
ALT00188;M000288;PAT0146;2024-05-23 19:34:00;Hypertension critique;CRITIQUE;167;En cours;Famille
ALT00189;M000289;PAT0174;2024-03-10 13:58:00;Hypertension modérée;MODÉRÉE;140;Traitée;Médecin
ALT00190;M000290;PAT0064;2024-06-13 07:48:00;Fièvre élevée;MODÉRÉE;38.9;Traitée;Médecin
ALT00191;M000291;PAT0107;2024-02-08 20:50:00;Fièvre élevée;CRITIQUE;39;En cours;Médecin
ALT00192;M000292;PAT0117;2024-06-16 18:00:00;Fièvre élevée;CRITIQUE;39;Traitée;Médecin
ALT00193;M000295;PAT0161;2024-08-23 00:07:00;Fièvre élevée;CRITIQUE;39.2;Traitée;Médecin
ALT00194;M000296;PAT0052;2024-03-08 20:19:00;Douleur intense;MODÉRÉE;36.1;En cours;Infirmier
ALT00195;M000297;PAT0022;2024-11-28 05:03:00;Hypertension modérée;MODÉRÉE;145;En cours;Infirmier
ALT00196;M000298;PAT0024;2024-01-01 06:30:00;Hyperglycémie;CRITIQUE;35.8;En cours;Famille
ALT00197;M000299;PAT0179;2024-03-02 13:44:00;Hypertension critique;CRITIQUE;172;En cours;Infirmier
ALT00198;M000300;PAT0027;2024-06-02 04:24:00;Fièvre élevée;MODÉRÉE;38.6;Traitée;SAMU
ALT00199;M000302;PAT0158;2024-04-21 02:57:00;Hypertension modérée;MODÉRÉE;152;Traitée;Médecin
ALT00200;M000303;PAT0081;2024-05-06 08:41:00;Hyperglycémie;CRITIQUE;35.8;Traitée;Infirmier
ALT00201;M000306;PAT0082;2024-10-18 13:23:00;Hypertension critique;CRITIQUE;171;Traitée;Famille
ALT00202;M000307;PAT0005;2024-01-08 08:13:00;Hypoxémie;CRITIQUE;35.7;Traitée;Infirmier
ALT00203;M000310;PAT0017;2024-08-11 23:54:00;Douleur intense;MODÉRÉE;36.5;Traitée;Infirmier
ALT00204;M000311;PAT0156;2024-12-07 23:42:00;Fièvre élevée;MODÉRÉE;38.5;Traitée;Médecin
ALT00205;M000312;PAT0128;2024-09-24 16:50:00;Fièvre élevée;MODÉRÉE;38.8;Traitée;Famille
ALT00206;M000313;PAT0188;2024-01-16 10:51:00;Tachycardie;MODÉRÉE;37.2;Traitée;Infirmier
ALT00207;M000314;PAT0020;2024-09-18 11:03:00;Douleur intense;MODÉRÉE;37.5;Traitée;Infirmier
ALT00208;M000315;PAT0147;2024-02-29 07:47:00;Tachycardie;MODÉRÉE;37.5;Traitée;Médecin
ALT00209;M000316;PAT0094;2024-03-17 05:59:00;Fièvre élevée;CRITIQUE;39.3;En cours;Infirmier
ALT00210;M000320;PAT0160;2024-07-07 18:31:00;Fièvre élevée;CRITIQUE;39.5;En cours;Infirmier
ALT00211;M000322;PAT0001;2024-07-11 23:46:00;Hyperglycémie;CRITIQUE;36.7;En cours;Infirmier
ALT00212;M000323;PAT0037;2024-02-17 01:58:00;Douleur intense;MODÉRÉE;36.4;Traitée;Famille
ALT00213;M000325;PAT0034;2024-05-13 10:59:00;Fièvre élevée;MODÉRÉE;38.7;Traitée;Médecin
ALT00214;M000326;PAT0060;2024-04-13 04:49:00;Fièvre élevée;MODÉRÉE;38.6;Traitée;Famille
ALT00215;M000327;PAT0105;2024-07-02 06:28:00;Hypertension critique;CRITIQUE;165;En cours;Famille
ALT00216;M000328;PAT0078;2024-12-22 19:02:00;Hyperglycémie;CRITIQUE;36.4;Ignorée;Médecin
ALT00217;M000329;PAT0102;2024-12-12 09:16:00;Fièvre élevée;MODÉRÉE;38.8;Traitée;Infirmier
ALT00218;M000330;PAT0192;2024-02-18 14:06:00;Fièvre élevée;MODÉRÉE;38.7;Ignorée;Médecin
ALT00219;M000331;PAT0034;2024-07-24 11:43:00;Douleur intense;MODÉRÉE;38;Ignorée;Médecin
ALT00220;M000332;PAT0006;2024-04-11 20:28:00;Fièvre élevée;MODÉRÉE;38.7;En cours;Infirmier
ALT00221;M000335;PAT0166;2024-07-29 17:30:00;Hypertension modérée;MODÉRÉE;150;En cours;Médecin
ALT00222;M000336;PAT0064;2024-10-05 00:24:00;Fièvre élevée;MODÉRÉE;38.6;Traitée;Médecin
ALT00223;M000337;PAT0129;2024-05-18 05:01:00;Hypertension critique;CRITIQUE;163;Traitée;Infirmier
ALT00224;M000339;PAT0015;2024-04-22 18:54:00;Fièvre élevée;CRITIQUE;39.4;Ignorée;Infirmier
ALT00225;M000342;PAT0006;2024-01-01 10:58:00;Hypertension critique;CRITIQUE;165;Traitée;Médecin
ALT00226;M000343;PAT0016;2024-10-27 22:58:00;Douleur intense;MODÉRÉE;36.1;Traitée;Famille
ALT00227;M000344;PAT0096;2024-12-05 12:37:00;Hypertension modérée;MODÉRÉE;156;En cours;SAMU
ALT00228;M000345;PAT0164;2024-11-28 10:11:00;Hypertension critique;CRITIQUE;163;Traitée;Médecin
ALT00229;M000347;PAT0147;2024-10-17 01:11:00;Hypoxémie;CRITIQUE;37.9;Traitée;Infirmier
ALT00230;M000348;PAT0027;2024-03-13 10:47:00;Hyperglycémie;CRITIQUE;35.8;Ignorée;Médecin
ALT00231;M000349;PAT0182;2024-06-20 14:00:00;Hypertension critique;CRITIQUE;178;Traitée;Famille
ALT00232;M000351;PAT0140;2024-09-02 18:41:00;Fièvre élevée;MODÉRÉE;38.5;En cours;Médecin
ALT00233;M000353;PAT0087;2024-11-10 15:45:00;Hyperglycémie;CRITIQUE;35.6;En cours;Médecin
ALT00234;M000354;PAT0014;2024-04-15 06:26:00;Douleur intense;MODÉRÉE;38.3;Ignorée;Médecin
ALT00235;M000356;PAT0076;2024-11-16 19:30:00;Douleur intense;MODÉRÉE;36.3;Traitée;Médecin
ALT00236;M000358;PAT0095;2024-07-08 05:28:00;Douleur intense;MODÉRÉE;35.7;Traitée;Infirmier
ALT00237;M000359;PAT0016;2024-12-22 21:06:00;Douleur intense;MODÉRÉE;35.8;En cours;Infirmier
ALT00238;M000360;PAT0059;2024-07-17 16:26:00;Fièvre élevée;CRITIQUE;39.4;En cours;Médecin
ALT00239;M000362;PAT0038;2024-08-17 05:10:00;Fièvre élevée;CRITIQUE;39.4;Traitée;SAMU
ALT00240;M000364;PAT0100;2024-10-09 10:54:00;Hypoxémie;CRITIQUE;36.6;En cours;Médecin
ALT00241;M000366;PAT0028;2024-02-21 09:55:00;Douleur intense;MODÉRÉE;37.6;Traitée;Infirmier
ALT00242;M000367;PAT0147;2024-01-20 05:17:00;Hypoxémie;CRITIQUE;37.1;Traitée;Infirmier
ALT00243;M000368;PAT0085;2024-01-26 23:30:00;Fièvre élevée;CRITIQUE;39.2;Traitée;Médecin
ALT00244;M000369;PAT0080;2024-09-08 22:43:00;Hypertension modérée;MODÉRÉE;144;Traitée;Famille
ALT00245;M000374;PAT0175;2024-07-09 15:38:00;Hypertension modérée;MODÉRÉE;148;Traitée;Médecin
ALT00246;M000375;PAT0042;2024-05-12 23:53:00;Hypertension modérée;MODÉRÉE;143;En cours;Famille
ALT00247;M000377;PAT0197;2024-08-30 04:41:00;Hypoxémie;CRITIQUE;36.2;Traitée;Famille
ALT00248;M000378;PAT0183;2024-11-25 08:27:00;Fièvre élevée;CRITIQUE;39.1;En cours;Médecin
ALT00249;M000379;PAT0174;2024-11-15 12:37:00;Hypoxémie;CRITIQUE;35.9;Traitée;Famille
ALT00250;M000380;PAT0144;2024-11-07 09:19:00;Hyperglycémie;CRITIQUE;38.2;Traitée;Infirmier
ALT00251;M000381;PAT0071;2024-12-30 20:19:00;Douleur intense;MODÉRÉE;36.3;En cours;Infirmier
ALT00252;M000382;PAT0104;2024-12-14 04:46:00;Hypertension critique;CRITIQUE;170;En cours;Infirmier
ALT00253;M000383;PAT0100;2024-10-25 22:36:00;Fièvre élevée;MODÉRÉE;38.8;Traitée;Infirmier
ALT00254;M000385;PAT0025;2024-05-12 23:51:00;Hypertension critique;CRITIQUE;161;Traitée;Famille
ALT00255;M000388;PAT0129;2024-12-14 12:33:00;Hypertension modérée;MODÉRÉE;152;En cours;Infirmier
ALT00256;M000389;PAT0088;2024-10-18 14:09:00;Hypertension modérée;MODÉRÉE;157;Ignorée;Médecin
ALT00257;M000393;PAT0188;2024-12-21 11:19:00;Tachycardie;MODÉRÉE;36;Traitée;Médecin
ALT00258;M000395;PAT0126;2024-04-06 05:58:00;Fièvre élevée;CRITIQUE;39.2;Traitée;Infirmier
ALT00259;M000396;PAT0055;2024-10-28 16:10:00;Douleur intense;MODÉRÉE;36;Traitée;Médecin
ALT00260;M000397;PAT0066;2024-11-15 01:38:00;Fièvre élevée;CRITIQUE;39.5;Traitée;Infirmier
ALT00261;M000398;PAT0030;2024-07-13 03:35:00;Hypertension modérée;MODÉRÉE;140;En cours;Famille
ALT00262;M000400;PAT0131;2024-03-01 09:07:00;Fièvre élevée;MODÉRÉE;38.6;Traitée;Infirmier
ALT00263;M000403;PAT0131;2024-02-21 08:41:00;Douleur intense;MODÉRÉE;36.4;Traitée;Médecin
ALT00264;M000405;PAT0003;2024-12-05 20:10:00;Hyperglycémie;CRITIQUE;36.8;En cours;Infirmier
ALT00265;M000407;PAT0108;2024-03-26 03:08:00;Douleur intense;MODÉRÉE;38.3;Traitée;Infirmier
ALT00266;M000408;PAT0152;2024-10-18 21:28:00;Hypertension critique;CRITIQUE;175;Traitée;Médecin
ALT00267;M000410;PAT0081;2024-12-13 16:49:00;Fièvre élevée;MODÉRÉE;38.5;Traitée;Médecin
ALT00268;M000412;PAT0099;2024-10-12 19:03:00;Hypoxémie;CRITIQUE;35.5;Ignorée;Infirmier
ALT00269;M000414;PAT0104;2024-02-10 14:28:00;Fièvre élevée;MODÉRÉE;38.7;En cours;Famille
ALT00270;M000415;PAT0128;2024-01-10 03:25:00;Hypoxémie;CRITIQUE;37.1;En cours;Infirmier
ALT00271;M000418;PAT0057;2024-06-30 20:51:00;Douleur intense;MODÉRÉE;36.7;Traitée;Infirmier
ALT00272;M000419;PAT0127;2024-07-28 03:16:00;Douleur intense;MODÉRÉE;37.9;Traitée;Médecin
ALT00273;M000420;PAT0049;2024-02-25 13:02:00;Fièvre élevée;CRITIQUE;39.2;Traitée;Famille
ALT00274;M000421;PAT0118;2024-09-15 04:31:00;Tachycardie;MODÉRÉE;35.5;Ignorée;Médecin
ALT00275;M000422;PAT0124;2024-03-31 22:37:00;Hyperglycémie;CRITIQUE;36.2;Traitée;Famille
ALT00276;M000423;PAT0083;2024-07-15 13:38:00;Fièvre élevée;CRITIQUE;39.2;Traitée;Médecin
ALT00277;M000424;PAT0116;2024-03-11 13:38:00;Hypertension modérée;MODÉRÉE;140;Traitée;Famille
ALT00278;M000427;PAT0123;2024-12-07 22:26:00;Hyperglycémie;CRITIQUE;38.2;Traitée;Médecin
ALT00279;M000429;PAT0175;2024-02-01 22:50:00;Hypertension modérée;MODÉRÉE;149;Traitée;Famille
ALT00280;M000430;PAT0158;2024-10-14 07:47:00;Douleur intense;MODÉRÉE;38.1;Ignorée;Infirmier
ALT00281;M000432;PAT0004;2024-04-13 19:55:00;Fièvre élevée;MODÉRÉE;38.6;Ignorée;Médecin
ALT00282;M000433;PAT0182;2024-10-28 17:47:00;Hypertension modérée;MODÉRÉE;143;Traitée;SAMU
ALT00283;M000434;PAT0175;2024-03-29 23:32:00;Hypertension critique;CRITIQUE;176;Traitée;Médecin
ALT00284;M000435;PAT0150;2024-01-03 10:29:00;Douleur intense;MODÉRÉE;38.3;Traitée;Famille
ALT00285;M000436;PAT0199;2024-11-11 21:19:00;Douleur intense;MODÉRÉE;37.5;En cours;Famille
ALT00286;M000437;PAT0135;2024-04-04 16:04:00;Fièvre élevée;MODÉRÉE;38.6;Traitée;Famille
ALT00287;M000439;PAT0193;2024-01-05 03:42:00;Hypoxémie;CRITIQUE;36.9;Traitée;Infirmier
ALT00288;M000440;PAT0011;2024-06-13 12:58:00;Fièvre élevée;MODÉRÉE;38.7;En cours;Infirmier
ALT00289;M000441;PAT0133;2024-07-10 16:51:00;Douleur intense;MODÉRÉE;37.5;Traitée;Médecin
ALT00290;M000442;PAT0132;2024-02-19 05:49:00;Hypertension modérée;MODÉRÉE;142;En cours;Médecin
ALT00291;M000444;PAT0019;2024-03-19 00:29:00;Hypertension critique;CRITIQUE;170;Traitée;Médecin
ALT00292;M000448;PAT0008;2024-09-30 07:08:00;Fièvre élevée;MODÉRÉE;38.5;Traitée;Famille
ALT00293;M000450;PAT0101;2024-02-13 09:13:00;Fièvre élevée;MODÉRÉE;38.5;Traitée;Médecin
ALT00294;M000451;PAT0132;2024-04-04 07:39:00;Fièvre élevée;MODÉRÉE;38.8;En cours;Famille
ALT00295;M000453;PAT0149;2024-06-18 11:08:00;Hypertension modérée;MODÉRÉE;140;Traitée;Médecin
ALT00296;M000454;PAT0082;2024-06-17 19:42:00;Hypertension critique;CRITIQUE;164;Ignorée;Médecin
ALT00297;M000457;PAT0021;2024-03-12 17:12:00;Hypertension modérée;MODÉRÉE;142;Ignorée;Médecin
ALT00298;M000458;PAT0130;2024-10-24 18:25:00;Fièvre élevée;MODÉRÉE;38.6;Traitée;Médecin
ALT00299;M000459;PAT0121;2024-03-17 11:25:00;Hyperglycémie;CRITIQUE;36.4;Traitée;Famille
ALT00300;M000460;PAT0129;2024-07-22 11:32:00;Hypertension modérée;MODÉRÉE;153;Ignorée;SAMU
ALT00301;M000461;PAT0043;2024-03-12 14:10:00;Hyperglycémie;CRITIQUE;36.2;En cours;Famille
ALT00302;M000462;PAT0188;2024-07-02 01:14:00;Fièvre élevée;MODÉRÉE;38.5;En cours;Famille
ALT00303;M000463;PAT0053;2024-07-03 12:30:00;Fièvre élevée;CRITIQUE;39.2;Traitée;Médecin
ALT00304;M000464;PAT0181;2024-11-20 08:53:00;Fièvre élevée;MODÉRÉE;38.5;En cours;Famille
ALT00305;M000465;PAT0094;2024-02-09 16:16:00;Hypoxémie;CRITIQUE;37;En cours;Famille
ALT00306;M000466;PAT0125;2024-11-05 00:32:00;Fièvre élevée;CRITIQUE;39;Traitée;Famille
ALT00307;M000468;PAT0030;2024-09-02 15:13:00;Hypertension critique;CRITIQUE;164;Ignorée;Médecin
ALT00308;M000470;PAT0133;2024-11-02 18:40:00;Hypertension modérée;MODÉRÉE;144;Ignorée;Infirmier
ALT00309;M000471;PAT0056;2024-08-29 15:10:00;Hypertension modérée;MODÉRÉE;141;En cours;Famille
ALT00310;M000473;PAT0097;2024-02-25 00:12:00;Hypertension modérée;MODÉRÉE;143;Traitée;Infirmier
ALT00311;M000474;PAT0025;2024-11-10 19:02:00;Fièvre élevée;CRITIQUE;39;Traitée;Médecin
ALT00312;M000475;PAT0034;2024-10-03 00:57:00;Fièvre élevée;CRITIQUE;39.3;Traitée;Médecin
ALT00313;M000476;PAT0179;2024-04-27 15:50:00;Fièvre élevée;MODÉRÉE;38.6;Ignorée;Médecin
ALT00314;M000477;PAT0148;2024-03-09 08:30:00;Fièvre élevée;MODÉRÉE;38.6;Traitée;SAMU
ALT00315;M000478;PAT0105;2024-01-03 22:47:00;Fièvre élevée;MODÉRÉE;38.7;Ignorée;Famille
ALT00316;M000479;PAT0053;2024-06-10 13:23:00;Hypertension modérée;MODÉRÉE;146;Traitée;Médecin
ALT00317;M000483;PAT0179;2024-01-27 05:24:00;Fièvre élevée;CRITIQUE;39.4;Traitée;Médecin
ALT00318;M000485;PAT0168;2024-12-30 19:03:00;Fièvre élevée;CRITIQUE;39.3;En cours;Médecin
ALT00319;M000487;PAT0173;2024-05-02 20:00:00;Fièvre élevée;CRITIQUE;39.4;En cours;Médecin
ALT00320;M000489;PAT0150;2024-05-21 07:38:00;Fièvre élevée;CRITIQUE;39.4;Traitée;Infirmier
ALT00321;M000490;PAT0105;2024-10-13 02:32:00;Hypertension critique;CRITIQUE;172;En cours;Médecin
ALT00322;M000491;PAT0148;2024-08-14 12:36:00;Hypertension modérée;MODÉRÉE;149;Traitée;Médecin
ALT00323;M000492;PAT0118;2024-01-15 15:07:00;Tachycardie;MODÉRÉE;36.5;Traitée;Infirmier
ALT00324;M000493;PAT0059;2024-07-30 11:33:00;Hypertension modérée;MODÉRÉE;142;Traitée;Médecin
ALT00325;M000494;PAT0173;2024-06-24 02:35:00;Fièvre élevée;CRITIQUE;39.2;En cours;Infirmier
ALT00326;M000495;PAT0047;2024-12-15 06:31:00;Hypertension critique;CRITIQUE;176;Traitée;Médecin
ALT00327;M000496;PAT0052;2024-11-12 11:09:00;Fièvre élevée;MODÉRÉE;38.6;Traitée;Infirmier
ALT00328;M000497;PAT0158;2024-10-04 01:54:00;Hypertension modérée;MODÉRÉE;159;En cours;Infirmier
ALT00329;M000499;PAT0139;2024-06-26 12:55:00;Hypertension modérée;MODÉRÉE;148;Traitée;Infirmier
ALT00330;M000500;PAT0081;2024-01-07 21:13:00;Hyperglycémie;CRITIQUE;37;Traitée;Infirmier
ALT00331;M000502;PAT0096;2024-07-24 08:28:00;Hypertension critique;CRITIQUE;177;En cours;Médecin
ALT00332;M000503;PAT0185;2024-04-30 17:27:00;Fièvre élevée;MODÉRÉE;38.9;Traitée;Famille
ALT00333;M000504;PAT0003;2024-09-12 04:57:00;Fièvre élevée;MODÉRÉE;38.9;Traitée;Médecin
ALT00334;M000505;PAT0065;2024-10-17 01:25:00;Hypertension critique;CRITIQUE;165;En cours;Infirmier
ALT00335;M000506;PAT0025;2024-06-20 08:23:00;Hypertension modérée;MODÉRÉE;146;En cours;Médecin
ALT00336;M000507;PAT0032;2024-12-13 19:12:00;Hypertension modérée;MODÉRÉE;143;Traitée;Médecin
ALT00337;M000510;PAT0088;2024-06-11 20:18:00;Hypertension modérée;MODÉRÉE;142;Traitée;Médecin
ALT00338;M000511;PAT0093;2024-09-23 14:26:00;Hyperglycémie;CRITIQUE;36.2;En cours;Médecin
ALT00339;M000514;PAT0059;2024-05-25 14:40:00;Douleur intense;MODÉRÉE;36;Traitée;Infirmier
ALT00340;M000516;PAT0152;2024-11-19 23:40:00;Fièvre élevée;CRITIQUE;39;Ignorée;Famille
ALT00341;M000517;PAT0124;2024-02-15 14:19:00;Douleur intense;MODÉRÉE;37;Ignorée;Infirmier
ALT00342;M000518;PAT0035;2024-08-28 17:00:00;Hypertension modérée;MODÉRÉE;143;Traitée;Médecin
ALT00343;M000520;PAT0064;2024-11-26 12:53:00;Douleur intense;MODÉRÉE;37;En cours;Médecin
ALT00344;M000521;PAT0157;2024-12-16 08:18:00;Douleur intense;MODÉRÉE;38.1;Traitée;Médecin
ALT00345;M000522;PAT0047;2024-02-26 20:29:00;Hypertension critique;CRITIQUE;172;Traitée;Médecin
ALT00346;M000523;PAT0039;2024-09-30 00:11:00;Fièvre élevée;CRITIQUE;39.4;Traitée;Infirmier
ALT00347;M000525;PAT0179;2024-06-18 02:53:00;Fièvre élevée;MODÉRÉE;38.5;Traitée;Infirmier
ALT00348;M000528;PAT0175;2024-06-14 05:40:00;Hypertension modérée;MODÉRÉE;142;En cours;Médecin
ALT00349;M000529;PAT0164;2024-07-03 01:55:00;Hypertension critique;CRITIQUE;160;En cours;Médecin
ALT00350;M000530;PAT0043;2024-10-26 03:25:00;Fièvre élevée;MODÉRÉE;38.7;Traitée;Infirmier
ALT00351;M000532;PAT0161;2024-07-01 20:09:00;Douleur intense;MODÉRÉE;38.3;Ignorée;Infirmier
ALT00352;M000533;PAT0166;2024-08-12 23:12:00;Hypertension modérée;MODÉRÉE;157;Traitée;Infirmier
ALT00353;M000534;PAT0125;2024-10-13 09:34:00;Hyperglycémie;CRITIQUE;38.3;Traitée;Infirmier
ALT00354;M000535;PAT0120;2024-11-02 17:10:00;Hypertension modérée;MODÉRÉE;146;Traitée;Infirmier
ALT00355;M000537;PAT0062;2024-02-02 21:34:00;Fièvre élevée;MODÉRÉE;38.8;Traitée;Famille
ALT00356;M000539;PAT0046;2024-04-13 03:31:00;Hypertension modérée;MODÉRÉE;140;Traitée;Médecin
ALT00357;M000542;PAT0182;2024-11-11 08:33:00;Hypertension modérée;MODÉRÉE;156;En cours;Infirmier
ALT00358;M000543;PAT0025;2024-04-28 17:24:00;Hypertension modérée;MODÉRÉE;151;Traitée;Médecin
ALT00359;M000544;PAT0143;2024-07-31 23:06:00;Fièvre élevée;MODÉRÉE;38.6;En cours;Médecin
ALT00360;M000546;PAT0081;2024-06-15 11:26:00;Fièvre élevée;MODÉRÉE;38.6;Ignorée;Médecin
ALT00361;M000550;PAT0118;2024-03-11 08:23:00;Fièvre élevée;CRITIQUE;39.1;Traitée;SAMU
ALT00362;M000551;PAT0103;2024-04-21 23:04:00;Hypoxémie;CRITIQUE;38.4;Ignorée;Médecin
ALT00363;M000552;PAT0180;2024-02-18 19:41:00;Hypoxémie;CRITIQUE;36.7;En cours;Médecin
ALT00364;M000553;PAT0198;2024-08-10 13:59:00;Fièvre élevée;CRITIQUE;39;En cours;Famille
ALT00365;M000554;PAT0003;2024-11-19 12:03:00;Hypertension modérée;MODÉRÉE;142;Traitée;Médecin
ALT00366;M000555;PAT0179;2024-01-26 21:46:00;Fièvre élevée;CRITIQUE;39.5;Traitée;Médecin
ALT00367;M000557;PAT0022;2024-08-10 22:08:00;Fièvre élevée;MODÉRÉE;38.5;Traitée;Famille
ALT00368;M000558;PAT0051;2024-09-25 07:15:00;Douleur intense;MODÉRÉE;35.8;Traitée;Infirmier
ALT00369;M000559;PAT0029;2024-08-04 11:22:00;Douleur intense;MODÉRÉE;36.3;En cours;Infirmier
ALT00370;M000560;PAT0090;2024-08-14 19:09:00;Hypoxémie;CRITIQUE;37.3;Traitée;Médecin
ALT00371;M000561;PAT0194;2024-02-13 03:47:00;Douleur intense;MODÉRÉE;35.7;Traitée;Médecin
ALT00372;M000563;PAT0134;2024-10-07 15:39:00;Hyperglycémie;CRITIQUE;38.4;En cours;Médecin
ALT00373;M000564;PAT0170;2024-05-10 05:03:00;Hypertension critique;CRITIQUE;179;En cours;Infirmier
ALT00374;M000565;PAT0003;2024-12-04 08:42:00;Fièvre élevée;MODÉRÉE;38.9;En cours;Médecin
ALT00375;M000566;PAT0099;2024-07-13 16:45:00;Hypoxémie;CRITIQUE;35.9;Traitée;Famille
ALT00376;M000568;PAT0101;2024-01-10 11:43:00;Hypertension modérée;MODÉRÉE;142;Traitée;Médecin
ALT00377;M000569;PAT0071;2024-11-16 08:56:00;Hyperglycémie;CRITIQUE;37;En cours;Famille
ALT00378;M000570;PAT0058;2024-07-20 21:08:00;Douleur intense;MODÉRÉE;35.9;Traitée;Infirmier
ALT00379;M000572;PAT0053;2024-10-24 17:43:00;Fièvre élevée;MODÉRÉE;38.7;Traitée;Médecin
ALT00380;M000574;PAT0031;2024-03-15 23:01:00;Fièvre élevée;MODÉRÉE;38.6;En cours;Famille
ALT00381;M000576;PAT0158;2024-10-17 19:14:00;Hypertension critique;CRITIQUE;178;Ignorée;Médecin
ALT00382;M000579;PAT0053;2024-08-12 19:31:00;Hypertension modérée;MODÉRÉE;151;En cours;Infirmier
ALT00383;M000580;PAT0011;2024-07-13 23:20:00;Douleur intense;MODÉRÉE;37.1;Traitée;Infirmier
ALT00384;M000581;PAT0181;2024-09-23 03:28:00;Douleur intense;MODÉRÉE;37.3;Traitée;Médecin
ALT00385;M000582;PAT0102;2024-01-21 17:24:00;Douleur intense;MODÉRÉE;37.6;Traitée;Médecin
ALT00386;M000583;PAT0078;2024-05-26 14:10:00;Hypertension modérée;MODÉRÉE;144;Traitée;Médecin
ALT00387;M000584;PAT0119;2024-08-19 02:46:00;Hypertension modérée;MODÉRÉE;140;Traitée;Médecin
ALT00388;M000587;PAT0116;2024-02-13 16:45:00;Tachycardie;MODÉRÉE;37;En cours;Famille
ALT00389;M000588;PAT0141;2024-03-28 10:36:00;Fièvre élevée;CRITIQUE;39;Traitée;Infirmier
ALT00390;M000589;PAT0183;2024-06-06 09:46:00;Fièvre élevée;MODÉRÉE;38.6;En cours;Infirmier
ALT00391;M000592;PAT0072;2024-10-12 06:03:00;Douleur intense;MODÉRÉE;36.2;Traitée;Infirmier
ALT00392;M000593;PAT0171;2024-11-04 09:21:00;Fièvre élevée;CRITIQUE;39.2;Traitée;Médecin
ALT00393;M000595;PAT0010;2024-06-02 10:23:00;Fièvre élevée;CRITIQUE;39.1;Traitée;Médecin
ALT00394;M000596;PAT0075;2024-03-03 22:55:00;Douleur intense;MODÉRÉE;36.6;Traitée;Infirmier
ALT00395;M000598;PAT0110;2024-06-11 08:33:00;Douleur intense;MODÉRÉE;37.8;En cours;Médecin
ALT00396;M000599;PAT0134;2024-09-11 15:51:00;Hyperglycémie;CRITIQUE;36.2;Ignorée;Infirmier
ALT00397;M000600;PAT0031;2024-11-16 03:47:00;Fièvre élevée;MODÉRÉE;38.9;Traitée;Médecin
ALT00398;M000601;PAT0090;2024-11-22 06:00:00;Tachycardie;MODÉRÉE;38.1;Traitée;Famille
ALT00399;M000603;PAT0050;2024-06-22 21:30:00;Fièvre élevée;CRITIQUE;39.2;Traitée;Infirmier
ALT00400;M000604;PAT0118;2024-10-01 10:29:00;Fièvre élevée;MODÉRÉE;38.6;Traitée;Médecin
ALT00401;M000605;PAT0145;2024-06-10 17:34:00;Hypertension modérée;MODÉRÉE;144;Traitée;Famille
ALT00402;M000606;PAT0017;2024-05-23 00:21:00;Fièvre élevée;CRITIQUE;39.4;Traitée;Médecin
ALT00403;M000607;PAT0048;2024-06-06 22:54:00;Douleur intense;MODÉRÉE;36.8;Traitée;Famille
ALT00404;M000608;PAT0096;2024-06-03 06:33:00;Hypertension critique;CRITIQUE;171;En cours;Médecin
ALT00405;M000610;PAT0084;2024-02-20 16:43:00;Fièvre élevée;CRITIQUE;39.5;Ignorée;Médecin
ALT00406;M000611;PAT0030;2024-01-23 21:54:00;Hypertension modérée;MODÉRÉE;154;Traitée;Médecin
ALT00407;M000612;PAT0197;2024-06-08 00:36:00;Fièvre élevée;MODÉRÉE;38.5;Traitée;Médecin
ALT00408;M000615;PAT0044;2024-11-09 10:34:00;Tachycardie;MODÉRÉE;37.3;En cours;Infirmier
ALT00409;M000616;PAT0099;2024-08-06 12:11:00;Hypoxémie;CRITIQUE;38.3;En cours;Infirmier
ALT00410;M000617;PAT0158;2024-06-19 06:45:00;Fièvre élevée;MODÉRÉE;38.5;En cours;Médecin
ALT00411;M000618;PAT0120;2024-02-17 22:29:00;Hypertension modérée;MODÉRÉE;148;En cours;Infirmier
ALT00412;M000619;PAT0060;2024-03-14 19:16:00;Fièvre élevée;CRITIQUE;39.2;Ignorée;Médecin
ALT00413;M000621;PAT0148;2024-02-22 12:52:00;Hypertension modérée;MODÉRÉE;153;Traitée;Infirmier
ALT00414;M000623;PAT0054;2024-10-29 13:50:00;Fièvre élevée;CRITIQUE;39.4;En cours;Médecin
ALT00415;M000624;PAT0170;2024-12-30 18:53:00;Hypertension modérée;MODÉRÉE;158;Traitée;Médecin
ALT00416;M000626;PAT0166;2024-02-16 06:52:00;Hypertension critique;CRITIQUE;163;Ignorée;Médecin
ALT00417;M000628;PAT0077;2024-12-13 09:58:00;Fièvre élevée;CRITIQUE;39.3;Traitée;Médecin
ALT00418;M000629;PAT0150;2024-09-18 12:54:00;Hypertension modérée;MODÉRÉE;144;Traitée;Médecin
ALT00419;M000630;PAT0001;2024-07-02 03:55:00;Hyperglycémie;CRITIQUE;36.6;En cours;Famille
ALT00420;M000631;PAT0082;2024-07-26 12:27:00;Hypertension critique;CRITIQUE;173;Traitée;Infirmier
ALT00421;M000632;PAT0093;2024-03-19 09:55:00;Hyperglycémie;CRITIQUE;38.2;Traitée;Médecin
ALT00422;M000633;PAT0125;2024-03-10 02:08:00;Hypertension modérée;MODÉRÉE;141;Traitée;Médecin
ALT00423;M000634;PAT0109;2024-08-20 16:27:00;Douleur intense;MODÉRÉE;37.7;En cours;Médecin
ALT00424;M000635;PAT0002;2024-05-01 22:32:00;Douleur intense;MODÉRÉE;36.6;En cours;Infirmier
ALT00425;M000636;PAT0146;2024-07-07 03:37:00;Douleur intense;MODÉRÉE;37.4;En cours;SAMU
ALT00426;M000637;PAT0200;2024-09-21 02:33:00;Fièvre élevée;CRITIQUE;39.1;Ignorée;Infirmier
ALT00427;M000639;PAT0132;2024-10-20 23:21:00;Hyperglycémie;CRITIQUE;37.2;Traitée;Médecin
ALT00428;M000641;PAT0169;2024-11-15 00:18:00;Hypertension modérée;MODÉRÉE;140;En cours;Infirmier
ALT00429;M000642;PAT0034;2024-05-20 08:00:00;Fièvre élevée;MODÉRÉE;38.5;Ignorée;Médecin
ALT00430;M000643;PAT0115;2024-03-30 08:50:00;Hypertension modérée;MODÉRÉE;142;Traitée;Médecin
ALT00431;M000644;PAT0022;2024-10-31 04:53:00;Hypertension critique;CRITIQUE;169;En cours;Médecin
ALT00432;M000645;PAT0186;2024-04-17 18:46:00;Fièvre élevée;MODÉRÉE;38.9;Traitée;Infirmier
ALT00433;M000646;PAT0043;2024-08-31 09:30:00;Fièvre élevée;MODÉRÉE;38.5;Traitée;Infirmier
ALT00434;M000647;PAT0100;2024-03-15 16:55:00;Hypertension modérée;MODÉRÉE;140;Traitée;Médecin
ALT00435;M000648;PAT0136;2024-01-22 03:58:00;Hypoxémie;CRITIQUE;37.6;Traitée;SAMU
ALT00436;M000650;PAT0173;2024-04-09 16:21:00;Douleur intense;MODÉRÉE;38.2;Ignorée;Infirmier
ALT00437;M000651;PAT0018;2024-02-20 16:06:00;Douleur intense;MODÉRÉE;38.2;Traitée;Médecin
ALT00438;M000652;PAT0007;2024-01-30 19:42:00;Fièvre élevée;CRITIQUE;39.1;Ignorée;Médecin
ALT00439;M000653;PAT0023;2024-03-07 12:42:00;Fièvre élevée;MODÉRÉE;38.6;Traitée;Médecin
ALT00440;M000654;PAT0179;2024-05-30 14:42:00;Fièvre élevée;CRITIQUE;39.2;Traitée;Médecin
ALT00441;M000655;PAT0178;2024-06-14 08:10:00;Fièvre élevée;MODÉRÉE;38.6;En cours;Infirmier
ALT00442;M000658;PAT0019;2024-05-08 14:01:00;Fièvre élevée;CRITIQUE;39.1;Traitée;Médecin
ALT00443;M000659;PAT0100;2024-12-24 10:57:00;Hypoxémie;CRITIQUE;37.1;En cours;Médecin
ALT00444;M000663;PAT0099;2024-06-02 22:24:00;Fièvre élevée;CRITIQUE;39.1;Traitée;Infirmier
ALT00445;M000664;PAT0113;2024-03-12 01:12:00;Douleur intense;MODÉRÉE;35.6;Ignorée;Médecin
ALT00446;M000666;PAT0055;2024-12-07 16:29:00;Fièvre élevée;CRITIQUE;39.3;Traitée;Infirmier
ALT00447;M000667;PAT0019;2024-03-13 15:41:00;Hypertension critique;CRITIQUE;162;En cours;Médecin
ALT00448;M000670;PAT0189;2024-06-15 03:43:00;Hyperglycémie;CRITIQUE;37.8;Traitée;Médecin
ALT00449;M000671;PAT0012;2024-06-20 02:07:00;Hyperglycémie;CRITIQUE;36.6;Traitée;Médecin
ALT00450;M000675;PAT0010;2024-09-12 19:05:00;Hyperglycémie;CRITIQUE;38;Ignorée;Médecin
ALT00451;M000680;PAT0185;2024-10-23 10:26:00;Hypertension modérée;MODÉRÉE;144;Ignorée;Médecin
ALT00452;M000681;PAT0059;2024-07-30 06:24:00;Fièvre élevée;CRITIQUE;39.1;Ignorée;Infirmier
ALT00453;M000682;PAT0038;2024-11-08 14:11:00;Hypertension modérée;MODÉRÉE;140;Traitée;Infirmier
ALT00454;M000684;PAT0195;2024-05-31 19:10:00;Fièvre élevée;MODÉRÉE;38.7;Traitée;Médecin
ALT00455;M000685;PAT0059;2024-09-24 15:55:00;Fièvre élevée;CRITIQUE;39.5;Traitée;Infirmier
ALT00456;M000688;PAT0026;2024-05-03 02:35:00;Fièvre élevée;MODÉRÉE;38.5;En cours;Famille
ALT00457;M000690;PAT0007;2024-08-25 04:55:00;Douleur intense;MODÉRÉE;38.3;Traitée;SAMU
ALT00458;M000691;PAT0163;2024-11-17 02:24:00;Fièvre élevée;CRITIQUE;39.1;Ignorée;Médecin
ALT00459;M000692;PAT0179;2024-10-04 18:50:00;Hypertension modérée;MODÉRÉE;149;Traitée;Infirmier
ALT00460;M000693;PAT0132;2024-12-11 11:56:00;Hyperglycémie;CRITIQUE;35.7;Traitée;Médecin
ALT00461;M000695;PAT0167;2024-10-24 22:13:00;Fièvre élevée;MODÉRÉE;38.5;Traitée;Infirmier
ALT00462;M000696;PAT0175;2024-01-28 02:23:00;Hypertension critique;CRITIQUE;173;En cours;Médecin
ALT00463;M000699;PAT0071;2024-03-16 15:09:00;Fièvre élevée;CRITIQUE;39;En cours;Infirmier
ALT00464;M000700;PAT0139;2024-08-30 11:26:00;Hypertension modérée;MODÉRÉE;150;Traitée;Infirmier
ALT00465;M000701;PAT0134;2024-07-29 18:21:00;Hyperglycémie;CRITIQUE;38.1;Traitée;Infirmier
ALT00466;M000702;PAT0141;2024-06-04 18:08:00;Fièvre élevée;CRITIQUE;39.1;Traitée;Médecin
ALT00467;M000704;PAT0074;2024-03-30 22:44:00;Fièvre élevée;CRITIQUE;39.1;Traitée;Médecin
ALT00468;M000705;PAT0148;2024-05-13 11:11:00;Hypertension modérée;MODÉRÉE;158;En cours;Infirmier
ALT00469;M000706;PAT0096;2024-03-24 17:19:00;Hypertension modérée;MODÉRÉE;148;Traitée;Médecin
ALT00470;M000707;PAT0082;2024-10-06 16:21:00;Hypertension modérée;MODÉRÉE;142;En cours;Médecin
ALT00471;M000708;PAT0147;2024-10-16 23:58:00;Fièvre élevée;CRITIQUE;39.2;Traitée;Infirmier
ALT00472;M000710;PAT0156;2024-10-25 16:14:00;Fièvre élevée;MODÉRÉE;38.6;En cours;Famille
ALT00473;M000713;PAT0023;2024-08-15 23:26:00;Fièvre élevée;MODÉRÉE;38.7;En cours;Médecin
ALT00474;M000715;PAT0017;2024-10-29 12:05:00;Douleur intense;MODÉRÉE;35.5;En cours;Médecin
ALT00475;M000716;PAT0182;2024-03-11 06:11:00;Fièvre élevée;MODÉRÉE;38.8;Traitée;Infirmier
ALT00476;M000717;PAT0150;2024-10-13 23:29:00;Douleur intense;MODÉRÉE;36.4;En cours;Médecin
ALT00477;M000719;PAT0031;2024-09-09 02:38:00;Fièvre élevée;MODÉRÉE;38.5;Traitée;Famille
ALT00478;M000723;PAT0193;2024-06-14 10:52:00;Fièvre élevée;MODÉRÉE;38.9;En cours;Infirmier
ALT00479;M000725;PAT0027;2024-09-14 07:53:00;Hypertension modérée;MODÉRÉE;140;Traitée;Famille
ALT00480;M000726;PAT0137;2024-12-25 03:26:00;Hypertension modérée;MODÉRÉE;141;En cours;Infirmier
ALT00481;M000728;PAT0182;2024-03-01 07:08:00;Fièvre élevée;MODÉRÉE;38.9;Traitée;Médecin
ALT00482;M000729;PAT0021;2024-02-27 02:01:00;Fièvre élevée;MODÉRÉE;38.6;Traitée;Médecin
ALT00483;M000730;PAT0132;2024-08-28 03:58:00;Hyperglycémie;CRITIQUE;36.5;Traitée;Infirmier
ALT00484;M000731;PAT0155;2024-04-12 05:42:00;Douleur intense;MODÉRÉE;36.9;Traitée;Famille
ALT00485;M000732;PAT0090;2024-09-13 23:39:00;Tachycardie;MODÉRÉE;36.5;Traitée;Infirmier
ALT00486;M000733;PAT0136;2024-04-08 09:10:00;Fièvre élevée;CRITIQUE;39.1;En cours;Infirmier
ALT00487;M000736;PAT0127;2024-12-26 09:35:00;Hyperglycémie;CRITIQUE;38.4;Traitée;Infirmier
ALT00488;M000737;PAT0154;2024-12-17 14:14:00;Hypertension modérée;MODÉRÉE;143;En cours;SAMU
ALT00489;M000738;PAT0122;2024-07-07 05:00:00;Fièvre élevée;CRITIQUE;39.5;En cours;Famille
ALT00490;M000740;PAT0017;2024-04-11 10:12:00;Douleur intense;MODÉRÉE;37.9;Traitée;Famille
ALT00491;M000741;PAT0128;2024-10-24 18:17:00;Fièvre élevée;MODÉRÉE;38.5;Ignorée;Infirmier
ALT00492;M000743;PAT0161;2024-01-16 03:47:00;Hypertension modérée;MODÉRÉE;144;En cours;Infirmier
ALT00493;M000744;PAT0155;2024-03-19 09:39:00;Douleur intense;MODÉRÉE;38;Traitée;Famille
ALT00494;M000745;PAT0120;2024-12-04 15:31:00;Douleur intense;MODÉRÉE;37.5;Traitée;Infirmier
ALT00495;M000746;PAT0196;2024-08-08 03:24:00;Douleur intense;MODÉRÉE;37.3;En cours;Famille
ALT00496;M000748;PAT0146;2024-12-03 17:43:00;Hypertension critique;CRITIQUE;164;En cours;Médecin
ALT00497;M000749;PAT0101;2024-10-29 12:39:00;Hypertension modérée;MODÉRÉE;141;Traitée;SAMU
ALT00498;M000750;PAT0012;2024-07-06 11:51:00;Fièvre élevée;MODÉRÉE;38.5;Traitée;SAMU
ALT00499;M000752;PAT0177;2024-06-05 03:21:00;Hypertension modérée;MODÉRÉE;144;En cours;Infirmier
ALT00500;M000755;PAT0043;2024-07-05 13:12:00;Hyperglycémie;CRITIQUE;37.5;Traitée;Médecin
ALT00501;M000757;PAT0025;2024-05-19 02:36:00;Fièvre élevée;MODÉRÉE;38.7;En cours;Infirmier
ALT00502;M000762;PAT0082;2024-02-02 20:13:00;Fièvre élevée;MODÉRÉE;38.9;En cours;Famille
ALT00503;M000763;PAT0154;2024-05-02 03:09:00;Douleur intense;MODÉRÉE;36.3;Traitée;Famille
ALT00504;M000765;PAT0046;2024-01-22 23:31:00;Fièvre élevée;MODÉRÉE;38.6;Traitée;Médecin
ALT00505;M000766;PAT0017;2024-07-27 11:42:00;Douleur intense;MODÉRÉE;38.1;Traitée;Famille
ALT00506;M000768;PAT0024;2024-03-03 10:21:00;Fièvre élevée;MODÉRÉE;38.8;Traitée;Médecin
ALT00507;M000770;PAT0180;2024-06-11 17:27:00;Hypoxémie;CRITIQUE;37.4;Traitée;Médecin
ALT00508;M000774;PAT0024;2024-04-30 09:13:00;Fièvre élevée;MODÉRÉE;38.9;Traitée;Médecin
ALT00509;M000776;PAT0184;2024-02-21 05:44:00;Hypertension modérée;MODÉRÉE;140;En cours;Médecin
ALT00510;M000779;PAT0167;2024-10-31 21:26:00;Fièvre élevée;MODÉRÉE;38.7;Traitée;Médecin
ALT00511;M000781;PAT0058;2024-01-12 17:41:00;Hypertension modérée;MODÉRÉE;141;Ignorée;Infirmier
ALT00512;M000782;PAT0180;2024-01-26 12:39:00;Douleur intense;MODÉRÉE;37.2;En cours;Famille
ALT00513;M000783;PAT0031;2024-09-26 13:49:00;Fièvre élevée;CRITIQUE;39.2;En cours;Famille
ALT00514;M000784;PAT0053;2024-05-16 09:47:00;Hypertension modérée;MODÉRÉE;140;Traitée;Infirmier
ALT00515;M000785;PAT0187;2024-08-02 05:26:00;Fièvre élevée;MODÉRÉE;38.7;Traitée;Famille
ALT00516;M000786;PAT0064;2024-12-16 20:29:00;Douleur intense;MODÉRÉE;35.8;Ignorée;SAMU
ALT00517;M000788;PAT0061;2024-06-30 19:42:00;Fièvre élevée;CRITIQUE;39.4;Traitée;Médecin
ALT00518;M000790;PAT0044;2024-06-22 14:08:00;Tachycardie;MODÉRÉE;35.9;Traitée;Médecin
ALT00519;M000791;PAT0012;2024-09-12 08:47:00;Hyperglycémie;CRITIQUE;36.9;Traitée;Médecin
ALT00520;M000792;PAT0068;2024-08-11 05:20:00;Hypertension modérée;MODÉRÉE;141;Ignorée;Infirmier
ALT00521;M000793;PAT0163;2024-01-28 06:09:00;Douleur intense;MODÉRÉE;35.7;En cours;Infirmier
ALT00522;M000796;PAT0170;2024-10-25 00:33:00;Fièvre élevée;MODÉRÉE;38.6;En cours;SAMU
ALT00523;M000797;PAT0174;2024-06-17 00:18:00;Tachycardie;MODÉRÉE;38.2;Traitée;Médecin
ALT00524;M000798;PAT0083;2024-02-11 14:53:00;Hypertension modérée;MODÉRÉE;140;Traitée;SAMU
ALT00525;M000799;PAT0002;2024-01-23 20:39:00;Fièvre élevée;CRITIQUE;39.3;Traitée;Infirmier
ALT00526;M000800;PAT0034;2024-01-25 20:18:00;Hypertension modérée;MODÉRÉE;143;Traitée;Médecin
ALT00527;M000801;PAT0024;2024-04-01 07:49:00;Fièvre élevée;CRITIQUE;39;En cours;Médecin
ALT00528;M000802;PAT0104;2024-11-30 04:07:00;Hypertension critique;CRITIQUE;165;Traitée;Médecin
ALT00529;M000805;PAT0088;2024-12-12 07:41:00;Hypertension modérée;MODÉRÉE;148;Ignorée;Médecin
ALT00530;M000806;PAT0022;2024-08-11 02:58:00;Fièvre élevée;MODÉRÉE;38.7;En cours;Médecin
ALT00531;M000807;PAT0064;2024-05-31 18:03:00;Douleur intense;MODÉRÉE;37.7;En cours;SAMU
ALT00532;M000809;PAT0119;2024-04-03 12:02:00;Douleur intense;MODÉRÉE;35.8;Traitée;Médecin
ALT00533;M000810;PAT0194;2024-11-15 08:21:00;Fièvre élevée;CRITIQUE;39.4;Traitée;Famille
ALT00534;M000811;PAT0155;2024-12-10 03:27:00;Hypertension modérée;MODÉRÉE;141;Traitée;Médecin
ALT00535;M000813;PAT0173;2024-12-11 12:51:00;Hypertension modérée;MODÉRÉE;141;Traitée;Médecin
ALT00536;M000817;PAT0027;2024-08-09 13:54:00;Hyperglycémie;CRITIQUE;37.5;Traitée;Famille
ALT00537;M000820;PAT0127;2024-11-26 11:28:00;Hyperglycémie;CRITIQUE;38.3;En cours;Infirmier
ALT00538;M000822;PAT0034;2024-12-30 12:26:00;Fièvre élevée;MODÉRÉE;38.8;En cours;Infirmier
ALT00539;M000824;PAT0107;2024-09-09 09:15:00;Hypoxémie;CRITIQUE;36.3;En cours;Infirmier
ALT00540;M000825;PAT0174;2024-09-14 01:51:00;Tachycardie;MODÉRÉE;35.8;Traitée;Infirmier
ALT00541;M000826;PAT0125;2024-06-23 11:49:00;Hypertension modérée;MODÉRÉE;143;En cours;Médecin
ALT00542;M000827;PAT0132;2024-02-23 22:03:00;Fièvre élevée;CRITIQUE;39.2;Traitée;Médecin
ALT00543;M000829;PAT0093;2024-05-29 22:28:00;Fièvre élevée;MODÉRÉE;38.5;Traitée;Médecin
ALT00544;M000830;PAT0086;2024-03-03 06:28:00;Fièvre élevée;CRITIQUE;39.4;Traitée;Infirmier
ALT00545;M000831;PAT0088;2024-03-28 02:17:00;Hypertension critique;CRITIQUE;178;En cours;Médecin
ALT00546;M000832;PAT0193;2024-08-03 07:08:00;Fièvre élevée;MODÉRÉE;38.7;Traitée;Infirmier
ALT00547;M000833;PAT0175;2024-01-16 14:09:00;Fièvre élevée;MODÉRÉE;38.6;Traitée;Infirmier
ALT00548;M000836;PAT0191;2024-06-25 00:52:00;Douleur intense;MODÉRÉE;36.6;En cours;Médecin
ALT00549;M000838;PAT0104;2024-06-03 02:02:00;Hypertension modérée;MODÉRÉE;151;En cours;Famille
ALT00550;M000839;PAT0139;2024-02-17 16:35:00;Hypertension modérée;MODÉRÉE;143;En cours;Famille
ALT00551;M000840;PAT0152;2024-06-04 23:27:00;Fièvre élevée;CRITIQUE;39.4;En cours;Infirmier
ALT00552;M000842;PAT0191;2024-10-16 22:57:00;Fièvre élevée;CRITIQUE;39.3;Ignorée;Médecin
ALT00553;M000846;PAT0150;2024-08-04 14:44:00;Fièvre élevée;CRITIQUE;39.2;Traitée;Médecin
ALT00554;M000847;PAT0130;2024-12-30 14:08:00;Fièvre élevée;CRITIQUE;39.4;En cours;Médecin
ALT00555;M000848;PAT0122;2024-03-21 17:23:00;Fièvre élevée;CRITIQUE;39.2;Ignorée;Infirmier
ALT00556;M000849;PAT0147;2024-09-24 04:07:00;Hypertension modérée;MODÉRÉE;140;En cours;Médecin
ALT00557;M000850;PAT0037;2024-08-03 01:59:00;Fièvre élevée;CRITIQUE;39.1;Traitée;Médecin
ALT00558;M000852;PAT0097;2024-11-06 04:48:00;Hypertension critique;CRITIQUE;163;Traitée;Infirmier
ALT00559;M000853;PAT0187;2024-11-15 21:39:00;Douleur intense;MODÉRÉE;37.1;Ignorée;Médecin
ALT00560;M000854;PAT0114;2024-11-26 02:55:00;Hyperglycémie;CRITIQUE;36.2;En cours;Infirmier
ALT00561;M000855;PAT0144;2024-11-25 17:05:00;Hyperglycémie;CRITIQUE;36.3;Traitée;Infirmier
ALT00562;M000857;PAT0053;2024-12-27 18:28:00;Hypertension critique;CRITIQUE;175;Traitée;Famille
ALT00563;M000858;PAT0006;2024-04-02 13:01:00;Fièvre élevée;MODÉRÉE;38.9;En cours;Médecin
ALT00564;M000859;PAT0139;2024-03-14 05:16:00;Fièvre élevée;MODÉRÉE;38.6;En cours;Médecin
ALT00565;M000860;PAT0158;2024-04-02 00:45:00;Hypertension critique;CRITIQUE;174;En cours;Famille
ALT00566;M000861;PAT0067;2024-03-02 01:12:00;Douleur intense;MODÉRÉE;36.5;En cours;Médecin
ALT00567;M000862;PAT0099;2024-05-17 01:20:00;Hypoxémie;CRITIQUE;37.4;Traitée;Infirmier
ALT00568;M000863;PAT0005;2024-10-27 21:06:00;Hypoxémie;CRITIQUE;36.5;Ignorée;SAMU
ALT00569;M000864;PAT0115;2024-11-21 16:13:00;Fièvre élevée;MODÉRÉE;38.6;Traitée;Famille
ALT00570;M000867;PAT0150;2024-05-24 01:10:00;Fièvre élevée;MODÉRÉE;38.5;Ignorée;Médecin
ALT00571;M000869;PAT0163;2024-12-28 14:17:00;Hypertension modérée;MODÉRÉE;140;En cours;Médecin
ALT00572;M000870;PAT0085;2024-12-20 04:41:00;Fièvre élevée;CRITIQUE;39.2;Traitée;Médecin
ALT00573;M000871;PAT0106;2024-12-22 22:31:00;Fièvre élevée;MODÉRÉE;38.5;Traitée;Famille
ALT00574;M000874;PAT0195;2024-12-29 11:12:00;Hypertension modérée;MODÉRÉE;145;Traitée;Médecin
ALT00575;M000875;PAT0127;2024-01-19 08:31:00;Fièvre élevée;CRITIQUE;39.1;Traitée;Infirmier
ALT00576;M000876;PAT0102;2024-05-22 18:32:00;Hypertension modérée;MODÉRÉE;142;Traitée;Infirmier
ALT00577;M000877;PAT0155;2024-02-03 18:08:00;Fièvre élevée;MODÉRÉE;38.5;Traitée;Famille
ALT00578;M000878;PAT0187;2024-04-08 21:01:00;Fièvre élevée;CRITIQUE;39.5;Ignorée;Infirmier
ALT00579;M000879;PAT0117;2024-08-06 20:43:00;Fièvre élevée;CRITIQUE;39.3;En cours;SAMU
ALT00580;M000883;PAT0008;2024-01-13 18:51:00;Hypoxémie;CRITIQUE;38;En cours;Infirmier
ALT00581;M000884;PAT0088;2024-06-19 16:50:00;Hypertension modérée;MODÉRÉE;155;En cours;Médecin
ALT00582;M000885;PAT0161;2024-03-04 02:03:00;Fièvre élevée;CRITIQUE;39.2;Traitée;Famille
ALT00583;M000887;PAT0076;2024-07-24 03:39:00;Fièvre élevée;MODÉRÉE;38.5;Traitée;Famille
ALT00584;M000888;PAT0117;2024-08-07 19:39:00;Hypertension modérée;MODÉRÉE;142;En cours;Infirmier
ALT00585;M000889;PAT0085;2024-02-25 03:00:00;Hypertension modérée;MODÉRÉE;140;En cours;Infirmier
ALT00586;M000890;PAT0033;2024-05-11 11:26:00;Hypertension critique;CRITIQUE;176;En cours;Infirmier
ALT00587;M000891;PAT0016;2024-10-26 13:32:00;Fièvre élevée;CRITIQUE;39.3;Ignorée;Infirmier
ALT00588;M000893;PAT0015;2024-10-13 01:27:00;Hypertension modérée;MODÉRÉE;144;En cours;SAMU
ALT00589;M000894;PAT0088;2024-08-31 22:44:00;Fièvre élevée;CRITIQUE;39.4;Traitée;Famille
ALT00590;M000895;PAT0158;2024-06-17 05:06:00;Hypertension critique;CRITIQUE;162;Traitée;Famille
ALT00591;M000896;PAT0164;2024-04-27 14:39:00;Hypertension modérée;MODÉRÉE;149;Traitée;SAMU
ALT00592;M000898;PAT0050;2024-07-03 01:01:00;Hypertension modérée;MODÉRÉE;141;En cours;Médecin
ALT00593;M000899;PAT0087;2024-05-05 05:12:00;Hyperglycémie;CRITIQUE;35.6;Traitée;Infirmier
ALT00594;M000901;PAT0135;2024-11-15 13:56:00;Douleur intense;MODÉRÉE;38.3;Traitée;Médecin
ALT00595;M000905;PAT0100;2024-11-26 16:23:00;Tachycardie;MODÉRÉE;37.5;Traitée;Infirmier
ALT00596;M000906;PAT0124;2024-09-10 15:17:00;Hyperglycémie;CRITIQUE;37.8;Traitée;Famille
ALT00597;M000910;PAT0060;2024-02-08 11:57:00;Douleur intense;MODÉRÉE;35.8;En cours;Famille
ALT00598;M000911;PAT0059;2024-02-06 11:02:00;Douleur intense;MODÉRÉE;37.7;Traitée;Médecin
ALT00599;M000912;PAT0197;2024-05-20 06:45:00;Hypoxémie;CRITIQUE;37.9;Traitée;SAMU
ALT00600;M000914;PAT0168;2024-11-30 16:48:00;Fièvre élevée;CRITIQUE;39.3;Traitée;Médecin
ALT00601;M000917;PAT0079;2024-01-05 15:51:00;Hyperglycémie;CRITIQUE;38.1;Traitée;Infirmier
ALT00602;M000919;PAT0085;2024-11-04 19:36:00;Fièvre élevée;CRITIQUE;39;En cours;Médecin
ALT00603;M000920;PAT0099;2024-02-25 10:36:00;Fièvre élevée;CRITIQUE;39.3;Traitée;Infirmier
ALT00604;M000921;PAT0142;2024-12-18 19:31:00;Hypertension critique;CRITIQUE;177;Traitée;Infirmier
ALT00605;M000923;PAT0101;2024-02-26 04:34:00;Hypertension modérée;MODÉRÉE;142;En cours;Infirmier
ALT00606;M000928;PAT0188;2024-07-15 21:11:00;Hypertension modérée;MODÉRÉE;141;En cours;Famille
ALT00607;M000929;PAT0071;2024-10-02 09:42:00;Fièvre élevée;CRITIQUE;39.2;Ignorée;Médecin
ALT00608;M000930;PAT0106;2024-10-10 03:23:00;Hyperglycémie;CRITIQUE;35.8;Traitée;Famille
ALT00609;M000931;PAT0043;2024-09-16 01:29:00;Douleur intense;MODÉRÉE;35.6;Traitée;SAMU
ALT00610;M000936;PAT0114;2024-11-21 16:41:00;Hyperglycémie;CRITIQUE;38.2;Traitée;SAMU
ALT00611;M000937;PAT0014;2024-01-25 12:49:00;Hyperglycémie;CRITIQUE;36.3;Traitée;Famille
ALT00612;M000939;PAT0043;2024-01-23 13:32:00;Hyperglycémie;CRITIQUE;35.9;Traitée;SAMU
ALT00613;M000940;PAT0139;2024-08-07 03:14:00;Hypertension critique;CRITIQUE;164;Traitée;Médecin
ALT00614;M000941;PAT0004;2024-08-22 07:04:00;Hypertension modérée;MODÉRÉE;140;Traitée;SAMU
ALT00615;M000942;PAT0106;2024-11-02 15:06:00;Douleur intense;MODÉRÉE;38.4;Traitée;Infirmier
ALT00616;M000943;PAT0025;2024-11-19 22:24:00;Hypertension critique;CRITIQUE;166;En cours;Famille
ALT00617;M000944;PAT0195;2024-06-11 21:30:00;Hypertension critique;CRITIQUE;163;En cours;Infirmier
ALT00618;M000945;PAT0164;2024-09-14 18:45:00;Fièvre élevée;CRITIQUE;39.5;En cours;Famille
ALT00619;M000946;PAT0061;2024-05-04 19:05:00;Hyperglycémie;CRITIQUE;35.7;Traitée;Médecin
ALT00620;M000947;PAT0165;2024-11-02 14:47:00;Fièvre élevée;CRITIQUE;39;Traitée;Médecin
ALT00621;M000948;PAT0134;2024-07-31 20:52:00;Hyperglycémie;CRITIQUE;36.7;Traitée;Infirmier
ALT00622;M000950;PAT0047;2024-01-04 02:55:00;Hypertension critique;CRITIQUE;165;Ignorée;Médecin
ALT00623;M000951;PAT0033;2024-10-30 17:53:00;Fièvre élevée;MODÉRÉE;38.7;En cours;Infirmier
ALT00624;M000952;PAT0080;2024-04-11 07:27:00;Hypoxémie;CRITIQUE;36.2;Traitée;Infirmier
ALT00625;M000956;PAT0086;2024-08-28 06:09:00;Fièvre élevée;CRITIQUE;39.2;Ignorée;Médecin
ALT00626;M000957;PAT0126;2024-07-31 12:47:00;Douleur intense;MODÉRÉE;37;Traitée;Médecin
ALT00627;M000958;PAT0010;2024-03-04 12:59:00;Hyperglycémie;CRITIQUE;37.8;Traitée;Infirmier
ALT00628;M000960;PAT0064;2024-01-18 11:40:00;Hypertension modérée;MODÉRÉE;140;En cours;Famille
ALT00629;M000961;PAT0117;2024-03-16 08:15:00;Hyperglycémie;CRITIQUE;37.9;Traitée;SAMU
ALT00630;M000962;PAT0024;2024-07-15 12:45:00;Hyperglycémie;CRITIQUE;37.8;Traitée;Famille
ALT00631;M000963;PAT0043;2024-05-09 22:19:00;Hyperglycémie;CRITIQUE;37.5;Traitée;Famille
ALT00632;M000964;PAT0106;2024-02-15 03:40:00;Hyperglycémie;CRITIQUE;37.8;En cours;SAMU
ALT00633;M000965;PAT0192;2024-06-06 00:10:00;Fièvre élevée;MODÉRÉE;38.8;Traitée;Infirmier
ALT00634;M000966;PAT0107;2024-08-08 05:11:00;Hypoxémie;CRITIQUE;37;En cours;Famille
ALT00635;M000967;PAT0116;2024-04-18 05:12:00;Tachycardie;MODÉRÉE;35.7;Traitée;Médecin
ALT00636;M000969;PAT0088;2024-04-30 15:31:00;Hypertension critique;CRITIQUE;177;Traitée;Médecin
ALT00637;M000971;PAT0069;2024-08-30 10:38:00;Douleur intense;MODÉRÉE;37.2;En cours;Famille
ALT00638;M000972;PAT0093;2024-07-12 19:03:00;Fièvre élevée;CRITIQUE;39.4;Traitée;SAMU
ALT00639;M000973;PAT0103;2024-03-12 00:38:00;Tachycardie;MODÉRÉE;36;Traitée;Infirmier
ALT00640;M000975;PAT0005;2024-01-24 23:20:00;Hypoxémie;CRITIQUE;38.2;Traitée;Famille
ALT00641;M000976;PAT0090;2024-08-31 21:54:00;Hypoxémie;CRITIQUE;38.3;En cours;Médecin
ALT00642;M000983;PAT0190;2024-04-06 23:07:00;Douleur intense;MODÉRÉE;37.8;En cours;Médecin
ALT00643;M000984;PAT0001;2024-10-29 17:12:00;Fièvre élevée;MODÉRÉE;38.9;Traitée;Médecin
ALT00644;M000985;PAT0033;2024-11-04 18:14:00;Hypertension critique;CRITIQUE;177;Traitée;Famille
ALT00645;M000989;PAT0180;2024-04-01 15:46:00;Hypoxémie;CRITIQUE;37.1;En cours;Médecin
ALT00646;M000990;PAT0141;2024-08-04 21:30:00;Fièvre élevée;CRITIQUE;39.5;Traitée;Médecin
ALT00647;M000991;PAT0073;2024-04-09 22:54:00;Hypertension modérée;MODÉRÉE;141;Traitée;Infirmier
ALT00648;M000992;PAT0182;2024-12-01 05:36:00;Hypertension critique;CRITIQUE;179;Traitée;Famille
ALT00649;M000994;PAT0097;2024-08-06 21:53:00;Hypertension critique;CRITIQUE;174;Traitée;Médecin
ALT00650;M000996;PAT0062;2024-06-03 22:38:00;Fièvre élevée;CRITIQUE;39.3;Ignorée;Médecin
ALT00651;M000998;PAT0032;2024-12-08 16:14:00;Douleur intense;MODÉRÉE;35.6;Traitée;Médecin
ALT00652;M000999;PAT0025;2024-04-02 12:30:00;Fièvre élevée;CRITIQUE;39.5;Traitée;Médecin
ALT00653;M001000;PAT0017;2024-10-02 05:25:00;Fièvre élevée;MODÉRÉE;38.8;Traitée;Famille
ALT00654;M001001;PAT0126;2024-10-26 17:45:00;Fièvre élevée;MODÉRÉE;38.8;En cours;Infirmier
ALT00655;M001003;PAT0053;2024-02-14 17:16:00;Fièvre élevée;MODÉRÉE;38.9;Traitée;Infirmier
ALT00656;M001004;PAT0140;2024-12-02 00:15:00;Hypertension modérée;MODÉRÉE;143;Traitée;Médecin
ALT00657;M001005;PAT0137;2024-10-22 15:44:00;Douleur intense;MODÉRÉE;36.8;Traitée;Infirmier
ALT00658;M001008;PAT0167;2024-07-23 14:05:00;Fièvre élevée;CRITIQUE;39.3;Traitée;Médecin
ALT00659;M001009;PAT0019;2024-05-17 20:44:00;Hypertension critique;CRITIQUE;178;Traitée;Médecin
ALT00660;M001010;PAT0155;2024-03-19 10:50:00;Douleur intense;MODÉRÉE;37.2;Traitée;Médecin
ALT00661;M001011;PAT0137;2024-10-07 13:04:00;Douleur intense;MODÉRÉE;36.8;Traitée;Médecin
ALT00662;M001013;PAT0079;2024-09-07 03:33:00;Hyperglycémie;CRITIQUE;36.9;Traitée;Médecin
ALT00663;M001014;PAT0013;2024-07-18 05:22:00;Fièvre élevée;MODÉRÉE;38.7;Traitée;Famille
ALT00664;M001015;PAT0123;2024-05-12 00:43:00;Hypertension modérée;MODÉRÉE;142;Traitée;Médecin
ALT00665;M001016;PAT0069;2024-11-23 11:45:00;Fièvre élevée;MODÉRÉE;38.6;Traitée;Médecin
ALT00666;M001017;PAT0091;2024-09-14 09:17:00;Fièvre élevée;CRITIQUE;39.3;Traitée;SAMU
ALT00667;M001018;PAT0079;2024-02-14 09:26:00;Fièvre élevée;MODÉRÉE;38.6;En cours;Médecin
ALT00668;M001020;PAT0174;2024-03-10 15:31:00;Hypoxémie;CRITIQUE;37.6;En cours;Médecin
ALT00669;M001021;PAT0004;2024-01-04 22:27:00;Douleur intense;MODÉRÉE;38.3;Traitée;Famille
ALT00670;M001023;PAT0094;2024-09-20 11:03:00;Hypoxémie;CRITIQUE;37.2;Traitée;Infirmier
ALT00671;M001024;PAT0064;2024-03-01 09:19:00;Hypertension modérée;MODÉRÉE;141;En cours;Infirmier
ALT00672;M001025;PAT0056;2024-11-25 16:52:00;Fièvre élevée;CRITIQUE;39.1;Ignorée;Famille
ALT00673;M001031;PAT0123;2024-05-16 03:26:00;Hyperglycémie;CRITIQUE;37.5;En cours;Médecin
ALT00674;M001032;PAT0196;2024-07-23 16:46:00;Fièvre élevée;CRITIQUE;39.2;Traitée;Famille
ALT00675;M001033;PAT0006;2024-06-25 16:00:00;Fièvre élevée;MODÉRÉE;38.6;Ignorée;Infirmier
ALT00676;M001035;PAT0048;2024-02-28 08:44:00;Douleur intense;MODÉRÉE;36.5;Ignorée;Médecin
ALT00677;M001036;PAT0180;2024-11-08 05:12:00;Fièvre élevée;CRITIQUE;39.5;Traitée;Médecin
ALT00678;M001037;PAT0103;2024-04-08 04:27:00;Douleur intense;MODÉRÉE;35.6;Traitée;Famille
ALT00679;M001038;PAT0079;2024-04-28 07:21:00;Hyperglycémie;CRITIQUE;37.2;Traitée;SAMU
ALT00680;M001040;PAT0191;2024-05-26 15:17:00;Fièvre élevée;CRITIQUE;39.1;Traitée;Infirmier
ALT00681;M001041;PAT0086;2024-02-19 21:00:00;Hypertension modérée;MODÉRÉE;144;En cours;Médecin
ALT00682;M001042;PAT0191;2024-09-27 19:23:00;Douleur intense;MODÉRÉE;36.5;En cours;Médecin
ALT00683;M001043;PAT0034;2024-11-04 03:02:00;Douleur intense;MODÉRÉE;37.8;Traitée;Infirmier
ALT00684;M001046;PAT0089;2024-08-17 20:45:00;Douleur intense;MODÉRÉE;36;Ignorée;Infirmier
ALT00685;M001047;PAT0006;2024-05-20 22:08:00;Hypertension critique;CRITIQUE;173;En cours;Famille
ALT00686;M001048;PAT0190;2024-09-10 21:34:00;Fièvre élevée;CRITIQUE;39;Traitée;Famille
ALT00687;M001049;PAT0144;2024-07-24 19:17:00;Hyperglycémie;CRITIQUE;36.3;Traitée;Médecin
ALT00688;M001051;PAT0044;2024-09-30 07:18:00;Hypoxémie;CRITIQUE;35.7;Traitée;Médecin
ALT00689;M001052;PAT0014;2024-05-07 06:34:00;Hyperglycémie;CRITIQUE;36;Traitée;Médecin
ALT00690;M001053;PAT0022;2024-10-08 08:46:00;Hypertension critique;CRITIQUE;171;Traitée;Infirmier
ALT00691;M001054;PAT0003;2024-04-22 23:17:00;Hyperglycémie;CRITIQUE;36.2;Traitée;Infirmier
ALT00692;M001056;PAT0057;2024-04-14 18:40:00;Fièvre élevée;MODÉRÉE;38.7;Traitée;Famille
ALT00693;M001058;PAT0187;2024-05-24 00:19:00;Douleur intense;MODÉRÉE;36.2;Traitée;Infirmier
ALT00694;M001059;PAT0037;2024-05-05 14:58:00;Douleur intense;MODÉRÉE;38.1;Traitée;Infirmier
ALT00695;M001061;PAT0064;2024-05-17 04:40:00;Douleur intense;MODÉRÉE;37.9;Traitée;Famille
ALT00696;M001062;PAT0189;2024-12-28 02:12:00;Hyperglycémie;CRITIQUE;36.1;En cours;Famille
ALT00697;M001063;PAT0085;2024-05-04 01:34:00;Hypertension modérée;MODÉRÉE;144;Traitée;Médecin
ALT00698;M001065;PAT0168;2024-12-16 12:43:00;Fièvre élevée;CRITIQUE;39;Ignorée;Infirmier
ALT00699;M001068;PAT0160;2024-06-27 03:17:00;Fièvre élevée;CRITIQUE;39.2;Ignorée;Médecin
ALT00700;M001069;PAT0020;2024-03-17 20:09:00;Hypertension modérée;MODÉRÉE;142;Ignorée;SAMU
ALT00701;M001071;PAT0082;2024-09-03 22:26:00;Hypertension modérée;MODÉRÉE;154;En cours;Médecin
ALT00702;M001072;PAT0099;2024-09-11 17:34:00;Hypoxémie;CRITIQUE;37.5;Traitée;SAMU
ALT00703;M001074;PAT0093;2024-03-09 03:03:00;Fièvre élevée;CRITIQUE;39.1;En cours;Médecin
ALT00704;M001075;PAT0076;2024-10-09 13:15:00;Douleur intense;MODÉRÉE;36.3;Traitée;Famille
ALT00705;M001077;PAT0041;2024-07-06 04:05:00;Hypoxémie;CRITIQUE;36.5;Traitée;Famille
ALT00706;M001078;PAT0047;2024-03-12 23:33:00;Hypertension critique;CRITIQUE;176;En cours;SAMU
ALT00707;M001079;PAT0178;2024-02-26 04:03:00;Fièvre élevée;CRITIQUE;39;Traitée;Médecin
ALT00708;M001080;PAT0102;2024-12-14 14:35:00;Douleur intense;MODÉRÉE;38.3;Traitée;SAMU
ALT00709;M001081;PAT0109;2024-05-19 02:33:00;Douleur intense;MODÉRÉE;37;Traitée;Médecin
ALT00710;M001085;PAT0052;2024-01-17 07:17:00;Douleur intense;MODÉRÉE;35.8;Traitée;Médecin
ALT00711;M001086;PAT0012;2024-02-17 09:00:00;Fièvre élevée;CRITIQUE;39.4;En cours;Famille
ALT00712;M001087;PAT0193;2024-07-01 04:44:00;Hypoxémie;CRITIQUE;38.2;En cours;Médecin
ALT00713;M001089;PAT0021;2024-02-17 22:14:00;Fièvre élevée;CRITIQUE;39;Ignorée;Médecin
ALT00714;M001090;PAT0129;2024-11-07 20:33:00;Fièvre élevée;CRITIQUE;39.2;En cours;Médecin
ALT00715;M001091;PAT0160;2024-08-08 01:57:00;Douleur intense;MODÉRÉE;38.4;Traitée;Médecin
ALT00716;M001094;PAT0046;2024-08-23 08:30:00;Fièvre élevée;CRITIQUE;39.4;Traitée;Infirmier
ALT00717;M001095;PAT0146;2024-07-05 09:25:00;Douleur intense;MODÉRÉE;37.1;Traitée;Médecin
ALT00718;M001096;PAT0160;2024-07-10 02:43:00;Douleur intense;MODÉRÉE;37.2;En cours;Médecin
ALT00719;M001098;PAT0097;2024-07-23 02:14:00;Hypertension critique;CRITIQUE;177;Traitée;Infirmier
ALT00720;M001100;PAT0052;2024-02-03 10:21:00;Fièvre élevée;CRITIQUE;39.5;En cours;Médecin
ALT00721;M001106;PAT0147;2024-01-06 17:50:00;Fièvre élevée;CRITIQUE;39.1;Ignorée;Médecin
ALT00722;M001107;PAT0083;2024-06-11 00:09:00;Fièvre élevée;CRITIQUE;39.1;Traitée;Médecin
ALT00723;M001108;PAT0105;2024-01-02 14:53:00;Fièvre élevée;MODÉRÉE;38.9;En cours;Médecin
ALT00724;M001110;PAT0174;2024-01-08 11:52:00;Hypoxémie;CRITIQUE;37;En cours;Médecin
ALT00725;M001111;PAT0180;2024-08-21 13:26:00;Tachycardie;MODÉRÉE;36.9;Traitée;Famille
ALT00726;M001112;PAT0030;2024-08-22 13:23:00;Hypertension critique;CRITIQUE;172;En cours;Médecin
ALT00727;M001114;PAT0023;2024-11-11 13:06:00;Hyperglycémie;CRITIQUE;37.5;En cours;Infirmier
ALT00728;M001115;PAT0129;2024-01-17 21:18:00;Fièvre élevée;MODÉRÉE;38.9;Traitée;Infirmier
ALT00729;M001116;PAT0051;2024-03-04 11:50:00;Fièvre élevée;CRITIQUE;39.2;Traitée;Infirmier
ALT00730;M001120;PAT0148;2024-11-21 12:46:00;Hypertension critique;CRITIQUE;164;En cours;Médecin
ALT00731;M001121;PAT0182;2024-09-15 03:40:00;Hypertension modérée;MODÉRÉE;143;Traitée;Médecin
ALT00732;M001122;PAT0041;2024-04-14 02:05:00;Hypoxémie;CRITIQUE;35.6;Ignorée;Famille
ALT00733;M001123;PAT0182;2024-02-10 18:24:00;Hypertension modérée;MODÉRÉE;147;Traitée;Infirmier
ALT00734;M001125;PAT0198;2024-01-27 08:05:00;Fièvre élevée;CRITIQUE;39.2;Traitée;Infirmier
ALT00735;M001126;PAT0029;2024-11-01 03:06:00;Hypertension modérée;MODÉRÉE;142;Traitée;SAMU
ALT00736;M001128;PAT0081;2024-08-18 05:11:00;Hypertension modérée;MODÉRÉE;141;Traitée;Infirmier
ALT00737;M001129;PAT0031;2024-06-26 15:39:00;Douleur intense;MODÉRÉE;37.9;En cours;Famille
ALT00738;M001130;PAT0050;2024-10-01 00:33:00;Douleur intense;MODÉRÉE;37.5;Traitée;Infirmier
ALT00739;M001132;PAT0090;2024-11-29 09:29:00;Fièvre élevée;MODÉRÉE;38.5;Traitée;Infirmier
ALT00740;M001133;PAT0065;2024-12-17 22:17:00;Fièvre élevée;CRITIQUE;39.3;En cours;SAMU
ALT00741;M001134;PAT0053;2024-09-06 13:56:00;Hypertension modérée;MODÉRÉE;153;En cours;Médecin
ALT00742;M001136;PAT0131;2024-07-28 09:38:00;Fièvre élevée;MODÉRÉE;38.8;En cours;Médecin
ALT00743;M001137;PAT0030;2024-06-14 13:50:00;Hypertension critique;CRITIQUE;170;Traitée;Infirmier
ALT00744;M001139;PAT0144;2024-05-25 19:13:00;Hypertension modérée;MODÉRÉE;140;Traitée;SAMU
ALT00745;M001140;PAT0020;2024-11-26 13:43:00;Fièvre élevée;MODÉRÉE;38.5;Traitée;Infirmier
ALT00746;M001141;PAT0128;2024-05-20 13:07:00;Hypoxémie;CRITIQUE;36;En cours;Famille
ALT00747;M001142;PAT0006;2024-11-25 18:00:00;Fièvre élevée;CRITIQUE;39.1;Traitée;Médecin
ALT00748;M001143;PAT0136;2024-11-26 00:04:00;Douleur intense;MODÉRÉE;37.4;En cours;Médecin
ALT00749;M001145;PAT0127;2024-03-03 11:39:00;Hyperglycémie;CRITIQUE;35.9;Traitée;Infirmier
ALT00750;M001148;PAT0070;2024-03-11 18:29:00;Hyperglycémie;CRITIQUE;36;Traitée;SAMU
ALT00751;M001149;PAT0164;2024-03-03 16:33:00;Hypertension critique;CRITIQUE;175;En cours;SAMU
ALT00752;M001150;PAT0188;2024-02-17 08:49:00;Tachycardie;MODÉRÉE;36.7;Traitée;SAMU
ALT00753;M001151;PAT0166;2024-04-15 22:04:00;Hypertension modérée;MODÉRÉE;148;Traitée;Médecin
ALT00754;M001152;PAT0099;2024-02-23 10:13:00;Fièvre élevée;MODÉRÉE;38.8;Traitée;Infirmier
ALT00755;M001153;PAT0182;2024-03-19 16:06:00;Fièvre élevée;CRITIQUE;39.2;Traitée;Infirmier
ALT00756;M001156;PAT0136;2024-05-15 03:59:00;Tachycardie;MODÉRÉE;37.7;Traitée;Médecin
ALT00757;M001158;PAT0049;2024-10-31 08:33:00;Douleur intense;MODÉRÉE;37.9;En cours;Médecin
ALT00758;M001160;PAT0180;2024-07-19 12:06:00;Tachycardie;MODÉRÉE;36.4;En cours;Infirmier
ALT00759;M001161;PAT0053;2024-05-27 22:38:00;Hypertension critique;CRITIQUE;171;Ignorée;Médecin
ALT00760;M001162;PAT0123;2024-12-18 07:10:00;Hyperglycémie;CRITIQUE;36.8;Ignorée;Infirmier
ALT00761;M001163;PAT0004;2024-08-07 10:01:00;Hypertension modérée;MODÉRÉE;142;Ignorée;Médecin
ALT00762;M001164;PAT0153;2024-08-30 18:00:00;Hypertension modérée;MODÉRÉE;144;En cours;Famille
ALT00763;M001165;PAT0175;2024-04-26 16:32:00;Hypertension critique;CRITIQUE;179;Traitée;Infirmier
ALT00764;M001167;PAT0182;2024-09-22 21:54:00;Fièvre élevée;CRITIQUE;39;En cours;Infirmier
ALT00765;M001169;PAT0190;2024-08-08 11:13:00;Fièvre élevée;MODÉRÉE;38.5;Traitée;Infirmier
ALT00766;M001171;PAT0071;2024-01-22 18:33:00;Douleur intense;MODÉRÉE;38.3;Traitée;Famille
ALT00767;M001172;PAT0089;2024-01-05 15:59:00;Douleur intense;MODÉRÉE;38.2;Traitée;Médecin
ALT00768;M001173;PAT0143;2024-06-04 15:18:00;Douleur intense;MODÉRÉE;35.8;Traitée;Infirmier
ALT00769;M001174;PAT0032;2024-06-05 00:27:00;Douleur intense;MODÉRÉE;36.9;Ignorée;Médecin
ALT00770;M001176;PAT0075;2024-08-30 11:15:00;Fièvre élevée;MODÉRÉE;38.7;Traitée;Médecin
ALT00771;M001180;PAT0120;2024-08-26 13:26:00;Douleur intense;MODÉRÉE;37.3;En cours;Infirmier
ALT00772;M001182;PAT0014;2024-07-20 04:25:00;Hyperglycémie;CRITIQUE;38.2;Traitée;Infirmier
ALT00773;M001183;PAT0022;2024-11-28 03:21:00;Hypertension modérée;MODÉRÉE;142;Traitée;Infirmier
ALT00774;M001185;PAT0035;2024-12-11 20:54:00;Hypertension modérée;MODÉRÉE;142;Traitée;Famille
ALT00775;M001186;PAT0160;2024-02-28 02:00:00;Douleur intense;MODÉRÉE;36.1;Ignorée;Famille
ALT00776;M001188;PAT0140;2024-11-09 21:28:00;Fièvre élevée;MODÉRÉE;38.9;Traitée;Infirmier
ALT00777;M001189;PAT0037;2024-12-02 07:10:00;Douleur intense;MODÉRÉE;37.5;Traitée;Famille
ALT00778;M001190;PAT0171;2024-10-28 15:23:00;Douleur intense;MODÉRÉE;38.2;Traitée;SAMU
ALT00779;M001192;PAT0159;2024-06-30 04:29:00;Fièvre élevée;CRITIQUE;39;Traitée;Famille
ALT00780;M001193;PAT0129;2024-12-27 16:24:00;Hypertension modérée;MODÉRÉE;145;En cours;Médecin
ALT00781;M001194;PAT0087;2024-03-12 08:50:00;Fièvre élevée;MODÉRÉE;38.6;En cours;SAMU
ALT00782;M001195;PAT0124;2024-08-29 19:42:00;Douleur intense;MODÉRÉE;36.2;Ignorée;Famille
ALT00783;M001197;PAT0041;2024-12-06 03:31:00;Fièvre élevée;CRITIQUE;39.2;Traitée;Famille
ALT00784;M001198;PAT0061;2024-03-30 23:57:00;Douleur intense;MODÉRÉE;37;En cours;Médecin
ALT00785;M001199;PAT0030;2024-02-07 14:48:00;Hypertension critique;CRITIQUE;177;Traitée;Médecin
ALT00786;M001200;PAT0179;2024-03-09 20:36:00;Hypertension modérée;MODÉRÉE;147;Traitée;Famille
ALT00787;M001201;PAT0052;2024-08-10 16:51:00;Fièvre élevée;MODÉRÉE;38.7;Traitée;Médecin
ALT00788;M001202;PAT0053;2024-03-12 00:23:00;Fièvre élevée;MODÉRÉE;38.6;Traitée;Infirmier
ALT00789;M001206;PAT0100;2024-02-04 05:18:00;Hypoxémie;CRITIQUE;35.8;Traitée;Médecin
ALT00790;M001207;PAT0080;2024-01-30 17:44:00;Fièvre élevée;CRITIQUE;39.1;Traitée;Infirmier
ALT00791;M001208;PAT0008;2024-08-03 08:12:00;Hypoxémie;CRITIQUE;36.8;Traitée;Infirmier
ALT00792;M001210;PAT0010;2024-02-06 13:38:00;Fièvre élevée;MODÉRÉE;38.5;Traitée;Médecin
ALT00793;M001211;PAT0070;2024-02-23 01:31:00;Hyperglycémie;CRITIQUE;37.5;Traitée;Médecin
ALT00794;M001212;PAT0006;2024-01-14 06:34:00;Hypertension critique;CRITIQUE;175;Traitée;Médecin
ALT00795;M001215;PAT0193;2024-10-01 18:02:00;Fièvre élevée;CRITIQUE;39.5;Traitée;Famille
ALT00796;M001220;PAT0125;2024-04-14 04:53:00;Fièvre élevée;CRITIQUE;39.4;Traitée;Famille
ALT00797;M001222;PAT0009;2024-10-28 12:19:00;Fièvre élevée;MODÉRÉE;38.8;En cours;Famille
ALT00798;M001223;PAT0005;2024-07-15 14:02:00;Douleur intense;MODÉRÉE;36.4;Traitée;Famille
ALT00799;M001225;PAT0152;2024-01-15 10:46:00;Fièvre élevée;MODÉRÉE;38.8;Traitée;Médecin
ALT00800;M001226;PAT0193;2024-02-25 17:24:00;Fièvre élevée;CRITIQUE;39.3;Traitée;SAMU
ALT00801;M001228;PAT0004;2024-12-15 08:05:00;Fièvre élevée;CRITIQUE;39.5;Traitée;SAMU
ALT00802;M001229;PAT0158;2024-05-17 21:16:00;Fièvre élevée;MODÉRÉE;38.6;Traitée;SAMU
ALT00803;M001230;PAT0170;2024-05-15 05:28:00;Hypertension modérée;MODÉRÉE;153;Ignorée;SAMU
ALT00804;M001231;PAT0164;2024-04-21 13:03:00;Hypertension modérée;MODÉRÉE;159;Traitée;Famille
ALT00805;M001232;PAT0113;2024-05-21 08:55:00;Douleur intense;MODÉRÉE;37.5;Ignorée;Médecin
ALT00806;M001233;PAT0013;2024-12-01 01:11:00;Hypertension modérée;MODÉRÉE;144;Traitée;Famille
ALT00807;M001237;PAT0096;2024-05-30 19:01:00;Hypertension modérée;MODÉRÉE;153;Traitée;Famille
ALT00808;M001238;PAT0028;2024-06-09 16:45:00;Fièvre élevée;MODÉRÉE;38.6;Traitée;Infirmier
ALT00809;M001239;PAT0097;2024-01-17 21:46:00;Hypertension modérée;MODÉRÉE;140;Traitée;Médecin
ALT00810;M001243;PAT0093;2024-10-13 16:04:00;Fièvre élevée;CRITIQUE;39.2;Traitée;Famille
ALT00811;M001244;PAT0059;2024-03-05 17:15:00;Fièvre élevée;MODÉRÉE;38.6;Traitée;Famille
ALT00812;M001245;PAT0074;2024-03-01 02:26:00;Hypertension modérée;MODÉRÉE;143;En cours;Infirmier
ALT00813;M001246;PAT0051;2024-08-20 00:10:00;Hypertension modérée;MODÉRÉE;144;Traitée;Médecin
ALT00814;M001247;PAT0026;2024-01-18 13:01:00;Douleur intense;MODÉRÉE;38.3;Traitée;Médecin
ALT00815;M001249;PAT0152;2024-02-25 23:02:00;Hypertension critique;CRITIQUE;170;Traitée;SAMU
ALT00816;M001251;PAT0022;2024-01-04 18:37:00;Hypertension modérée;MODÉRÉE;147;Traitée;Infirmier
ALT00817;M001256;PAT0037;2024-10-09 16:48:00;Hypertension modérée;MODÉRÉE;142;Ignorée;Famille
ALT00818;M001258;PAT0117;2024-02-26 22:45:00;Fièvre élevée;CRITIQUE;39.2;En cours;Famille
ALT00819;M001259;PAT0036;2024-12-08 03:22:00;Fièvre élevée;MODÉRÉE;38.7;Traitée;Famille
ALT00820;M001262;PAT0161;2024-03-11 18:24:00;Fièvre élevée;CRITIQUE;39;Ignorée;Infirmier
ALT00821;M001264;PAT0001;2024-09-08 17:39:00;Hypertension modérée;MODÉRÉE;142;Traitée;Infirmier
ALT00822;M001265;PAT0162;2024-11-22 11:30:00;Douleur intense;MODÉRÉE;37.6;Traitée;Médecin
ALT00823;M001266;PAT0172;2024-11-18 12:38:00;Douleur intense;MODÉRÉE;36.9;En cours;Infirmier
ALT00824;M001268;PAT0089;2024-12-26 04:49:00;Fièvre élevée;CRITIQUE;39;Traitée;Médecin
ALT00825;M001269;PAT0061;2024-05-17 16:13:00;Fièvre élevée;CRITIQUE;39.1;En cours;Médecin
ALT00826;M001270;PAT0173;2024-07-19 14:27:00;Hypertension modérée;MODÉRÉE;142;Traitée;Infirmier
ALT00827;M001271;PAT0163;2024-06-06 14:26:00;Tachycardie;MODÉRÉE;36.4;Traitée;Médecin
ALT00828;M001275;PAT0004;2024-01-11 16:06:00;Douleur intense;MODÉRÉE;37.5;Traitée;Famille
ALT00829;M001277;PAT0190;2024-02-13 02:04:00;Hypertension modérée;MODÉRÉE;141;En cours;Médecin
ALT00830;M001278;PAT0139;2024-03-18 03:47:00;Hypertension critique;CRITIQUE;169;Traitée;Infirmier
ALT00831;M001281;PAT0005;2024-07-20 11:48:00;Hypertension modérée;MODÉRÉE;143;En cours;Infirmier
ALT00832;M001282;PAT0198;2024-07-08 15:36:00;Douleur intense;MODÉRÉE;35.9;En cours;Infirmier
ALT00833;M001283;PAT0025;2024-04-16 15:37:00;Hypertension modérée;MODÉRÉE;147;En cours;Famille
ALT00834;M001284;PAT0146;2024-01-31 15:16:00;Hypertension modérée;MODÉRÉE;152;En cours;SAMU
ALT00835;M001286;PAT0061;2024-12-28 15:32:00;Douleur intense;MODÉRÉE;37.7;Traitée;SAMU
ALT00836;M001287;PAT0180;2024-03-06 00:10:00;Hypertension modérée;MODÉRÉE;141;En cours;Famille
ALT00837;M001288;PAT0010;2024-09-10 05:40:00;Fièvre élevée;MODÉRÉE;38.7;Traitée;Infirmier
ALT00838;M001289;PAT0003;2024-08-10 09:46:00;Fièvre élevée;CRITIQUE;39.2;En cours;Médecin
ALT00839;M001291;PAT0065;2024-04-17 10:59:00;Fièvre élevée;MODÉRÉE;38.5;En cours;Famille
ALT00840;M001292;PAT0122;2024-08-01 05:09:00;Hypertension modérée;MODÉRÉE;140;Traitée;Infirmier
ALT00841;M001293;PAT0178;2024-08-22 10:06:00;Douleur intense;MODÉRÉE;35.7;Traitée;Infirmier
ALT00842;M001296;PAT0072;2024-10-15 03:08:00;Fièvre élevée;MODÉRÉE;38.7;Traitée;Médecin
ALT00843;M001297;PAT0152;2024-11-11 21:58:00;Hypertension modérée;MODÉRÉE;157;Traitée;Médecin
ALT00844;M001298;PAT0158;2024-03-25 15:55:00;Hypertension critique;CRITIQUE;165;Traitée;Famille
ALT00845;M001299;PAT0109;2024-06-16 09:32:00;Fièvre élevée;MODÉRÉE;38.5;Traitée;Famille
ALT00846;M001300;PAT0122;2024-09-24 10:33:00;Hypertension modérée;MODÉRÉE;144;Traitée;Infirmier
ALT00847;M001301;PAT0072;2024-08-11 17:28:00;Douleur intense;MODÉRÉE;37.5;Traitée;Famille
ALT00848;M001302;PAT0167;2024-01-13 11:54:00;Hypertension critique;CRITIQUE;178;En cours;Famille
ALT00849;M001304;PAT0025;2024-05-09 16:58:00;Hypertension modérée;MODÉRÉE;150;Traitée;Famille
ALT00850;M001305;PAT0012;2024-12-26 08:17:00;Hyperglycémie;CRITIQUE;38;Traitée;Famille
ALT00851;M001306;PAT0156;2024-09-08 05:30:00;Fièvre élevée;MODÉRÉE;38.5;Traitée;Infirmier
ALT00852;M001307;PAT0008;2024-03-19 22:47:00;Douleur intense;MODÉRÉE;36.2;Traitée;Infirmier
ALT00853;M001308;PAT0015;2024-12-29 01:20:00;Hypertension modérée;MODÉRÉE;141;Traitée;Médecin
ALT00854;M001311;PAT0187;2024-03-29 14:02:00;Douleur intense;MODÉRÉE;36.6;Traitée;SAMU
ALT00855;M001314;PAT0003;2024-07-10 14:05:00;Fièvre élevée;CRITIQUE;39;Traitée;Famille
ALT00856;M001316;PAT0058;2024-05-19 06:11:00;Fièvre élevée;CRITIQUE;39.4;Ignorée;SAMU
ALT00857;M001317;PAT0149;2024-11-24 16:28:00;Fièvre élevée;MODÉRÉE;38.8;En cours;Famille
ALT00858;M001318;PAT0099;2024-10-18 06:44:00;Hypertension modérée;MODÉRÉE;143;Traitée;Médecin
ALT00859;M001319;PAT0180;2024-10-09 23:50:00;Hypoxémie;CRITIQUE;36.6;En cours;Infirmier
ALT00860;M001324;PAT0087;2024-07-24 09:02:00;Fièvre élevée;CRITIQUE;39.4;Traitée;Infirmier
ALT00861;M001326;PAT0179;2024-04-11 18:48:00;Hypertension modérée;MODÉRÉE;144;Traitée;Famille
ALT00862;M001327;PAT0080;2024-03-13 11:29:00;Hypoxémie;CRITIQUE;37.1;En cours;Infirmier
ALT00863;M001329;PAT0096;2024-03-22 11:06:00;Hypertension modérée;MODÉRÉE;140;Traitée;Infirmier
ALT00864;M001330;PAT0097;2024-12-27 07:48:00;Fièvre élevée;CRITIQUE;39.2;Ignorée;Médecin
ALT00865;M001331;PAT0198;2024-05-24 21:46:00;Fièvre élevée;CRITIQUE;39;Traitée;Infirmier
ALT00866;M001332;PAT0190;2024-01-14 07:56:00;Douleur intense;MODÉRÉE;37.9;Traitée;Médecin
ALT00867;M001336;PAT0104;2024-01-07 05:20:00;Hypertension modérée;MODÉRÉE;143;Traitée;Médecin
ALT00868;M001338;PAT0129;2024-08-30 22:21:00;Fièvre élevée;MODÉRÉE;38.9;Traitée;Famille
ALT00869;M001339;PAT0137;2024-12-11 02:09:00;Douleur intense;MODÉRÉE;35.5;Traitée;Médecin
ALT00870;M001340;PAT0158;2024-08-20 13:03:00;Douleur intense;MODÉRÉE;37.4;Traitée;Médecin
ALT00871;M001342;PAT0092;2024-08-16 10:19:00;Hypertension modérée;MODÉRÉE;140;Ignorée;Infirmier
ALT00872;M001343;PAT0102;2024-02-13 17:06:00;Douleur intense;MODÉRÉE;36;Ignorée;Médecin
ALT00873;M001344;PAT0118;2024-05-04 23:52:00;Hypoxémie;CRITIQUE;37.6;En cours;Médecin
ALT00874;M001345;PAT0156;2024-11-22 03:24:00;Hypertension modérée;MODÉRÉE;142;Traitée;Médecin
ALT00875;M001348;PAT0122;2024-08-11 08:47:00;Douleur intense;MODÉRÉE;38.3;En cours;Médecin
ALT00876;M001349;PAT0047;2024-05-19 00:26:00;Hypertension modérée;MODÉRÉE;151;Traitée;Famille
ALT00877;M001351;PAT0187;2024-08-23 18:26:00;Douleur intense;MODÉRÉE;38;Traitée;Médecin
ALT00878;M001352;PAT0088;2024-06-26 14:09:00;Hypertension critique;CRITIQUE;168;En cours;Infirmier
ALT00879;M001353;PAT0100;2024-01-17 21:54:00;Hypoxémie;CRITIQUE;37.8;En cours;Médecin
ALT00880;M001357;PAT0029;2024-04-01 05:49:00;Fièvre élevée;MODÉRÉE;38.6;Traitée;Médecin
ALT00881;M001358;PAT0056;2024-11-02 08:20:00;Fièvre élevée;MODÉRÉE;38.6;Ignorée;Famille
ALT00882;M001359;PAT0196;2024-09-14 17:34:00;Douleur intense;MODÉRÉE;37.1;Ignorée;Infirmier
ALT00883;M001360;PAT0041;2024-03-31 12:18:00;Hypoxémie;CRITIQUE;35.5;En cours;Infirmier
ALT00884;M001362;PAT0129;2024-11-02 18:46:00;Hypertension critique;CRITIQUE;167;Traitée;Famille
ALT00885;M001363;PAT0121;2024-07-08 00:47:00;Hyperglycémie;CRITIQUE;37.9;Traitée;Médecin
ALT00886;M001364;PAT0042;2024-05-02 05:30:00;Fièvre élevée;CRITIQUE;39.2;Traitée;Famille
ALT00887;M001365;PAT0053;2024-08-23 07:43:00;Hypertension critique;CRITIQUE;174;Traitée;Médecin
ALT00888;M001366;PAT0165;2024-11-05 10:55:00;Fièvre élevée;CRITIQUE;39.2;Ignorée;Médecin
ALT00889;M001367;PAT0192;2024-12-12 13:55:00;Douleur intense;MODÉRÉE;37.6;Traitée;Infirmier
ALT00890;M001369;PAT0186;2024-07-05 12:45:00;Fièvre élevée;CRITIQUE;39.2;En cours;Médecin
ALT00891;M001371;PAT0054;2024-06-17 20:44:00;Hypertension modérée;MODÉRÉE;143;En cours;Médecin
ALT00892;M001373;PAT0038;2024-01-14 07:56:00;Hypertension modérée;MODÉRÉE;142;Traitée;Médecin
ALT00893;M001374;PAT0146;2024-08-31 22:28:00;Hypertension critique;CRITIQUE;167;Traitée;Infirmier
ALT00894;M001375;PAT0075;2024-05-11 20:14:00;Hyperglycémie;CRITIQUE;35.6;Ignorée;Famille
ALT00895;M001376;PAT0094;2024-09-21 12:30:00;Tachycardie;MODÉRÉE;38;Ignorée;Infirmier
ALT00896;M001379;PAT0167;2024-09-12 14:36:00;Fièvre élevée;CRITIQUE;39.2;Traitée;Médecin
ALT00897;M001381;PAT0137;2024-10-02 02:51:00;Douleur intense;MODÉRÉE;35.7;Ignorée;Infirmier
ALT00898;M001382;PAT0047;2024-11-29 07:14:00;Hypertension modérée;MODÉRÉE;141;Ignorée;Médecin
ALT00899;M001383;PAT0072;2024-04-07 23:53:00;Fièvre élevée;CRITIQUE;39.2;Traitée;Médecin
ALT00900;M001384;PAT0059;2024-10-24 15:29:00;Hypertension modérée;MODÉRÉE;141;Traitée;Médecin
ALT00901;M001386;PAT0003;2024-02-27 23:56:00;Hyperglycémie;CRITIQUE;37.3;Traitée;Infirmier
ALT00902;M001387;PAT0117;2024-05-08 13:38:00;Hyperglycémie;CRITIQUE;36.6;Traitée;Médecin
ALT00903;M001388;PAT0166;2024-09-29 07:21:00;Hypertension critique;CRITIQUE;166;En cours;Infirmier
ALT00904;M001391;PAT0079;2024-09-28 15:06:00;Douleur intense;MODÉRÉE;38.2;Traitée;Infirmier
ALT00905;M001392;PAT0041;2024-07-21 05:54:00;Hypertension modérée;MODÉRÉE;141;En cours;Infirmier
ALT00906;M001393;PAT0168;2024-08-01 23:17:00;Douleur intense;MODÉRÉE;36.4;Ignorée;Infirmier
ALT00907;M001395;PAT0104;2024-07-28 11:41:00;Fièvre élevée;MODÉRÉE;38.7;Traitée;Médecin
ALT00908;M001397;PAT0190;2024-04-20 19:32:00;Douleur intense;MODÉRÉE;37.3;Traitée;Infirmier
ALT00909;M001398;PAT0123;2024-10-30 15:02:00;Fièvre élevée;MODÉRÉE;38.6;En cours;Médecin
ALT00910;M001402;PAT0177;2024-02-04 22:45:00;Fièvre élevée;MODÉRÉE;38.5;En cours;Famille
ALT00911;M001407;PAT0137;2024-09-19 02:36:00;Fièvre élevée;CRITIQUE;39.2;En cours;Infirmier
ALT00912;M001408;PAT0176;2024-05-21 14:28:00;Fièvre élevée;CRITIQUE;39.1;Ignorée;Infirmier
ALT00913;M001409;PAT0166;2024-08-20 16:49:00;Hypertension critique;CRITIQUE;176;Traitée;Famille
ALT00914;M001411;PAT0197;2024-08-22 20:42:00;Tachycardie;MODÉRÉE;36.3;Traitée;Famille
ALT00915;M001412;PAT0148;2024-03-16 06:19:00;Hypertension critique;CRITIQUE;178;Traitée;Médecin
ALT00916;M001413;PAT0033;2024-02-05 10:55:00;Hypertension modérée;MODÉRÉE;148;Traitée;Médecin
ALT00917;M001414;PAT0070;2024-04-21 11:01:00;Douleur intense;MODÉRÉE;36;Traitée;Médecin
ALT00918;M001416;PAT0024;2024-09-16 18:46:00;Hyperglycémie;CRITIQUE;37.6;En cours;Famille
ALT00919;M001418;PAT0029;2024-01-09 00:24:00;Fièvre élevée;MODÉRÉE;38.7;En cours;Famille
ALT00920;M001419;PAT0017;2024-11-29 09:14:00;Fièvre élevée;CRITIQUE;39.5;Traitée;Famille
ALT00921;M001420;PAT0005;2024-05-20 23:41:00;Fièvre élevée;CRITIQUE;39.1;Traitée;Infirmier
ALT00922;M001421;PAT0033;2024-03-12 22:30:00;Fièvre élevée;MODÉRÉE;38.5;En cours;Médecin
ALT00923;M001422;PAT0076;2024-07-31 05:26:00;Douleur intense;MODÉRÉE;36.2;En cours;Infirmier
ALT00924;M001423;PAT0047;2024-02-26 05:01:00;Hypertension critique;CRITIQUE;175;Traitée;Médecin
ALT00925;M001424;PAT0160;2024-01-14 10:01:00;Fièvre élevée;CRITIQUE;39.1;Traitée;Famille
ALT00926;M001425;PAT0139;2024-11-02 23:33:00;Hypertension critique;CRITIQUE;177;Ignorée;Médecin
ALT00927;M001426;PAT0017;2024-08-31 14:26:00;Fièvre élevée;MODÉRÉE;38.9;Traitée;Médecin
ALT00928;M001429;PAT0191;2024-07-25 09:56:00;Douleur intense;MODÉRÉE;38;En cours;Médecin
ALT00929;M001430;PAT0085;2024-08-24 21:37:00;Douleur intense;MODÉRÉE;37.6;Ignorée;Infirmier
ALT00930;M001433;PAT0147;2024-06-25 06:40:00;Fièvre élevée;CRITIQUE;39;En cours;Infirmier
ALT00931;M001437;PAT0076;2024-06-26 09:28:00;Douleur intense;MODÉRÉE;37.2;En cours;Infirmier
ALT00932;M001438;PAT0047;2024-09-18 06:09:00;Fièvre élevée;MODÉRÉE;38.9;En cours;Famille
ALT00933;M001439;PAT0135;2024-03-18 18:55:00;Hypertension modérée;MODÉRÉE;140;Traitée;Infirmier
ALT00934;M001442;PAT0134;2024-08-31 14:20:00;Hyperglycémie;CRITIQUE;36;Ignorée;SAMU
ALT00935;M001443;PAT0172;2024-11-09 19:04:00;Hypertension modérée;MODÉRÉE;143;En cours;Médecin
ALT00936;M001444;PAT0063;2024-03-22 20:26:00;Douleur intense;MODÉRÉE;37.1;Traitée;Famille
ALT00937;M001445;PAT0036;2024-03-04 23:47:00;Douleur intense;MODÉRÉE;37.8;Traitée;Médecin
ALT00938;M001446;PAT0195;2024-11-22 03:33:00;Hypertension modérée;MODÉRÉE;147;Traitée;Infirmier
ALT00939;M001447;PAT0113;2024-03-04 17:47:00;Douleur intense;MODÉRÉE;37.9;Traitée;Médecin
ALT00940;M001448;PAT0088;2024-01-21 12:53:00;Fièvre élevée;CRITIQUE;39.1;Traitée;Famille
ALT00941;M001452;PAT0004;2024-09-05 07:37:00;Douleur intense;MODÉRÉE;37.5;Ignorée;Médecin
ALT00942;M001453;PAT0182;2024-11-06 18:24:00;Hypertension modérée;MODÉRÉE;148;Traitée;Infirmier
ALT00943;M001454;PAT0152;2024-11-25 03:36:00;Hypertension critique;CRITIQUE;163;En cours;Famille
ALT00944;M001456;PAT0010;2024-11-17 23:49:00;Hyperglycémie;CRITIQUE;37.2;En cours;Famille
ALT00945;M001460;PAT0086;2024-10-02 23:51:00;Fièvre élevée;MODÉRÉE;38.8;Traitée;Médecin
ALT00946;M001461;PAT0024;2024-06-09 19:31:00;Hyperglycémie;CRITIQUE;38.1;En cours;Famille
ALT00947;M001462;PAT0090;2024-08-12 11:48:00;Tachycardie;MODÉRÉE;36.1;Traitée;SAMU
ALT00948;M001463;PAT0130;2024-10-13 09:48:00;Douleur intense;MODÉRÉE;37.7;En cours;Famille
ALT00949;M001464;PAT0024;2024-12-05 12:54:00;Hyperglycémie;CRITIQUE;36.6;Traitée;Médecin
ALT00950;M001465;PAT0027;2024-05-30 19:36:00;Fièvre élevée;CRITIQUE;39.4;En cours;Médecin
ALT00951;M001467;PAT0166;2024-03-15 00:18:00;Hypertension modérée;MODÉRÉE;153;Traitée;SAMU
ALT00952;M001469;PAT0192;2024-07-05 08:27:00;Douleur intense;MODÉRÉE;37;En cours;Médecin
ALT00953;M001470;PAT0020;2024-03-09 10:55:00;Fièvre élevée;MODÉRÉE;38.8;En cours;Médecin
ALT00954;M001471;PAT0130;2024-10-01 10:06:00;Fièvre élevée;MODÉRÉE;38.7;Traitée;Infirmier
ALT00955;M001472;PAT0142;2024-04-24 14:17:00;Hypertension modérée;MODÉRÉE;149;En cours;Médecin
ALT00956;M001475;PAT0126;2024-03-09 12:13:00;Douleur intense;MODÉRÉE;38.1;Traitée;Médecin
ALT00957;M001476;PAT0146;2024-09-17 13:09:00;Fièvre élevée;MODÉRÉE;38.6;Ignorée;Infirmier
ALT00958;M001477;PAT0014;2024-07-02 18:07:00;Fièvre élevée;MODÉRÉE;38.6;Traitée;Médecin
ALT00959;M001478;PAT0188;2024-11-03 05:53:00;Hypoxémie;CRITIQUE;36.2;Traitée;Infirmier
ALT00960;M001479;PAT0025;2024-10-20 22:43:00;Hypertension modérée;MODÉRÉE;148;En cours;Médecin
ALT00961;M001480;PAT0047;2024-06-30 05:45:00;Hypertension modérée;MODÉRÉE;140;Ignorée;Infirmier
ALT00962;M001483;PAT0099;2024-10-17 18:23:00;Fièvre élevée;MODÉRÉE;38.9;Traitée;Médecin
ALT00963;M001485;PAT0181;2024-03-31 16:09:00;Fièvre élevée;MODÉRÉE;38.8;Traitée;SAMU
ALT00964;M001486;PAT0080;2024-02-25 11:43:00;Tachycardie;MODÉRÉE;36.2;En cours;Infirmier
ALT00965;M001487;PAT0040;2024-06-21 14:59:00;Douleur intense;MODÉRÉE;38.1;Traitée;Médecin
ALT00966;M001488;PAT0142;2024-05-06 11:09:00;Hypertension modérée;MODÉRÉE;156;Traitée;Famille
ALT00967;M001489;PAT0016;2024-09-02 21:45:00;Fièvre élevée;MODÉRÉE;38.5;En cours;Médecin
ALT00968;M001492;PAT0083;2024-11-08 12:19:00;Douleur intense;MODÉRÉE;37.5;Traitée;Médecin
ALT00969;M001493;PAT0136;2024-04-06 02:19:00;Fièvre élevée;CRITIQUE;39.1;Ignorée;Infirmier
ALT00970;M001497;PAT0053;2024-02-29 09:00:00;Fièvre élevée;CRITIQUE;39.1;Traitée;Médecin
ALT00971;M001498;PAT0100;2024-07-09 12:02:00;Hypoxémie;CRITIQUE;36.1;Traitée;Infirmier
ALT00972;M001499;PAT0175;2024-11-16 09:13:00;Fièvre élevée;CRITIQUE;39.3;En cours;SAMU
ALT00973;M001500;PAT0107;2024-07-12 08:53:00;Fièvre élevée;CRITIQUE;39.1;Traitée;Médecin
ALT00974;M001503;PAT0074;2024-10-18 08:06:00;Fièvre élevée;MODÉRÉE;38.5;En cours;Famille
ALT00975;M001504;PAT0143;2024-04-12 04:33:00;Fièvre élevée;CRITIQUE;39.5;Traitée;Famille
ALT00976;M001507;PAT0065;2024-06-28 14:12:00;Fièvre élevée;CRITIQUE;39.1;En cours;Infirmier
ALT00977;M001508;PAT0017;2024-11-17 06:21:00;Douleur intense;MODÉRÉE;38.1;Traitée;Famille
ALT00978;M001511;PAT0098;2024-01-30 12:49:00;Hypertension modérée;MODÉRÉE;144;En cours;Médecin
ALT00979;M001512;PAT0019;2024-08-31 18:41:00;Hypertension critique;CRITIQUE;161;Traitée;Médecin
ALT00980;M001513;PAT0175;2024-05-08 11:40:00;Douleur intense;MODÉRÉE;37.3;En cours;Infirmier
ALT00981;M001514;PAT0058;2024-11-22 23:11:00;Fièvre élevée;CRITIQUE;39.4;Traitée;Famille
ALT00982;M001515;PAT0006;2024-06-02 04:02:00;Hypertension modérée;MODÉRÉE;144;Traitée;Famille
ALT00983;M001516;PAT0033;2024-06-29 06:25:00;Hypertension critique;CRITIQUE;163;Traitée;Médecin
ALT00984;M001517;PAT0119;2024-06-15 21:25:00;Douleur intense;MODÉRÉE;36;Traitée;SAMU
ALT00985;M001518;PAT0050;2024-12-03 19:23:00;Fièvre élevée;CRITIQUE;39.1;En cours;Médecin
ALT00986;M001519;PAT0079;2024-03-13 15:06:00;Douleur intense;MODÉRÉE;37.7;Ignorée;Famille
ALT00987;M001520;PAT0106;2024-04-21 10:35:00;Fièvre élevée;CRITIQUE;39.1;Traitée;Médecin
ALT00988;M001521;PAT0007;2024-07-16 18:42:00;Douleur intense;MODÉRÉE;36.2;Traitée;Infirmier
ALT00989;M001522;PAT0103;2024-04-11 04:26:00;Hypertension modérée;MODÉRÉE;142;En cours;Médecin
ALT00990;M001523;PAT0081;2024-11-09 16:47:00;Hyperglycémie;CRITIQUE;38;Traitée;Médecin
ALT00991;M001524;PAT0003;2024-01-28 10:54:00;Hyperglycémie;CRITIQUE;35.9;Traitée;Infirmier
ALT00992;M001525;PAT0079;2024-07-04 19:58:00;Hyperglycémie;CRITIQUE;36.8;Traitée;Infirmier
ALT00993;M001526;PAT0075;2024-10-14 05:57:00;Fièvre élevée;CRITIQUE;39;Ignorée;Médecin
ALT00994;M001527;PAT0041;2024-11-17 15:44:00;Fièvre élevée;CRITIQUE;39.4;Traitée;Médecin
ALT00995;M001528;PAT0038;2024-02-19 01:08:00;Fièvre élevée;CRITIQUE;39;Traitée;Famille
ALT00996;M001530;PAT0146;2024-06-22 02:56:00;Hypertension critique;CRITIQUE;175;Traitée;Infirmier
ALT00997;M001531;PAT0029;2024-12-08 06:40:00;Douleur intense;MODÉRÉE;36.8;Traitée;Médecin
ALT00998;M001534;PAT0070;2024-12-02 14:42:00;Hyperglycémie;CRITIQUE;35.8;Traitée;Infirmier
ALT00999;M001535;PAT0003;2024-01-10 09:24:00;Hyperglycémie;CRITIQUE;36.3;Traitée;Famille
ALT01000;M001536;PAT0179;2024-07-06 16:54:00;Fièvre élevée;CRITIQUE;39.5;Traitée;Médecin
ALT01001;M001538;PAT0082;2024-02-28 00:51:00;Hypertension critique;CRITIQUE;172;Traitée;SAMU
ALT01002;M001540;PAT0019;2024-11-16 14:40:00;Fièvre élevée;CRITIQUE;39;Traitée;Médecin
ALT01003;M001541;PAT0036;2024-02-11 05:05:00;Douleur intense;MODÉRÉE;38.4;Traitée;Infirmier
ALT01004;M001548;PAT0173;2024-08-16 00:47:00;Hypoxémie;CRITIQUE;38.2;Traitée;SAMU
ALT01005;M001549;PAT0175;2024-02-03 18:16:00;Hypertension modérée;MODÉRÉE;151;En cours;Famille
ALT01006;M001550;PAT0128;2024-09-07 10:34:00;Fièvre élevée;CRITIQUE;39.5;Traitée;Famille
ALT01007;M001551;PAT0105;2024-08-24 10:59:00;Fièvre élevée;MODÉRÉE;38.7;Traitée;Médecin
ALT01008;M001552;PAT0116;2024-07-16 13:01:00;Fièvre élevée;CRITIQUE;39;Ignorée;Médecin
ALT01009;M001553;PAT0103;2024-08-10 21:57:00;Hypoxémie;CRITIQUE;36.2;Ignorée;Infirmier
ALT01010;M001557;PAT0107;2024-06-06 20:10:00;Douleur intense;MODÉRÉE;36.9;Ignorée;Infirmier
ALT01011;M001558;PAT0034;2024-06-23 23:23:00;Fièvre élevée;MODÉRÉE;38.7;En cours;Médecin
ALT01012;M001559;PAT0005;2024-08-01 07:13:00;Fièvre élevée;CRITIQUE;39.3;Traitée;Famille
ALT01013;M001560;PAT0122;2024-10-11 10:36:00;Fièvre élevée;MODÉRÉE;38.7;En cours;Médecin
ALT01014;M001561;PAT0147;2024-04-27 22:37:00;Tachycardie;MODÉRÉE;37.9;Traitée;Infirmier
ALT01015;M001563;PAT0069;2024-07-18 06:50:00;Fièvre élevée;MODÉRÉE;38.6;Traitée;Infirmier
ALT01016;M001564;PAT0064;2024-01-02 10:22:00;Fièvre élevée;MODÉRÉE;38.8;En cours;Médecin
ALT01017;M001565;PAT0125;2024-11-05 17:12:00;Fièvre élevée;MODÉRÉE;38.8;Traitée;SAMU
ALT01018;M001566;PAT0076;2024-04-09 16:51:00;Douleur intense;MODÉRÉE;37.5;Traitée;Infirmier
ALT01019;M001569;PAT0051;2024-08-20 09:10:00;Douleur intense;MODÉRÉE;37.8;En cours;Famille
ALT01020;M001570;PAT0142;2024-03-13 10:53:00;Hypertension modérée;MODÉRÉE;148;En cours;Famille
ALT01021;M001572;PAT0184;2024-09-11 02:59:00;Hypertension modérée;MODÉRÉE;141;Traitée;Infirmier
ALT01022;M001573;PAT0024;2024-07-01 10:05:00;Hyperglycémie;CRITIQUE;37.2;En cours;Médecin
ALT01023;M001574;PAT0107;2024-07-21 22:09:00;Tachycardie;MODÉRÉE;37.7;Traitée;Famille
ALT01024;M001577;PAT0005;2024-05-28 15:01:00;Hypoxémie;CRITIQUE;38.2;En cours;Infirmier
ALT01025;M001581;PAT0008;2024-11-29 21:32:00;Fièvre élevée;MODÉRÉE;38.6;Ignorée;Famille
ALT01026;M001583;PAT0078;2024-01-28 20:40:00;Hypertension modérée;MODÉRÉE;143;Ignorée;SAMU
ALT01027;M001584;PAT0080;2024-04-02 10:13:00;Hypoxémie;CRITIQUE;37.5;Traitée;Famille
ALT01028;M001585;PAT0155;2024-09-08 15:35:00;Hypertension modérée;MODÉRÉE;144;En cours;Famille
ALT01029;M001586;PAT0158;2024-01-01 00:39:00;Hypertension modérée;MODÉRÉE;143;En cours;Médecin
ALT01030;M001587;PAT0098;2024-03-22 03:03:00;Hypertension modérée;MODÉRÉE;143;Traitée;Médecin
ALT01031;M001588;PAT0020;2024-11-30 00:19:00;Fièvre élevée;MODÉRÉE;38.6;En cours;Famille
ALT01032;M001589;PAT0031;2024-12-15 00:56:00;Fièvre élevée;CRITIQUE;39.2;Traitée;Infirmier
ALT01033;M001590;PAT0117;2024-10-23 22:35:00;Hyperglycémie;CRITIQUE;36.6;En cours;Médecin
ALT01034;M001592;PAT0148;2024-12-02 02:49:00;Fièvre élevée;CRITIQUE;39;Traitée;Infirmier
ALT01035;M001594;PAT0144;2024-09-07 07:45:00;Fièvre élevée;MODÉRÉE;38.9;Ignorée;Famille
ALT01036;M001595;PAT0121;2024-07-10 21:57:00;Douleur intense;MODÉRÉE;37;Traitée;Médecin
ALT01037;M001596;PAT0105;2024-07-24 11:29:00;Fièvre élevée;CRITIQUE;39.4;En cours;Famille
ALT01038;M001597;PAT0173;2024-07-03 13:05:00;Douleur intense;MODÉRÉE;37.9;En cours;Infirmier
ALT01039;M001598;PAT0116;2024-12-14 05:56:00;Tachycardie;MODÉRÉE;35.7;Traitée;SAMU
ALT01040;M001599;PAT0088;2024-03-22 18:08:00;Fièvre élevée;CRITIQUE;39.4;Traitée;Médecin
ALT01041;M001600;PAT0029;2024-10-05 01:33:00;Hypertension modérée;MODÉRÉE;142;En cours;SAMU
ALT01042;M001601;PAT0190;2024-12-29 10:31:00;Douleur intense;MODÉRÉE;36;En cours;Infirmier
ALT01043;M001602;PAT0134;2024-07-20 07:36:00;Hyperglycémie;CRITIQUE;36.9;Traitée;Médecin
ALT01044;M001608;PAT0008;2024-08-30 12:48:00;Hypertension modérée;MODÉRÉE;141;Traitée;Infirmier
ALT01045;M001609;PAT0176;2024-01-14 12:02:00;Fièvre élevée;CRITIQUE;39.4;Traitée;Famille
ALT01046;M001610;PAT0022;2024-11-19 03:29:00;Hypertension critique;CRITIQUE;179;Traitée;Infirmier
ALT01047;M001611;PAT0080;2024-12-26 14:13:00;Hypertension modérée;MODÉRÉE;144;Traitée;Infirmier
ALT01048;M001614;PAT0011;2024-06-18 13:07:00;Douleur intense;MODÉRÉE;38.2;Traitée;Famille
ALT01049;M001618;PAT0140;2024-08-30 01:17:00;Douleur intense;MODÉRÉE;37.2;Traitée;Famille
ALT01050;M001619;PAT0092;2024-09-16 07:58:00;Fièvre élevée;CRITIQUE;39.2;En cours;Médecin
ALT01051;M001620;PAT0171;2024-12-03 17:23:00;Douleur intense;MODÉRÉE;37.7;En cours;Infirmier
ALT01052;M001624;PAT0161;2024-02-06 04:42:00;Douleur intense;MODÉRÉE;36;En cours;Famille
ALT01053;M001625;PAT0019;2024-05-06 20:48:00;Hypertension critique;CRITIQUE;176;Traitée;Médecin
ALT01054;M001627;PAT0156;2024-04-25 23:58:00;Douleur intense;MODÉRÉE;36;Traitée;SAMU
ALT01055;M001630;PAT0078;2024-11-05 10:58:00;Hyperglycémie;CRITIQUE;36.7;Traitée;Infirmier
ALT01056;M001631;PAT0151;2024-12-15 19:38:00;Hyperglycémie;CRITIQUE;38.1;En cours;Infirmier
ALT01057;M001632;PAT0088;2024-11-11 20:04:00;Hypertension critique;CRITIQUE;162;Traitée;Médecin
ALT01058;M001634;PAT0106;2024-11-02 13:42:00;Douleur intense;MODÉRÉE;38.1;Traitée;Médecin
ALT01059;M001637;PAT0128;2024-07-19 15:45:00;Tachycardie;MODÉRÉE;36.6;Traitée;Médecin
ALT01060;M001638;PAT0019;2024-07-11 17:25:00;Hypertension modérée;MODÉRÉE;141;Traitée;Médecin
ALT01061;M001642;PAT0053;2024-12-04 18:03:00;Hypertension modérée;MODÉRÉE;147;Traitée;Médecin
ALT01062;M001643;PAT0062;2024-11-12 19:36:00;Fièvre élevée;MODÉRÉE;38.5;Traitée;Infirmier
ALT01063;M001644;PAT0142;2024-04-22 05:51:00;Fièvre élevée;CRITIQUE;39.4;Traitée;Infirmier
ALT01064;M001645;PAT0024;2024-11-10 08:51:00;Hyperglycémie;CRITIQUE;37.4;Traitée;SAMU
ALT01065;M001646;PAT0157;2024-03-29 07:17:00;Douleur intense;MODÉRÉE;35.9;Traitée;SAMU
ALT01066;M001647;PAT0099;2024-04-28 03:54:00;Hypertension modérée;MODÉRÉE;140;En cours;Infirmier
ALT01067;M001648;PAT0158;2024-01-12 17:48:00;Hypertension modérée;MODÉRÉE;152;Ignorée;Médecin
ALT01068;M001649;PAT0088;2024-09-12 16:39:00;Hypertension modérée;MODÉRÉE;145;Traitée;Médecin
ALT01069;M001650;PAT0154;2024-12-15 12:10:00;Fièvre élevée;MODÉRÉE;38.7;Traitée;Médecin
ALT01070;M001651;PAT0184;2024-04-28 12:38:00;Fièvre élevée;CRITIQUE;39;Traitée;Médecin
ALT01071;M001652;PAT0179;2024-01-12 12:36:00;Hypertension modérée;MODÉRÉE;150;Traitée;Médecin
ALT01072;M001653;PAT0023;2024-06-27 07:17:00;Douleur intense;MODÉRÉE;37;En cours;SAMU
ALT01073;M001654;PAT0166;2024-09-28 06:54:00;Hypertension critique;CRITIQUE;172;Traitée;Infirmier
ALT01074;M001655;PAT0041;2024-12-22 17:03:00;Hypoxémie;CRITIQUE;36.5;Traitée;Famille
ALT01075;M001656;PAT0112;2024-04-05 07:26:00;Hypertension modérée;MODÉRÉE;143;Traitée;SAMU
ALT01076;M001657;PAT0147;2024-03-31 09:35:00;Hypoxémie;CRITIQUE;37.4;Traitée;Médecin
ALT01077;M001658;PAT0155;2024-02-04 03:17:00;Fièvre élevée;MODÉRÉE;38.8;Ignorée;SAMU
ALT01078;M001660;PAT0132;2024-09-13 16:57:00;Hyperglycémie;CRITIQUE;35.7;En cours;Médecin
ALT01079;M001663;PAT0102;2024-07-25 16:29:00;Fièvre élevée;CRITIQUE;39.3;En cours;Médecin
ALT01080;M001665;PAT0019;2024-07-07 09:07:00;Hypertension critique;CRITIQUE;173;Traitée;Médecin
ALT01081;M001666;PAT0125;2024-01-09 06:27:00;Fièvre élevée;MODÉRÉE;38.6;Traitée;Famille
ALT01082;M001668;PAT0120;2024-07-09 06:29:00;Hypertension critique;CRITIQUE;173;Traitée;SAMU
ALT01083;M001669;PAT0026;2024-01-28 11:29:00;Fièvre élevée;CRITIQUE;39.1;Traitée;Médecin
ALT01084;M001670;PAT0091;2024-10-09 15:02:00;Fièvre élevée;CRITIQUE;39.2;En cours;Famille
ALT01085;M001671;PAT0080;2024-03-25 00:06:00;Hypoxémie;CRITIQUE;36.1;Ignorée;Famille
ALT01086;M001672;PAT0162;2024-01-13 14:25:00;Hypertension modérée;MODÉRÉE;153;Traitée;SAMU
ALT01087;M001673;PAT0014;2024-10-26 03:56:00;Hyperglycémie;CRITIQUE;37.3;Ignorée;Médecin
ALT01088;M001674;PAT0141;2024-10-16 16:04:00;Fièvre élevée;CRITIQUE;39.5;Traitée;Infirmier
ALT01089;M001677;PAT0110;2024-05-10 06:00:00;Fièvre élevée;CRITIQUE;39.5;Traitée;SAMU
ALT01090;M001679;PAT0096;2024-05-12 18:35:00;Hypertension critique;CRITIQUE;173;Traitée;Infirmier
ALT01091;M001681;PAT0006;2024-05-19 10:32:00;Hypertension modérée;MODÉRÉE;151;Traitée;Infirmier
ALT01092;M001685;PAT0111;2024-08-30 00:21:00;Fièvre élevée;CRITIQUE;39.3;En cours;Médecin
ALT01093;M001686;PAT0102;2024-07-26 13:54:00;Douleur intense;MODÉRÉE;36.4;Traitée;SAMU
ALT01094;M001688;PAT0179;2024-01-27 00:30:00;Hypertension modérée;MODÉRÉE;157;En cours;Infirmier
ALT01095;M001689;PAT0180;2024-10-19 02:02:00;Hypoxémie;CRITIQUE;36.2;Traitée;Infirmier
ALT01096;M001696;PAT0124;2024-03-03 20:42:00;Fièvre élevée;CRITIQUE;39.3;En cours;Famille
ALT01097;M001698;PAT0100;2024-09-11 14:42:00;Fièvre élevée;CRITIQUE;39.4;Traitée;Infirmier
ALT01098;M001699;PAT0191;2024-08-04 21:20:00;Fièvre élevée;CRITIQUE;39.3;Traitée;Médecin
ALT01099;M001700;PAT0065;2024-09-06 10:09:00;Hypertension modérée;MODÉRÉE;149;Traitée;Médecin
ALT01100;M001703;PAT0136;2024-09-27 18:39:00;Fièvre élevée;CRITIQUE;39.2;Traitée;Famille
ALT01101;M001704;PAT0117;2024-10-29 17:18:00;Hyperglycémie;CRITIQUE;37.7;Traitée;Famille
ALT01102;M001705;PAT0151;2024-02-02 15:53:00;Fièvre élevée;CRITIQUE;39;En cours;Famille
ALT01103;M001706;PAT0081;2024-04-24 14:16:00;Hyperglycémie;CRITIQUE;36.7;Traitée;Médecin
ALT01104;M001708;PAT0013;2024-05-20 17:52:00;Fièvre élevée;CRITIQUE;39.1;En cours;Médecin
ALT01105;M001709;PAT0197;2024-06-05 19:42:00;Tachycardie;MODÉRÉE;35.7;En cours;Infirmier
ALT01106;M001711;PAT0021;2024-05-05 15:01:00;Hypertension modérée;MODÉRÉE;140;Traitée;Infirmier
ALT01107;M001713;PAT0178;2024-02-05 02:09:00;Fièvre élevée;CRITIQUE;39;Ignorée;Médecin
ALT01108;M001714;PAT0198;2024-05-18 05:07:00;Fièvre élevée;MODÉRÉE;38.6;Traitée;Famille
ALT01109;M001715;PAT0120;2024-09-03 21:39:00;Hypertension modérée;MODÉRÉE;155;Traitée;Médecin
ALT01110;M001716;PAT0049;2024-05-08 23:01:00;Fièvre élevée;CRITIQUE;39.1;Traitée;Infirmier
ALT01111;M001718;PAT0008;2024-07-18 13:06:00;Fièvre élevée;MODÉRÉE;38.7;Traitée;Infirmier
ALT01112;M001721;PAT0147;2024-12-06 11:41:00;Hypoxémie;CRITIQUE;36.9;Ignorée;Famille
ALT01113;M001722;PAT0022;2024-02-19 19:33:00;Hypertension critique;CRITIQUE;164;Ignorée;Infirmier
ALT01114;M001725;PAT0072;2024-07-29 02:33:00;Hypertension modérée;MODÉRÉE;140;Traitée;SAMU
ALT01115;M001727;PAT0025;2024-06-19 10:56:00;Hypertension critique;CRITIQUE;167;Traitée;Famille
ALT01116;M001728;PAT0071;2024-10-08 17:58:00;Fièvre élevée;MODÉRÉE;38.9;Traitée;Famille
ALT01117;M001729;PAT0140;2024-10-09 21:19:00;Douleur intense;MODÉRÉE;35.9;Ignorée;Médecin
ALT01118;M001730;PAT0024;2024-05-17 23:03:00;Hyperglycémie;CRITIQUE;36;Traitée;Médecin
ALT01119;M001732;PAT0021;2024-04-04 20:58:00;Douleur intense;MODÉRÉE;37.8;Traitée;Médecin
ALT01120;M001733;PAT0187;2024-03-27 23:52:00;Fièvre élevée;CRITIQUE;39;En cours;Médecin
ALT01121;M001734;PAT0070;2024-04-06 15:35:00;Hyperglycémie;CRITIQUE;36.5;Traitée;Infirmier
ALT01122;M001735;PAT0075;2024-07-26 18:26:00;Fièvre élevée;CRITIQUE;39.1;Traitée;Médecin
ALT01123;M001737;PAT0033;2024-11-24 18:07:00;Fièvre élevée;CRITIQUE;39.4;En cours;Famille
ALT01124;M001738;PAT0191;2024-02-06 21:25:00;Hypertension modérée;MODÉRÉE;140;Traitée;Médecin
ALT01125;M001740;PAT0095;2024-07-29 12:42:00;Hypertension modérée;MODÉRÉE;140;En cours;Médecin
ALT01126;M001741;PAT0053;2024-04-06 21:54:00;Fièvre élevée;CRITIQUE;39.3;Traitée;Infirmier
ALT01127;M001742;PAT0065;2024-08-25 05:03:00;Fièvre élevée;MODÉRÉE;38.6;Traitée;Médecin
ALT01128;M001743;PAT0106;2024-05-27 04:18:00;Douleur intense;MODÉRÉE;36.6;Ignorée;Médecin
ALT01129;M001746;PAT0131;2024-03-15 03:17:00;Douleur intense;MODÉRÉE;38.4;Ignorée;Médecin
ALT01130;M001748;PAT0194;2024-10-11 19:36:00;Fièvre élevée;MODÉRÉE;38.7;En cours;Infirmier
ALT01131;M001749;PAT0001;2024-01-11 10:49:00;Douleur intense;MODÉRÉE;38.3;Traitée;Famille
ALT01132;M001750;PAT0048;2024-06-05 23:48:00;Douleur intense;MODÉRÉE;37.2;En cours;Médecin
ALT01133;M001751;PAT0172;2024-11-04 18:36:00;Douleur intense;MODÉRÉE;36.9;En cours;Infirmier
ALT01134;M001752;PAT0012;2024-07-01 15:48:00;Hyperglycémie;CRITIQUE;36.5;En cours;Famille
ALT01135;M001754;PAT0019;2024-10-07 14:45:00;Hypertension modérée;MODÉRÉE;153;Traitée;Médecin
ALT01136;M001755;PAT0003;2024-07-28 03:17:00;Hyperglycémie;CRITIQUE;38.1;Traitée;SAMU
ALT01137;M001756;PAT0157;2024-05-08 19:34:00;Fièvre élevée;MODÉRÉE;38.5;Traitée;Infirmier
ALT01138;M001757;PAT0139;2024-12-22 23:00:00;Fièvre élevée;CRITIQUE;39.2;Traitée;Famille
ALT01139;M001758;PAT0026;2024-10-25 07:59:00;Hypertension modérée;MODÉRÉE;144;En cours;Famille
ALT01140;M001759;PAT0116;2024-03-25 00:47:00;Hypertension modérée;MODÉRÉE;140;Ignorée;Médecin
ALT01141;M001761;PAT0116;2024-03-09 01:07:00;Hypoxémie;CRITIQUE;38.4;Traitée;SAMU
ALT01142;M001765;PAT0150;2024-08-19 05:53:00;Fièvre élevée;CRITIQUE;39.5;Traitée;Famille
ALT01143;M001767;PAT0051;2024-07-11 17:29:00;Fièvre élevée;CRITIQUE;39.2;En cours;Infirmier
ALT01144;M001769;PAT0014;2024-10-02 07:51:00;Douleur intense;MODÉRÉE;36;Traitée;Médecin
ALT01145;M001771;PAT0012;2024-04-15 04:51:00;Fièvre élevée;MODÉRÉE;38.7;En cours;Médecin
ALT01146;M001772;PAT0019;2024-11-20 17:05:00;Fièvre élevée;MODÉRÉE;38.5;En cours;Infirmier
ALT01147;M001773;PAT0008;2024-01-06 00:49:00;Hypertension modérée;MODÉRÉE;141;Traitée;Médecin
ALT01148;M001774;PAT0043;2024-11-22 18:05:00;Hyperglycémie;CRITIQUE;35.8;Ignorée;Infirmier
ALT01149;M001775;PAT0166;2024-11-18 23:38:00;Hypertension modérée;MODÉRÉE;156;Traitée;SAMU
ALT01150;M001777;PAT0074;2024-02-09 04:11:00;Fièvre élevée;MODÉRÉE;38.8;En cours;SAMU
ALT01151;M001778;PAT0121;2024-08-10 14:01:00;Hypertension modérée;MODÉRÉE;142;Traitée;Famille
ALT01152;M001780;PAT0106;2024-05-17 16:14:00;Fièvre élevée;CRITIQUE;39.5;Traitée;Famille
ALT01153;M001781;PAT0148;2024-01-22 17:45:00;Hypertension modérée;MODÉRÉE;149;En cours;Médecin
ALT01154;M001782;PAT0158;2024-11-12 11:50:00;Fièvre élevée;CRITIQUE;39.5;Traitée;Famille
ALT01155;M001785;PAT0128;2024-05-07 16:12:00;Hypoxémie;CRITIQUE;37;Traitée;Famille
ALT01156;M001786;PAT0063;2024-02-03 04:44:00;Douleur intense;MODÉRÉE;37.1;Traitée;SAMU
ALT01157;M001787;PAT0172;2024-06-06 13:19:00;Douleur intense;MODÉRÉE;36.1;Traitée;Infirmier
ALT01158;M001788;PAT0185;2024-09-27 13:13:00;Douleur intense;MODÉRÉE;35.9;Traitée;Médecin
ALT01159;M001791;PAT0006;2024-08-28 12:19:00;Hypertension modérée;MODÉRÉE;151;Traitée;Infirmier
ALT01160;M001792;PAT0130;2024-01-12 07:46:00;Hypertension modérée;MODÉRÉE;141;Traitée;Famille
ALT01161;M001793;PAT0085;2024-03-09 14:39:00;Fièvre élevée;MODÉRÉE;38.8;Traitée;Famille
ALT01162;M001794;PAT0164;2024-05-29 07:13:00;Fièvre élevée;CRITIQUE;39.2;Traitée;Infirmier
ALT01163;M001795;PAT0066;2024-12-28 03:25:00;Douleur intense;MODÉRÉE;38.4;Traitée;Infirmier
ALT01164;M001796;PAT0154;2024-08-26 23:56:00;Fièvre élevée;MODÉRÉE;38.6;Traitée;Médecin
ALT01165;M001797;PAT0024;2024-04-11 15:13:00;Hyperglycémie;CRITIQUE;36;Traitée;Médecin
ALT01166;M001799;PAT0129;2024-10-09 23:55:00;Hypertension modérée;MODÉRÉE;143;Traitée;Médecin
ALT01167;M001800;PAT0008;2024-06-20 13:07:00;Hypoxémie;CRITIQUE;37.7;Traitée;Infirmier
ALT01168;M001801;PAT0097;2024-11-22 22:31:00;Hypertension critique;CRITIQUE;161;Traitée;Médecin
ALT01169;M001802;PAT0107;2024-11-13 21:13:00;Hypertension modérée;MODÉRÉE;143;Traitée;Infirmier
ALT01170;M001803;PAT0080;2024-03-04 16:40:00;Fièvre élevée;MODÉRÉE;38.6;Traitée;Infirmier
ALT01171;M001804;PAT0136;2024-01-14 18:08:00;Fièvre élevée;MODÉRÉE;38.5;En cours;Infirmier
ALT01172;M001805;PAT0156;2024-03-16 02:15:00;Hypertension modérée;MODÉRÉE;140;Traitée;Infirmier
ALT01173;M001806;PAT0179;2024-05-30 04:33:00;Hypertension critique;CRITIQUE;171;Traitée;SAMU
ALT01174;M001808;PAT0025;2024-03-06 13:49:00;Fièvre élevée;MODÉRÉE;38.9;En cours;Infirmier
ALT01175;M001809;PAT0134;2024-07-03 12:25:00;Fièvre élevée;CRITIQUE;39;Ignorée;Infirmier
ALT01176;M001810;PAT0176;2024-06-13 23:13:00;Douleur intense;MODÉRÉE;35.9;Traitée;Médecin
ALT01177;M001811;PAT0014;2024-09-17 17:11:00;Hyperglycémie;CRITIQUE;37.2;Traitée;Famille
ALT01178;M001812;PAT0144;2024-03-14 19:13:00;Fièvre élevée;CRITIQUE;39.4;En cours;Infirmier
ALT01179;M001815;PAT0027;2024-08-19 22:44:00;Hyperglycémie;CRITIQUE;35.6;Traitée;Infirmier
ALT01180;M001816;PAT0182;2024-05-28 09:36:00;Douleur intense;MODÉRÉE;36.2;En cours;Infirmier
ALT01181;M001818;PAT0200;2024-10-09 20:38:00;Fièvre élevée;MODÉRÉE;38.5;Traitée;Infirmier
ALT01182;M001819;PAT0023;2024-05-31 04:34:00;Fièvre élevée;MODÉRÉE;38.6;En cours;Famille
ALT01183;M001821;PAT0045;2024-02-25 05:53:00;Fièvre élevée;MODÉRÉE;38.6;Traitée;Médecin
ALT01184;M001822;PAT0104;2024-01-29 13:39:00;Hypertension critique;CRITIQUE;163;En cours;Famille
ALT01185;M001823;PAT0118;2024-01-16 20:28:00;Hypoxémie;CRITIQUE;36.2;Traitée;Infirmier
ALT01186;M001824;PAT0134;2024-06-15 21:42:00;Hyperglycémie;CRITIQUE;37.9;Ignorée;SAMU
ALT01187;M001828;PAT0019;2024-04-20 00:35:00;Hypertension modérée;MODÉRÉE;153;En cours;Médecin
ALT01188;M001829;PAT0197;2024-09-27 10:36:00;Hypoxémie;CRITIQUE;36.8;En cours;Médecin
ALT01189;M001830;PAT0069;2024-03-17 07:37:00;Fièvre élevée;MODÉRÉE;38.7;En cours;Médecin
ALT01190;M001832;PAT0100;2024-01-29 03:53:00;Fièvre élevée;CRITIQUE;39.4;En cours;Infirmier
ALT01191;M001834;PAT0156;2024-06-13 01:29:00;Hypertension modérée;MODÉRÉE;143;En cours;Infirmier
ALT01192;M001835;PAT0114;2024-11-17 04:03:00;Hyperglycémie;CRITIQUE;38.4;Traitée;Famille
ALT01193;M001837;PAT0106;2024-11-01 04:22:00;Hyperglycémie;CRITIQUE;35.6;Traitée;Médecin
ALT01194;M001839;PAT0135;2024-05-14 02:12:00;Douleur intense;MODÉRÉE;36.3;Ignorée;Infirmier
ALT01195;M001840;PAT0092;2024-03-28 06:22:00;Fièvre élevée;CRITIQUE;39.2;En cours;Infirmier
ALT01196;M001842;PAT0061;2024-12-08 10:08:00;Hyperglycémie;CRITIQUE;37.4;En cours;Famille
ALT01197;M001845;PAT0061;2024-12-15 08:53:00;Douleur intense;MODÉRÉE;35.9;En cours;SAMU
ALT01198;M001846;PAT0190;2024-12-07 16:10:00;Fièvre élevée;CRITIQUE;39.2;Traitée;Famille
ALT01199;M001848;PAT0088;2024-09-08 23:43:00;Hypertension critique;CRITIQUE;162;En cours;Médecin
ALT01200;M001851;PAT0117;2024-02-01 12:55:00;Fièvre élevée;CRITIQUE;39.3;Traitée;SAMU
ALT01201;M001852;PAT0004;2024-01-02 12:34:00;Douleur intense;MODÉRÉE;36.1;Traitée;Médecin
ALT01202;M001853;PAT0084;2024-02-14 12:43:00;Fièvre élevée;CRITIQUE;39;Traitée;Médecin
ALT01203;M001854;PAT0027;2024-07-26 18:09:00;Hyperglycémie;CRITIQUE;38.4;En cours;Médecin
ALT01204;M001855;PAT0036;2024-07-22 14:48:00;Douleur intense;MODÉRÉE;37.9;Traitée;Famille
ALT01205;M001856;PAT0061;2024-11-07 17:18:00;Fièvre élevée;MODÉRÉE;38.6;Traitée;Infirmier
ALT01206;M001857;PAT0085;2024-11-05 22:46:00;Hypertension modérée;MODÉRÉE;144;En cours;Famille
ALT01207;M001859;PAT0162;2024-02-13 09:22:00;Hypertension modérée;MODÉRÉE;151;En cours;Médecin
ALT01208;M001861;PAT0139;2024-12-02 05:01:00;Fièvre élevée;CRITIQUE;39.2;Traitée;Médecin
ALT01209;M001865;PAT0069;2024-12-05 11:48:00;Fièvre élevée;CRITIQUE;39.5;Traitée;Infirmier
ALT01210;M001866;PAT0010;2024-03-04 05:17:00;Fièvre élevée;CRITIQUE;39.1;Traitée;Infirmier
ALT01211;M001867;PAT0065;2024-09-25 12:29:00;Hypertension critique;CRITIQUE;162;Traitée;Infirmier
ALT01212;M001868;PAT0048;2024-11-20 04:43:00;Douleur intense;MODÉRÉE;37.6;Traitée;Médecin
ALT01213;M001870;PAT0137;2024-09-04 05:58:00;Fièvre élevée;CRITIQUE;39.3;En cours;Infirmier
ALT01214;M001872;PAT0028;2024-07-19 11:23:00;Douleur intense;MODÉRÉE;35.6;En cours;Famille
ALT01215;M001874;PAT0160;2024-12-11 16:52:00;Hypertension modérée;MODÉRÉE;143;En cours;Infirmier
ALT01216;M001876;PAT0101;2024-06-15 09:29:00;Douleur intense;MODÉRÉE;35.9;Traitée;Médecin
ALT01217;M001877;PAT0094;2024-04-19 13:30:00;Douleur intense;MODÉRÉE;38.4;En cours;Médecin
ALT01218;M001878;PAT0082;2024-11-13 08:54:00;Hypertension modérée;MODÉRÉE;158;Traitée;Médecin
ALT01219;M001881;PAT0135;2024-06-27 12:10:00;Fièvre élevée;CRITIQUE;39.1;Traitée;Famille
ALT01220;M001883;PAT0036;2024-06-21 16:21:00;Fièvre élevée;CRITIQUE;39.4;Traitée;Infirmier
ALT01221;M001886;PAT0079;2024-04-27 18:41:00;Fièvre élevée;CRITIQUE;39;Traitée;Infirmier
ALT01222;M001889;PAT0159;2024-09-08 04:31:00;Fièvre élevée;CRITIQUE;39.4;En cours;Médecin
ALT01223;M001891;PAT0181;2024-07-07 09:13:00;Fièvre élevée;CRITIQUE;39.3;En cours;Médecin
ALT01224;M001892;PAT0140;2024-02-24 23:08:00;Douleur intense;MODÉRÉE;36.3;En cours;Famille
ALT01225;M001896;PAT0124;2024-03-20 18:02:00;Hypertension modérée;MODÉRÉE;144;Ignorée;Médecin
ALT01226;M001899;PAT0168;2024-04-05 00:20:00;Hypertension modérée;MODÉRÉE;142;Traitée;Médecin
ALT01227;M001902;PAT0139;2024-10-11 09:17:00;Hypertension modérée;MODÉRÉE;142;Traitée;Médecin
ALT01228;M001903;PAT0057;2024-07-20 09:15:00;Fièvre élevée;CRITIQUE;39.3;Traitée;Infirmier
ALT01229;M001904;PAT0128;2024-02-29 05:57:00;Hypoxémie;CRITIQUE;37.3;Ignorée;Médecin
ALT01230;M001905;PAT0147;2024-02-05 05:03:00;Hypoxémie;CRITIQUE;36.8;Ignorée;Famille
ALT01231;M001906;PAT0185;2024-09-08 22:57:00;Fièvre élevée;MODÉRÉE;38.8;En cours;SAMU
ALT01232;M001907;PAT0063;2024-01-15 21:48:00;Fièvre élevée;CRITIQUE;39.4;En cours;Famille
ALT01233;M001909;PAT0120;2024-09-16 18:28:00;Hypertension critique;CRITIQUE;176;Traitée;Infirmier
ALT01234;M001910;PAT0171;2024-04-04 07:40:00;Douleur intense;MODÉRÉE;37.6;Ignorée;Médecin
ALT01235;M001911;PAT0011;2024-05-22 09:15:00;Fièvre élevée;CRITIQUE;39.2;Traitée;Famille
ALT01236;M001912;PAT0083;2024-02-04 11:53:00;Fièvre élevée;CRITIQUE;39;Traitée;Famille
ALT01237;M001913;PAT0006;2024-11-25 18:10:00;Fièvre élevée;MODÉRÉE;38.6;Traitée;Infirmier
ALT01238;M001914;PAT0024;2024-09-01 08:41:00;Fièvre élevée;CRITIQUE;39;Traitée;SAMU
ALT01239;M001917;PAT0120;2024-03-12 01:07:00;Hypertension modérée;MODÉRÉE;157;Traitée;Famille
ALT01240;M001919;PAT0136;2024-05-07 06:59:00;Douleur intense;MODÉRÉE;38;Traitée;Médecin
ALT01241;M001923;PAT0152;2024-07-06 11:46:00;Hypertension critique;CRITIQUE;174;Traitée;Médecin
ALT01242;M001924;PAT0055;2024-10-18 19:22:00;Douleur intense;MODÉRÉE;36;En cours;Médecin
ALT01243;M001926;PAT0079;2024-03-07 06:54:00;Hyperglycémie;CRITIQUE;35.6;Traitée;Médecin
ALT01244;M001927;PAT0037;2024-01-28 13:07:00;Douleur intense;MODÉRÉE;36.9;En cours;Médecin
ALT01245;M001928;PAT0043;2024-02-01 14:46:00;Hyperglycémie;CRITIQUE;38.4;Traitée;Infirmier
ALT01246;M001929;PAT0059;2024-05-24 16:41:00;Fièvre élevée;CRITIQUE;39.3;Ignorée;Famille
ALT01247;M001931;PAT0093;2024-07-26 15:36:00;Fièvre élevée;CRITIQUE;39.2;En cours;Médecin
ALT01248;M001932;PAT0160;2024-08-14 18:43:00;Fièvre élevée;MODÉRÉE;38.6;En cours;Famille
ALT01249;M001933;PAT0065;2024-02-24 04:53:00;Fièvre élevée;MODÉRÉE;38.7;Ignorée;Médecin
ALT01250;M001934;PAT0197;2024-09-20 03:02:00;Hypoxémie;CRITIQUE;36.3;Ignorée;Infirmier
ALT01251;M001935;PAT0026;2024-05-21 02:31:00;Douleur intense;MODÉRÉE;36.1;En cours;Infirmier
ALT01252;M001937;PAT0022;2024-01-22 13:28:00;Hypertension critique;CRITIQUE;177;Traitée;Infirmier
ALT01253;M001939;PAT0005;2024-04-03 11:34:00;Fièvre élevée;MODÉRÉE;38.9;Traitée;Famille
ALT01254;M001940;PAT0065;2024-04-14 03:35:00;Hypertension critique;CRITIQUE;163;En cours;Infirmier
ALT01255;M001944;PAT0171;2024-05-09 01:01:00;Fièvre élevée;MODÉRÉE;38.5;Traitée;SAMU
ALT01256;M001946;PAT0182;2024-03-29 01:16:00;Hypertension critique;CRITIQUE;173;En cours;Médecin
ALT01257;M001947;PAT0128;2024-07-21 19:33:00;Fièvre élevée;CRITIQUE;39.5;En cours;Médecin
ALT01258;M001948;PAT0113;2024-07-31 12:38:00;Douleur intense;MODÉRÉE;37.7;Traitée;Infirmier
ALT01259;M001949;PAT0039;2024-05-26 01:31:00;Hypertension modérée;MODÉRÉE;143;Traitée;Médecin
ALT01260;M001950;PAT0112;2024-12-18 16:42:00;Douleur intense;MODÉRÉE;37.9;Traitée;SAMU
ALT01261;M001951;PAT0115;2024-02-04 22:52:00;Fièvre élevée;CRITIQUE;39.1;Traitée;Médecin
ALT01262;M001954;PAT0022;2024-12-16 22:48:00;Hypertension critique;CRITIQUE;164;Ignorée;Médecin
ALT01263;M001955;PAT0115;2024-02-27 02:28:00;Fièvre élevée;CRITIQUE;39.4;En cours;Médecin
ALT01264;M001956;PAT0170;2024-02-06 17:59:00;Hypertension critique;CRITIQUE;169;Traitée;Médecin
ALT01265;M001957;PAT0116;2024-07-01 16:32:00;Tachycardie;MODÉRÉE;38.4;Ignorée;Infirmier
ALT01266;M001958;PAT0113;2024-10-03 05:03:00;Fièvre élevée;MODÉRÉE;38.7;Traitée;SAMU
ALT01267;M001960;PAT0022;2024-09-18 15:43:00;Fièvre élevée;MODÉRÉE;38.8;Ignorée;Médecin
ALT01268;M001961;PAT0130;2024-07-19 18:42:00;Fièvre élevée;CRITIQUE;39.2;En cours;Médecin
ALT01269;M001962;PAT0091;2024-03-01 08:57:00;Fièvre élevée;MODÉRÉE;38.7;Traitée;Médecin
ALT01270;M001963;PAT0127;2024-11-24 07:11:00;Hyperglycémie;CRITIQUE;37.5;Traitée;Médecin
ALT01271;M001964;PAT0086;2024-06-30 03:49:00;Fièvre élevée;CRITIQUE;39.2;Traitée;Infirmier
ALT01272;M001965;PAT0102;2024-11-23 01:56:00;Hypertension modérée;MODÉRÉE;140;Traitée;Infirmier
ALT01273;M001966;PAT0099;2024-05-15 19:27:00;Douleur intense;MODÉRÉE;35.6;Ignorée;Famille
ALT01274;M001968;PAT0105;2024-10-06 04:00:00;Hypertension critique;CRITIQUE;174;Traitée;SAMU
ALT01275;M001969;PAT0103;2024-09-13 07:39:00;Tachycardie;MODÉRÉE;35.7;Traitée;Médecin
ALT01276;M001970;PAT0193;2024-11-04 18:04:00;Hypertension modérée;MODÉRÉE;143;Traitée;Médecin
ALT01277;M001971;PAT0029;2024-05-07 11:42:00;Fièvre élevée;MODÉRÉE;38.5;En cours;SAMU
ALT01278;M001974;PAT0193;2024-03-15 08:07:00;Hypoxémie;CRITIQUE;38;Traitée;Infirmier
ALT01279;M001975;PAT0075;2024-10-17 13:25:00;Fièvre élevée;MODÉRÉE;38.9;Traitée;Médecin
ALT01280;M001976;PAT0017;2024-03-05 22:16:00;Douleur intense;MODÉRÉE;37.9;En cours;Infirmier
ALT01281;M001978;PAT0027;2024-06-16 19:11:00;Fièvre élevée;CRITIQUE;39.2;Traitée;Famille
ALT01282;M001979;PAT0170;2024-05-07 22:37:00;Hypertension modérée;MODÉRÉE;155;Traitée;SAMU
ALT01283;M001980;PAT0146;2024-02-16 10:21:00;Hypertension modérée;MODÉRÉE;159;Traitée;Infirmier
ALT01284;M001981;PAT0158;2024-11-02 21:11:00;Hypertension critique;CRITIQUE;172;Traitée;Médecin
ALT01285;M001984;PAT0132;2024-06-16 11:38:00;Hyperglycémie;CRITIQUE;35.7;En cours;Infirmier
ALT01286;M001985;PAT0147;2024-03-10 09:33:00;Fièvre élevée;CRITIQUE;39.4;Ignorée;Infirmier
ALT01287;M001986;PAT0175;2024-10-12 19:27:00;Hypertension modérée;MODÉRÉE;150;Ignorée;SAMU
ALT01288;M001987;PAT0004;2024-06-08 10:27:00;Fièvre élevée;CRITIQUE;39;Traitée;Infirmier
ALT01289;M001988;PAT0147;2024-06-06 10:14:00;Douleur intense;MODÉRÉE;36.3;En cours;Médecin
ALT01290;M001989;PAT0095;2024-07-26 12:50:00;Hypertension modérée;MODÉRÉE;143;En cours;Infirmier
ALT01291;M001990;PAT0014;2024-11-19 10:38:00;Douleur intense;MODÉRÉE;37.9;En cours;Médecin
ALT01292;M001992;PAT0178;2024-06-08 12:08:00;Fièvre élevée;MODÉRÉE;38.6;En cours;Médecin
ALT01293;M001993;PAT0072;2024-02-21 02:23:00;Fièvre élevée;CRITIQUE;39.1;En cours;Infirmier
ALT01294;M001994;PAT0164;2024-01-31 00:48:00;Fièvre élevée;CRITIQUE;39.1;Traitée;SAMU
ALT01295;M001995;PAT0124;2024-10-13 04:12:00;Fièvre élevée;CRITIQUE;39;En cours;SAMU
ALT01296;M001996;PAT0004;2024-05-19 14:08:00;Fièvre élevée;CRITIQUE;39.5;Traitée;Infirmier
ALT01297;M001998;PAT0059;2024-12-22 18:46:00;Douleur intense;MODÉRÉE;37;En cours;Infirmier
ALT01298;M001999;PAT0044;2024-05-15 16:11:00;Douleur intense;MODÉRÉE;36.7;Traitée;Médecin
ALT01299;M002001;PAT0167;2024-03-15 06:54:00;Fièvre élevée;CRITIQUE;39;Ignorée;Infirmier
ALT01300;M002003;PAT0116;2024-07-22 06:15:00;Tachycardie;MODÉRÉE;38.2;Ignorée;Médecin
ALT01301;M002004;PAT0008;2024-10-11 17:24:00;Hypoxémie;CRITIQUE;38.2;Ignorée;Infirmier
ALT01302;M002006;PAT0050;2024-11-07 07:20:00;Hypertension modérée;MODÉRÉE;143;En cours;Médecin
ALT01303;M002007;PAT0085;2024-06-05 00:02:00;Fièvre élevée;MODÉRÉE;38.9;Ignorée;Infirmier
ALT01304;M002010;PAT0177;2024-11-04 19:13:00;Douleur intense;MODÉRÉE;37.3;En cours;Médecin
ALT01305;M002012;PAT0170;2024-10-02 23:24:00;Fièvre élevée;MODÉRÉE;38.7;En cours;Famille
ALT01306;M002015;PAT0139;2024-07-14 22:16:00;Hypertension modérée;MODÉRÉE;142;Traitée;Famille
ALT01307;M002016;PAT0152;2024-09-23 07:15:00;Hypertension modérée;MODÉRÉE;158;Traitée;SAMU
ALT01308;M002017;PAT0141;2024-07-19 05:56:00;Hypertension modérée;MODÉRÉE;144;Ignorée;Médecin
ALT01309;M002019;PAT0005;2024-09-24 12:29:00;Hypoxémie;CRITIQUE;37.2;Traitée;Infirmier
ALT01310;M002021;PAT0096;2024-02-17 09:03:00;Fièvre élevée;CRITIQUE;39.2;Traitée;Infirmier
ALT01311;M002022;PAT0063;2024-02-13 18:32:00;Fièvre élevée;MODÉRÉE;38.5;Traitée;Infirmier
ALT01312;M002023;PAT0141;2024-04-09 10:19:00;Douleur intense;MODÉRÉE;37.1;Traitée;Médecin
ALT01313;M002024;PAT0009;2024-01-09 14:53:00;Fièvre élevée;MODÉRÉE;38.5;Traitée;Infirmier
ALT01314;M002025;PAT0085;2024-10-28 12:28:00;Fièvre élevée;MODÉRÉE;38.8;Traitée;Médecin
ALT01315;M002027;PAT0182;2024-04-25 09:00:00;Fièvre élevée;MODÉRÉE;38.7;En cours;Famille
ALT01316;M002028;PAT0069;2024-08-28 01:33:00;Douleur intense;MODÉRÉE;38;Traitée;Famille
ALT01317;M002029;PAT0141;2024-10-10 04:24:00;Hypertension modérée;MODÉRÉE;141;En cours;Médecin
ALT01318;M002030;PAT0118;2024-09-27 07:34:00;Douleur intense;MODÉRÉE;37.2;Traitée;Infirmier
ALT01319;M002031;PAT0136;2024-12-04 20:31:00;Fièvre élevée;MODÉRÉE;38.6;En cours;Médecin
ALT01320;M002032;PAT0047;2024-02-09 18:29:00;Fièvre élevée;CRITIQUE;39.1;Ignorée;Infirmier
ALT01321;M002033;PAT0034;2024-12-25 11:29:00;Fièvre élevée;MODÉRÉE;38.9;Traitée;Médecin
ALT01322;M002035;PAT0019;2024-07-03 10:32:00;Hypertension modérée;MODÉRÉE;157;Traitée;Infirmier
ALT01323;M002036;PAT0024;2024-03-11 15:18:00;Hypertension modérée;MODÉRÉE;142;Traitée;Famille
ALT01324;M002037;PAT0142;2024-02-17 19:45:00;Hypertension critique;CRITIQUE;174;En cours;Médecin
ALT01325;M002039;PAT0185;2024-05-16 04:06:00;Fièvre élevée;MODÉRÉE;38.8;Traitée;Médecin
ALT01326;M002040;PAT0082;2024-09-15 04:00:00;Fièvre élevée;MODÉRÉE;38.9;Traitée;Famille
ALT01327;M002041;PAT0182;2024-01-26 02:40:00;Hypertension modérée;MODÉRÉE;140;Traitée;Famille
ALT01328;M002042;PAT0118;2024-03-10 08:54:00;Fièvre élevée;CRITIQUE;39;Ignorée;Infirmier
ALT01329;M002043;PAT0084;2024-05-23 00:03:00;Hypertension modérée;MODÉRÉE;141;Traitée;Médecin
ALT01330;M002045;PAT0096;2024-02-03 01:50:00;Hypertension critique;CRITIQUE;179;Traitée;Infirmier
ALT01331;M002046;PAT0030;2024-01-01 19:11:00;Fièvre élevée;MODÉRÉE;38.9;En cours;Infirmier
ALT01332;M002048;PAT0014;2024-03-10 06:02:00;Hyperglycémie;CRITIQUE;35.6;En cours;Famille
ALT01333;M002049;PAT0002;2024-05-11 22:53:00;Fièvre élevée;CRITIQUE;39.5;En cours;Médecin
ALT01334;M002051;PAT0147;2024-07-30 11:08:00;Hypoxémie;CRITIQUE;37.9;En cours;Infirmier
ALT01335;M002052;PAT0023;2024-09-20 04:30:00;Hypertension modérée;MODÉRÉE;142;Traitée;SAMU
ALT01336;M002053;PAT0186;2024-01-19 08:21:00;Douleur intense;MODÉRÉE;35.7;Ignorée;Infirmier
ALT01337;M002054;PAT0176;2024-08-27 09:13:00;Fièvre élevée;CRITIQUE;39.4;En cours;Médecin
ALT01338;M002055;PAT0196;2024-05-03 10:55:00;Fièvre élevée;CRITIQUE;39.2;Traitée;Médecin
ALT01339;M002057;PAT0139;2024-10-07 09:11:00;Hypertension modérée;MODÉRÉE;142;Traitée;Infirmier
ALT01340;M002060;PAT0187;2024-10-31 01:34:00;Fièvre élevée;CRITIQUE;39.2;Traitée;Infirmier
ALT01341;M002062;PAT0200;2024-07-17 03:38:00;Fièvre élevée;CRITIQUE;39.4;Traitée;Médecin
ALT01342;M002063;PAT0175;2024-12-17 22:11:00;Hypertension modérée;MODÉRÉE;157;Traitée;Infirmier
ALT01343;M002064;PAT0081;2024-05-17 22:05:00;Hyperglycémie;CRITIQUE;38.2;Traitée;Médecin
ALT01344;M002065;PAT0113;2024-10-16 11:55:00;Fièvre élevée;CRITIQUE;39.3;Traitée;Médecin
ALT01345;M002066;PAT0013;2024-02-26 10:13:00;Fièvre élevée;CRITIQUE;39;Traitée;SAMU
ALT01346;M002067;PAT0176;2024-05-12 14:40:00;Fièvre élevée;CRITIQUE;39.1;Traitée;Infirmier
ALT01347;M002068;PAT0026;2024-12-26 06:54:00;Douleur intense;MODÉRÉE;36;Traitée;Médecin
ALT01348;M002070;PAT0074;2024-11-14 06:19:00;Fièvre élevée;MODÉRÉE;38.6;Traitée;SAMU
ALT01349;M002072;PAT0139;2024-11-10 03:14:00;Fièvre élevée;CRITIQUE;39.5;Traitée;Infirmier
ALT01350;M002076;PAT0129;2024-12-14 04:45:00;Fièvre élevée;CRITIQUE;39.1;En cours;Médecin
ALT01351;M002077;PAT0149;2024-07-10 07:01:00;Douleur intense;MODÉRÉE;35.5;Ignorée;Médecin
ALT01352;M002080;PAT0170;2024-12-25 04:14:00;Fièvre élevée;MODÉRÉE;38.7;Traitée;Médecin
ALT01353;M002082;PAT0143;2024-09-18 08:15:00;Hypertension modérée;MODÉRÉE;141;Traitée;Médecin
ALT01354;M002083;PAT0057;2024-11-11 00:18:00;Fièvre élevée;CRITIQUE;39.1;En cours;Médecin
ALT01355;M002084;PAT0194;2024-10-15 17:50:00;Fièvre élevée;CRITIQUE;39.4;En cours;Médecin
ALT01356;M002085;PAT0044;2024-10-30 13:19:00;Tachycardie;MODÉRÉE;36.2;Ignorée;Médecin
ALT01357;M002088;PAT0193;2024-04-02 06:27:00;Hypoxémie;CRITIQUE;38.3;En cours;Famille
ALT01358;M002089;PAT0044;2024-09-25 03:33:00;Hypoxémie;CRITIQUE;37.8;Traitée;Médecin
ALT01359;M002091;PAT0081;2024-08-25 22:30:00;Hyperglycémie;CRITIQUE;36.2;Traitée;Médecin
ALT01360;M002093;PAT0097;2024-03-20 16:58:00;Hypertension critique;CRITIQUE;172;Traitée;Infirmier
ALT01361;M002094;PAT0014;2024-09-20 04:10:00;Hyperglycémie;CRITIQUE;38.4;Traitée;Infirmier
ALT01362;M002095;PAT0158;2024-03-06 20:59:00;Fièvre élevée;MODÉRÉE;38.9;Traitée;Famille
ALT01363;M002099;PAT0184;2024-07-02 04:44:00;Fièvre élevée;CRITIQUE;39;Traitée;Médecin
ALT01364;M002100;PAT0195;2024-02-17 13:21:00;Fièvre élevée;CRITIQUE;39;Traitée;Médecin
ALT01365;M002101;PAT0089;2024-10-31 07:59:00;Fièvre élevée;MODÉRÉE;38.8;En cours;Infirmier
ALT01366;M002104;PAT0056;2024-01-15 08:15:00;Fièvre élevée;MODÉRÉE;38.9;En cours;Infirmier
ALT01367;M002105;PAT0101;2024-10-17 02:51:00;Fièvre élevée;CRITIQUE;39;Ignorée;Infirmier
ALT01368;M002106;PAT0094;2024-07-07 13:53:00;Fièvre élevée;CRITIQUE;39.4;Traitée;Médecin
ALT01369;M002107;PAT0099;2024-07-20 04:05:00;Tachycardie;MODÉRÉE;37.8;Traitée;Infirmier
ALT01370;M002110;PAT0034;2024-07-16 04:27:00;Fièvre élevée;CRITIQUE;39;Traitée;Infirmier
ALT01371;M002111;PAT0106;2024-06-24 20:35:00;Hyperglycémie;CRITIQUE;38.3;Traitée;Famille
ALT01372;M002112;PAT0163;2024-01-21 17:47:00;Tachycardie;MODÉRÉE;37.5;Ignorée;Médecin
ALT01373;M002114;PAT0175;2024-04-22 06:35:00;Hypertension critique;CRITIQUE;163;En cours;Famille
ALT01374;M002117;PAT0096;2024-05-16 11:55:00;Hypertension critique;CRITIQUE;160;Ignorée;Médecin
ALT01375;M002118;PAT0128;2024-08-20 12:37:00;Hypoxémie;CRITIQUE;38.3;En cours;Médecin
ALT01376;M002119;PAT0086;2024-07-03 07:27:00;Hypertension modérée;MODÉRÉE;143;En cours;Famille
ALT01377;M002121;PAT0006;2024-01-05 18:21:00;Fièvre élevée;CRITIQUE;39.2;En cours;Médecin
ALT01378;M002123;PAT0047;2024-05-02 00:29:00;Fièvre élevée;CRITIQUE;39;En cours;Infirmier
ALT01379;M002124;PAT0031;2024-07-16 03:59:00;Fièvre élevée;MODÉRÉE;38.8;Traitée;Infirmier
ALT01380;M002126;PAT0116;2024-04-22 21:49:00;Hypoxémie;CRITIQUE;37.3;En cours;SAMU
ALT01381;M002127;PAT0137;2024-03-03 15:33:00;Fièvre élevée;MODÉRÉE;38.8;En cours;Médecin
ALT01382;M002130;PAT0128;2024-03-24 20:59:00;Fièvre élevée;MODÉRÉE;38.8;Traitée;Médecin
ALT01383;M002132;PAT0120;2024-05-22 01:41:00;Fièvre élevée;MODÉRÉE;38.8;Traitée;Médecin
ALT01384;M002133;PAT0113;2024-02-02 00:59:00;Fièvre élevée;CRITIQUE;39.2;Traitée;Médecin
ALT01385;M002135;PAT0031;2024-11-05 09:14:00;Fièvre élevée;CRITIQUE;39.4;En cours;Infirmier
ALT01386;M002137;PAT0160;2024-12-29 04:33:00;Fièvre élevée;MODÉRÉE;38.6;En cours;Médecin
ALT01387;M002138;PAT0148;2024-09-05 07:22:00;Hypertension modérée;MODÉRÉE;151;Traitée;Médecin
ALT01388;M002139;PAT0175;2024-04-30 04:10:00;Hypertension modérée;MODÉRÉE;142;Traitée;Infirmier
ALT01389;M002142;PAT0142;2024-01-24 16:11:00;Hypertension modérée;MODÉRÉE;156;Traitée;Famille
ALT01390;M002143;PAT0052;2024-02-20 00:31:00;Hypertension modérée;MODÉRÉE;142;Ignorée;Infirmier
ALT01391;M002144;PAT0057;2024-10-12 21:35:00;Douleur intense;MODÉRÉE;38;Traitée;SAMU
ALT01392;M002145;PAT0162;2024-12-28 08:34:00;Fièvre élevée;MODÉRÉE;38.9;En cours;Infirmier
ALT01393;M002146;PAT0068;2024-04-17 06:44:00;Fièvre élevée;CRITIQUE;39.4;En cours;Médecin
ALT01394;M002147;PAT0163;2024-11-07 09:16:00;Fièvre élevée;CRITIQUE;39.5;Traitée;Médecin
ALT01395;M002148;PAT0040;2024-12-06 21:40:00;Fièvre élevée;MODÉRÉE;38.9;Traitée;Infirmier
ALT01396;M002149;PAT0047;2024-11-12 10:13:00;Hypertension critique;CRITIQUE;166;Traitée;Famille
ALT01397;M002154;PAT0188;2024-08-31 01:23:00;Hypertension modérée;MODÉRÉE;141;Traitée;Médecin
ALT01398;M002157;PAT0128;2024-04-04 01:30:00;Fièvre élevée;MODÉRÉE;38.7;Traitée;Infirmier
ALT01399;M002158;PAT0171;2024-11-14 20:31:00;Douleur intense;MODÉRÉE;35.9;Traitée;Famille
ALT01400;M002159;PAT0147;2024-08-08 19:25:00;Hypertension modérée;MODÉRÉE;143;En cours;Infirmier
ALT01401;M002160;PAT0122;2024-03-25 13:31:00;Fièvre élevée;CRITIQUE;39.1;Traitée;Famille
ALT01402;M002163;PAT0179;2024-04-13 03:38:00;Hypertension critique;CRITIQUE;167;Traitée;Médecin
ALT01403;M002164;PAT0173;2024-10-23 20:21:00;Hypoxémie;CRITIQUE;36.2;Traitée;SAMU
ALT01404;M002165;PAT0091;2024-06-27 15:51:00;Douleur intense;MODÉRÉE;37;Traitée;SAMU
ALT01405;M002168;PAT0052;2024-06-26 13:44:00;Fièvre élevée;CRITIQUE;39.5;Traitée;Médecin
ALT01406;M002169;PAT0091;2024-04-22 15:12:00;Hypertension modérée;MODÉRÉE;142;En cours;Médecin
ALT01407;M002170;PAT0048;2024-08-13 02:07:00;Fièvre élevée;CRITIQUE;39;Traitée;Médecin
ALT01408;M002173;PAT0135;2024-10-13 18:48:00;Douleur intense;MODÉRÉE;36.8;Traitée;Médecin
ALT01409;M002174;PAT0064;2024-06-18 08:55:00;Fièvre élevée;CRITIQUE;39.1;En cours;Famille
ALT01410;M002175;PAT0019;2024-06-05 19:07:00;Hypertension modérée;MODÉRÉE;158;Ignorée;Famille
ALT01411;M002177;PAT0005;2024-12-12 21:44:00;Tachycardie;MODÉRÉE;37.7;En cours;Infirmier
ALT01412;M002178;PAT0033;2024-09-01 23:59:00;Hypertension modérée;MODÉRÉE;149;En cours;Médecin
ALT01413;M002180;PAT0034;2024-03-29 03:55:00;Douleur intense;MODÉRÉE;37.4;Traitée;Famille
ALT01414;M002184;PAT0030;2024-08-24 10:54:00;Hypertension critique;CRITIQUE;177;Traitée;SAMU
ALT01415;M002187;PAT0022;2024-10-04 17:23:00;Hypertension critique;CRITIQUE;178;Traitée;Médecin
ALT01416;M002188;PAT0041;2024-03-10 01:54:00;Hypoxémie;CRITIQUE;36.5;En cours;Médecin
ALT01417;M002192;PAT0170;2024-08-12 09:04:00;Hypertension modérée;MODÉRÉE;148;Ignorée;SAMU
ALT01418;M002193;PAT0015;2024-10-01 11:03:00;Hypertension modérée;MODÉRÉE;141;En cours;Médecin
ALT01419;M002194;PAT0087;2024-06-21 23:55:00;Fièvre élevée;MODÉRÉE;38.5;Traitée;Infirmier
ALT01420;M002198;PAT0064;2024-01-30 05:17:00;Hypertension modérée;MODÉRÉE;141;En cours;Médecin
ALT01421;M002199;PAT0189;2024-05-12 15:10:00;Hypertension modérée;MODÉRÉE;143;Traitée;Médecin
ALT01422;M002200;PAT0012;2024-05-31 14:04:00;Fièvre élevée;CRITIQUE;39.3;Traitée;Famille
ALT01423;M002201;PAT0005;2024-03-24 05:42:00;Fièvre élevée;MODÉRÉE;38.7;Traitée;Médecin
ALT01424;M002202;PAT0106;2024-05-12 21:56:00;Hypertension modérée;MODÉRÉE;140;En cours;Famille
ALT01425;M002206;PAT0088;2024-09-30 09:45:00;Hypertension critique;CRITIQUE;174;En cours;Famille
ALT01426;M002207;PAT0064;2024-08-19 18:49:00;Fièvre élevée;CRITIQUE;39.3;Traitée;Médecin
ALT01427;M002208;PAT0031;2024-09-19 01:15:00;Douleur intense;MODÉRÉE;38.3;Ignorée;SAMU
ALT01428;M002209;PAT0158;2024-02-07 14:54:00;Hypertension modérée;MODÉRÉE;147;En cours;Famille
ALT01429;M002210;PAT0058;2024-06-29 03:37:00;Fièvre élevée;CRITIQUE;39.4;Ignorée;Infirmier
ALT01430;M002211;PAT0189;2024-02-26 15:06:00;Hyperglycémie;CRITIQUE;36.2;Traitée;Infirmier
ALT01431;M002212;PAT0064;2024-08-20 05:10:00;Douleur intense;MODÉRÉE;35.6;Ignorée;Infirmier
ALT01432;M002213;PAT0097;2024-12-16 08:37:00;Fièvre élevée;CRITIQUE;39;En cours;Infirmier
ALT01433;M002214;PAT0189;2024-10-03 06:12:00;Fièvre élevée;CRITIQUE;39.4;Traitée;Médecin
ALT01434;M002216;PAT0003;2024-11-10 21:24:00;Fièvre élevée;MODÉRÉE;38.6;Ignorée;Infirmier
ALT01435;M002217;PAT0049;2024-08-17 15:16:00;Douleur intense;MODÉRÉE;38;Traitée;SAMU
ALT01436;M002218;PAT0041;2024-11-02 23:20:00;Hypoxémie;CRITIQUE;37.2;Traitée;Famille
ALT01437;M002219;PAT0044;2024-07-02 18:09:00;Hypertension modérée;MODÉRÉE;143;Traitée;Médecin
ALT01438;M002221;PAT0197;2024-01-22 04:37:00;Hypoxémie;CRITIQUE;36.8;En cours;SAMU
ALT01439;M002222;PAT0063;2024-03-19 20:26:00;Douleur intense;MODÉRÉE;36.2;Traitée;Famille
ALT01440;M002223;PAT0011;2024-02-08 10:42:00;Douleur intense;MODÉRÉE;36.5;Traitée;Médecin
ALT01441;M002226;PAT0096;2024-09-18 21:58:00;Fièvre élevée;CRITIQUE;39;Traitée;Famille
ALT01442;M002227;PAT0107;2024-07-24 09:57:00;Tachycardie;MODÉRÉE;35.5;Traitée;Infirmier
ALT01443;M002228;PAT0138;2024-06-07 09:48:00;Douleur intense;MODÉRÉE;36;En cours;Médecin
ALT01444;M002229;PAT0146;2024-09-11 14:40:00;Hypertension modérée;MODÉRÉE;158;Traitée;Médecin
ALT01445;M002230;PAT0100;2024-05-24 12:47:00;Hypoxémie;CRITIQUE;36.7;En cours;Infirmier
ALT01446;M002232;PAT0005;2024-02-02 01:18:00;Hypoxémie;CRITIQUE;36.2;En cours;Infirmier
ALT01447;M002233;PAT0188;2024-09-18 18:49:00;Fièvre élevée;MODÉRÉE;38.9;Traitée;Famille
ALT01448;M002236;PAT0189;2024-03-27 22:00:00;Hyperglycémie;CRITIQUE;35.7;Traitée;SAMU
ALT01449;M002241;PAT0173;2024-04-14 06:52:00;Hypoxémie;CRITIQUE;37.4;Traitée;Médecin
ALT01450;M002242;PAT0162;2024-07-25 05:25:00;Hypertension modérée;MODÉRÉE;156;Traitée;Médecin
ALT01451;M002243;PAT0001;2024-04-07 04:42:00;Hypertension modérée;MODÉRÉE;143;Traitée;Infirmier
ALT01452;M002245;PAT0136;2024-12-28 23:44:00;Tachycardie;MODÉRÉE;35.6;Traitée;Médecin
ALT01453;M002246;PAT0012;2024-11-18 23:23:00;Fièvre élevée;MODÉRÉE;38.8;Traitée;Infirmier
ALT01454;M002248;PAT0118;2024-12-21 03:22:00;Fièvre élevée;CRITIQUE;39.4;Traitée;Médecin
ALT01455;M002253;PAT0006;2024-11-17 15:09:00;Fièvre élevée;MODÉRÉE;38.6;Traitée;Famille
ALT01456;M002255;PAT0175;2024-10-13 11:43:00;Hypertension modérée;MODÉRÉE;152;En cours;Médecin
ALT01457;M002256;PAT0050;2024-09-15 09:07:00;Douleur intense;MODÉRÉE;37.1;Traitée;Infirmier
ALT01458;M002257;PAT0088;2024-10-24 17:51:00;Hypertension critique;CRITIQUE;172;En cours;Infirmier
ALT01459;M002258;PAT0068;2024-01-06 19:10:00;Douleur intense;MODÉRÉE;38.2;Traitée;Médecin
ALT01460;M002261;PAT0143;2024-10-20 17:12:00;Fièvre élevée;CRITIQUE;39;Ignorée;Famille
ALT01461;M002262;PAT0142;2024-10-31 23:30:00;Hypertension critique;CRITIQUE;160;Traitée;Médecin
ALT01462;M002264;PAT0195;2024-02-22 18:56:00;Fièvre élevée;CRITIQUE;39;En cours;Médecin
ALT01463;M002265;PAT0100;2024-10-12 08:49:00;Hypoxémie;CRITIQUE;37.8;Traitée;Famille
ALT01464;M002266;PAT0111;2024-01-27 16:48:00;Douleur intense;MODÉRÉE;37.4;Traitée;Médecin
ALT01465;M002269;PAT0088;2024-10-13 12:52:00;Fièvre élevée;CRITIQUE;39.2;Traitée;SAMU
ALT01466;M002270;PAT0033;2024-06-25 19:38:00;Hypertension critique;CRITIQUE;175;Traitée;Famille
ALT01467;M002271;PAT0048;2024-04-02 03:38:00;Hypertension modérée;MODÉRÉE;140;Traitée;SAMU
ALT01468;M002273;PAT0096;2024-11-03 13:20:00;Hypertension modérée;MODÉRÉE;151;Ignorée;Infirmier
ALT01469;M002276;PAT0200;2024-11-23 04:40:00;Fièvre élevée;CRITIQUE;39.4;Traitée;Infirmier
ALT01470;M002279;PAT0126;2024-02-13 14:04:00;Hypertension modérée;MODÉRÉE;141;En cours;Infirmier
ALT01471;M002280;PAT0079;2024-05-12 14:29:00;Hyperglycémie;CRITIQUE;36.7;En cours;Médecin
ALT01472;M002281;PAT0198;2024-08-12 16:46:00;Fièvre élevée;MODÉRÉE;38.5;Traitée;Infirmier
ALT01473;M002282;PAT0031;2024-06-02 22:51:00;Fièvre élevée;CRITIQUE;39.4;Traitée;Infirmier
ALT01474;M002283;PAT0053;2024-04-28 15:32:00;Hypertension modérée;MODÉRÉE;155;Ignorée;Infirmier
ALT01475;M002284;PAT0018;2024-05-02 20:33:00;Fièvre élevée;CRITIQUE;39.2;Ignorée;Famille
ALT01476;M002287;PAT0055;2024-04-25 15:51:00;Fièvre élevée;MODÉRÉE;38.7;En cours;Infirmier
ALT01477;M002289;PAT0097;2024-10-30 12:37:00;Fièvre élevée;CRITIQUE;39.2;Traitée;Infirmier
ALT01478;M002290;PAT0151;2024-05-11 12:40:00;Fièvre élevée;MODÉRÉE;38.7;Traitée;SAMU
ALT01479;M002291;PAT0148;2024-01-15 22:02:00;Hypertension critique;CRITIQUE;166;Traitée;Médecin
ALT01480;M002293;PAT0134;2024-05-27 05:41:00;Douleur intense;MODÉRÉE;36.7;En cours;Infirmier
ALT01481;M002296;PAT0152;2024-03-14 02:28:00;Fièvre élevée;MODÉRÉE;38.5;Traitée;Médecin
ALT01482;M002297;PAT0162;2024-03-11 09:33:00;Hypertension critique;CRITIQUE;175;En cours;Infirmier
ALT01483;M002299;PAT0053;2024-03-22 16:25:00;Fièvre élevée;CRITIQUE;39.4;Traitée;Infirmier
ALT01484;M002301;PAT0138;2024-06-21 18:00:00;Fièvre élevée;CRITIQUE;39.1;Traitée;Médecin
ALT01485;M002302;PAT0147;2024-03-26 03:28:00;Tachycardie;MODÉRÉE;37.4;Ignorée;Médecin
ALT01486;M002303;PAT0109;2024-04-23 11:05:00;Hypertension modérée;MODÉRÉE;144;Traitée;SAMU
ALT01487;M002304;PAT0194;2024-01-07 21:20:00;Douleur intense;MODÉRÉE;36.3;En cours;Médecin
ALT01488;M002305;PAT0148;2024-10-26 02:00:00;Hypertension critique;CRITIQUE;164;Traitée;Famille
ALT01489;M002306;PAT0079;2024-06-10 11:07:00;Douleur intense;MODÉRÉE;36.5;Traitée;Infirmier
ALT01490;M002307;PAT0137;2024-09-14 22:07:00;Hypertension modérée;MODÉRÉE;142;Traitée;Infirmier
ALT01491;M002311;PAT0024;2024-05-29 14:42:00;Douleur intense;MODÉRÉE;36.5;En cours;Infirmier
ALT01492;M002312;PAT0150;2024-04-05 11:22:00;Fièvre élevée;MODÉRÉE;38.7;Traitée;Famille
ALT01493;M002313;PAT0158;2024-03-09 16:58:00;Hypertension critique;CRITIQUE;172;Traitée;Infirmier
ALT01494;M002315;PAT0066;2024-12-26 21:26:00;Douleur intense;MODÉRÉE;35.8;Traitée;Famille
ALT01495;M002316;PAT0163;2024-06-20 17:55:00;Fièvre élevée;MODÉRÉE;38.8;Traitée;Famille
ALT01496;M002318;PAT0108;2024-03-09 16:55:00;Douleur intense;MODÉRÉE;35.9;Traitée;Infirmier
ALT01497;M002319;PAT0194;2024-10-30 10:50:00;Hypertension modérée;MODÉRÉE;144;En cours;Famille
ALT01498;M002320;PAT0127;2024-12-21 21:55:00;Douleur intense;MODÉRÉE;37.9;Traitée;Médecin
ALT01499;M002322;PAT0181;2024-06-17 17:47:00;Fièvre élevée;CRITIQUE;39.1;Traitée;Médecin
ALT01500;M002323;PAT0006;2024-08-05 17:35:00;Fièvre élevée;CRITIQUE;39.4;Traitée;Médecin
ALT01501;M002324;PAT0199;2024-01-18 06:19:00;Fièvre élevée;CRITIQUE;39.3;Ignorée;Famille
ALT01502;M002325;PAT0127;2024-08-28 14:41:00;Fièvre élevée;MODÉRÉE;38.5;Traitée;Infirmier
ALT01503;M002326;PAT0073;2024-08-18 00:53:00;Douleur intense;MODÉRÉE;36.5;En cours;Médecin
ALT01504;M002327;PAT0090;2024-11-22 13:01:00;Hypoxémie;CRITIQUE;36.2;Traitée;Infirmier
ALT01505;M002328;PAT0011;2024-02-04 20:54:00;Hypertension modérée;MODÉRÉE;144;Traitée;Infirmier
ALT01506;M002329;PAT0168;2024-08-24 04:00:00;Douleur intense;MODÉRÉE;36.6;Ignorée;Médecin
ALT01507;M002330;PAT0177;2024-12-26 08:06:00;Douleur intense;MODÉRÉE;37.8;Traitée;Médecin
ALT01508;M002332;PAT0071;2024-08-26 00:37:00;Douleur intense;MODÉRÉE;38.4;En cours;Famille
ALT01509;M002333;PAT0148;2024-04-03 05:23:00;Hypertension modérée;MODÉRÉE;148;Traitée;Famille
ALT01510;M002335;PAT0010;2024-07-14 16:27:00;Douleur intense;MODÉRÉE;35.9;Traitée;Médecin
ALT01511;M002336;PAT0103;2024-11-30 05:03:00;Fièvre élevée;CRITIQUE;39.2;En cours;Médecin
ALT01512;M002338;PAT0003;2024-08-31 19:20:00;Douleur intense;MODÉRÉE;35.6;Traitée;Infirmier
ALT01513;M002341;PAT0100;2024-04-05 03:01:00;Fièvre élevée;MODÉRÉE;38.7;Traitée;Médecin
ALT01514;M002342;PAT0191;2024-02-27 15:07:00;Douleur intense;MODÉRÉE;37.8;Traitée;Médecin
ALT01515;M002343;PAT0117;2024-05-05 13:03:00;Fièvre élevée;CRITIQUE;39.4;Traitée;Médecin
ALT01516;M002344;PAT0048;2024-02-17 20:25:00;Hypertension modérée;MODÉRÉE;140;En cours;SAMU
ALT01517;M002345;PAT0022;2024-12-06 23:01:00;Hypertension critique;CRITIQUE;174;Traitée;Médecin
ALT01518;M002346;PAT0047;2024-01-12 06:43:00;Hypertension critique;CRITIQUE;176;En cours;SAMU
ALT01519;M002347;PAT0121;2024-11-29 14:38:00;Fièvre élevée;MODÉRÉE;38.8;Traitée;Famille
ALT01520;M002348;PAT0070;2024-12-20 11:37:00;Hyperglycémie;CRITIQUE;37.7;Traitée;SAMU
ALT01521;M002349;PAT0171;2024-10-01 18:59:00;Fièvre élevée;MODÉRÉE;38.9;Traitée;SAMU
ALT01522;M002350;PAT0180;2024-11-06 17:56:00;Hypoxémie;CRITIQUE;37.2;Traitée;SAMU
ALT01523;M002351;PAT0173;2024-04-19 14:24:00;Fièvre élevée;CRITIQUE;39.5;Traitée;Infirmier
ALT01524;M002353;PAT0126;2024-10-17 04:05:00;Douleur intense;MODÉRÉE;37.2;En cours;Famille
ALT01525;M002354;PAT0136;2024-04-13 12:38:00;Fièvre élevée;CRITIQUE;39.3;En cours;Infirmier
ALT01526;M002356;PAT0136;2024-05-20 13:11:00;Hypoxémie;CRITIQUE;36.1;En cours;SAMU
ALT01527;M002357;PAT0191;2024-12-17 23:09:00;Fièvre élevée;CRITIQUE;39;Traitée;Infirmier
ALT01528;M002362;PAT0198;2024-08-23 23:45:00;Douleur intense;MODÉRÉE;38;En cours;Infirmier
ALT01529;M002364;PAT0151;2024-12-16 07:15:00;Hypertension modérée;MODÉRÉE;142;En cours;Famille
ALT01530;M002365;PAT0022;2024-09-24 02:20:00;Hypertension critique;CRITIQUE;178;En cours;Famille
ALT01531;M002366;PAT0129;2024-10-20 09:09:00;Fièvre élevée;CRITIQUE;39.4;Ignorée;Famille
ALT01532;M002368;PAT0153;2024-10-24 22:17:00;Fièvre élevée;CRITIQUE;39;En cours;Médecin
ALT01533;M002369;PAT0141;2024-11-25 23:01:00;Fièvre élevée;MODÉRÉE;38.7;Traitée;Infirmier
ALT01534;M002371;PAT0037;2024-06-26 16:56:00;Hypertension modérée;MODÉRÉE;140;En cours;Médecin
ALT01535;M002374;PAT0176;2024-02-05 20:11:00;Fièvre élevée;MODÉRÉE;38.6;Traitée;Médecin
ALT01536;M002376;PAT0022;2024-05-04 16:09:00;Hypertension modérée;MODÉRÉE;145;En cours;Famille
ALT01537;M002377;PAT0052;2024-03-06 18:47:00;Fièvre élevée;CRITIQUE;39.5;Ignorée;Médecin
ALT01538;M002379;PAT0188;2024-05-12 09:24:00;Hypoxémie;CRITIQUE;38.4;Traitée;Infirmier
ALT01539;M002381;PAT0002;2024-11-16 06:46:00;Douleur intense;MODÉRÉE;36.7;Traitée;Infirmier
ALT01540;M002382;PAT0022;2024-07-28 17:10:00;Hypertension critique;CRITIQUE;176;Traitée;Médecin
ALT01541;M002384;PAT0179;2024-03-19 04:17:00;Fièvre élevée;CRITIQUE;39.4;Traitée;Médecin
ALT01542;M002385;PAT0140;2024-05-18 19:18:00;Douleur intense;MODÉRÉE;37.4;Traitée;Infirmier
ALT01543;M002388;PAT0097;2024-02-26 04:05:00;Hypertension critique;CRITIQUE;179;Traitée;Infirmier
ALT01544;M002392;PAT0129;2024-02-03 16:33:00;Hypertension critique;CRITIQUE;176;Traitée;Infirmier
ALT01545;M002393;PAT0067;2024-01-10 11:54:00;Douleur intense;MODÉRÉE;35.9;Ignorée;Infirmier
ALT01546;M002394;PAT0080;2024-05-22 02:51:00;Hypoxémie;CRITIQUE;38.4;En cours;SAMU
ALT01547;M002395;PAT0080;2024-09-27 13:00:00;Fièvre élevée;MODÉRÉE;38.8;Traitée;Médecin
ALT01548;M002397;PAT0160;2024-01-26 02:05:00;Fièvre élevée;MODÉRÉE;38.7;Traitée;Infirmier
ALT01549;M002398;PAT0030;2024-12-19 15:47:00;Hypertension modérée;MODÉRÉE;153;En cours;Médecin
ALT01550;M002399;PAT0200;2024-11-18 12:56:00;Fièvre élevée;CRITIQUE;39.2;En cours;Médecin
ALT01551;M002400;PAT0193;2024-09-16 08:06:00;Douleur intense;MODÉRÉE;37.8;Ignorée;SAMU
ALT01552;M002405;PAT0163;2024-05-08 15:31:00;Fièvre élevée;MODÉRÉE;38.6;Ignorée;Famille
ALT01553;M002406;PAT0115;2024-10-13 03:57:00;Fièvre élevée;CRITIQUE;39.1;Traitée;Famille
ALT01554;M002407;PAT0184;2024-06-29 14:55:00;Fièvre élevée;CRITIQUE;39.4;Traitée;Famille
ALT01555;M002409;PAT0010;2024-07-15 19:42:00;Fièvre élevée;MODÉRÉE;38.6;Traitée;Médecin
ALT01556;M002411;PAT0179;2024-03-13 02:20:00;Hypertension modérée;MODÉRÉE;148;Ignorée;Médecin
ALT01557;M002412;PAT0100;2024-09-02 00:13:00;Hypoxémie;CRITIQUE;36.3;Traitée;Infirmier
ALT01558;M002413;PAT0197;2024-03-21 09:54:00;Hypoxémie;CRITIQUE;36.3;En cours;Infirmier
ALT01559;M002414;PAT0148;2024-10-04 09:32:00;Hypertension modérée;MODÉRÉE;149;En cours;Famille
ALT01560;M002415;PAT0154;2024-02-08 00:20:00;Fièvre élevée;MODÉRÉE;38.9;Traitée;Infirmier
ALT01561;M002418;PAT0108;2024-03-20 15:32:00;Fièvre élevée;MODÉRÉE;38.8;En cours;Infirmier
ALT01562;M002419;PAT0121;2024-06-21 10:47:00;Fièvre élevée;MODÉRÉE;38.6;Traitée;Médecin
ALT01563;M002420;PAT0127;2024-02-20 04:14:00;Douleur intense;MODÉRÉE;37.9;Traitée;Médecin
ALT01564;M002422;PAT0040;2024-05-29 13:48:00;Fièvre élevée;MODÉRÉE;38.5;Traitée;Médecin
ALT01565;M002423;PAT0120;2024-07-02 02:28:00;Hypertension modérée;MODÉRÉE;146;Traitée;Médecin
ALT01566;M002426;PAT0078;2024-06-15 22:29:00;Hypertension modérée;MODÉRÉE;142;En cours;Famille
ALT01567;M002427;PAT0198;2024-12-16 16:25:00;Fièvre élevée;CRITIQUE;39.4;Traitée;Infirmier
ALT01568;M002428;PAT0012;2024-08-07 08:08:00;Hypertension modérée;MODÉRÉE;140;Ignorée;Infirmier
ALT01569;M002430;PAT0036;2024-03-05 06:57:00;Douleur intense;MODÉRÉE;37.6;Ignorée;Médecin
ALT01570;M002431;PAT0172;2024-05-14 16:58:00;Fièvre élevée;CRITIQUE;39.2;En cours;Infirmier
ALT01571;M002433;PAT0198;2024-04-12 18:26:00;Fièvre élevée;MODÉRÉE;38.5;Traitée;SAMU
ALT01572;M002436;PAT0062;2024-09-26 08:09:00;Fièvre élevée;MODÉRÉE;38.9;Ignorée;Médecin
ALT01573;M002437;PAT0117;2024-04-02 01:45:00;Hypertension modérée;MODÉRÉE;142;Ignorée;Médecin
ALT01574;M002438;PAT0020;2024-07-08 20:56:00;Hypertension modérée;MODÉRÉE;140;En cours;Médecin
ALT01575;M002439;PAT0015;2024-03-21 19:56:00;Douleur intense;MODÉRÉE;37.7;Traitée;Famille
ALT01576;M002440;PAT0142;2024-07-10 05:06:00;Fièvre élevée;MODÉRÉE;38.8;Traitée;Médecin
ALT01577;M002441;PAT0048;2024-04-02 23:26:00;Fièvre élevée;CRITIQUE;39.5;Traitée;Médecin
ALT01578;M002442;PAT0048;2024-05-17 15:53:00;Douleur intense;MODÉRÉE;35.8;En cours;Médecin
ALT01579;M002443;PAT0195;2024-04-20 02:25:00;Fièvre élevée;CRITIQUE;39.2;En cours;Médecin
ALT01580;M002444;PAT0003;2024-05-29 18:12:00;Hyperglycémie;CRITIQUE;36.3;Traitée;Médecin
ALT01581;M002445;PAT0097;2024-02-27 14:10:00;Hypertension critique;CRITIQUE;170;En cours;Médecin
ALT01582;M002448;PAT0041;2024-09-09 05:34:00;Fièvre élevée;MODÉRÉE;38.9;Traitée;Médecin
ALT01583;M002449;PAT0090;2024-06-01 18:52:00;Hypoxémie;CRITIQUE;37.2;En cours;Médecin
ALT01584;M002450;PAT0166;2024-03-28 14:55:00;Hypertension critique;CRITIQUE;170;En cours;Médecin
ALT01585;M002454;PAT0061;2024-05-23 08:34:00;Hyperglycémie;CRITIQUE;37.8;Traitée;Médecin
ALT01586;M002456;PAT0085;2024-01-31 03:39:00;Fièvre élevée;CRITIQUE;39;Traitée;Infirmier
ALT01587;M002457;PAT0175;2024-04-25 12:37:00;Hypertension critique;CRITIQUE;175;Ignorée;Médecin
ALT01588;M002460;PAT0069;2024-02-16 05:56:00;Hypertension modérée;MODÉRÉE;143;Traitée;Médecin
ALT01589;M002462;PAT0080;2024-05-22 05:04:00;Fièvre élevée;CRITIQUE;39.1;Traitée;Médecin
ALT01590;M002463;PAT0024;2024-08-17 10:39:00;Fièvre élevée;CRITIQUE;39.4;En cours;Médecin
ALT01591;M002464;PAT0180;2024-09-03 11:14:00;Hypertension modérée;MODÉRÉE;143;En cours;Médecin
ALT01592;M002465;PAT0082;2024-09-17 20:58:00;Hypertension critique;CRITIQUE;173;Traitée;Infirmier
ALT01593;M002466;PAT0159;2024-08-17 07:01:00;Hypertension modérée;MODÉRÉE;142;Traitée;Médecin
ALT01594;M002467;PAT0081;2024-05-18 01:12:00;Hypertension modérée;MODÉRÉE;141;Traitée;Médecin
ALT01595;M002469;PAT0171;2024-09-21 14:31:00;Fièvre élevée;CRITIQUE;39.2;En cours;Médecin
ALT01596;M002470;PAT0096;2024-05-08 04:09:00;Fièvre élevée;CRITIQUE;39.4;En cours;Médecin
ALT01597;M002471;PAT0173;2024-10-03 03:37:00;Tachycardie;MODÉRÉE;36.2;En cours;Infirmier
ALT01598;M002472;PAT0127;2024-09-09 20:24:00;Fièvre élevée;MODÉRÉE;38.8;Traitée;SAMU
ALT01599;M002473;PAT0151;2024-10-12 13:22:00;Hypertension modérée;MODÉRÉE;144;Traitée;Infirmier
ALT01600;M002474;PAT0184;2024-05-28 13:17:00;Douleur intense;MODÉRÉE;35.7;Traitée;Médecin
ALT01601;M002476;PAT0035;2024-03-29 00:47:00;Douleur intense;MODÉRÉE;37.5;Ignorée;Famille
ALT01602;M002478;PAT0041;2024-06-28 00:48:00;Hypoxémie;CRITIQUE;35.9;En cours;SAMU
ALT01603;M002479;PAT0104;2024-06-02 14:11:00;Hypertension modérée;MODÉRÉE;145;Traitée;Médecin
ALT01604;M002480;PAT0004;2024-03-27 05:15:00;Fièvre élevée;CRITIQUE;39.2;En cours;Médecin
ALT01605;M002486;PAT0103;2024-12-16 23:26:00;Fièvre élevée;MODÉRÉE;38.8;Traitée;Infirmier
ALT01606;M002488;PAT0109;2024-08-05 21:09:00;Fièvre élevée;MODÉRÉE;38.9;Ignorée;Médecin
ALT01607;M002490;PAT0184;2024-06-27 08:57:00;Fièvre élevée;MODÉRÉE;38.8;En cours;Infirmier
ALT01608;M002491;PAT0121;2024-07-17 16:23:00;Hyperglycémie;CRITIQUE;37.4;Traitée;Famille
ALT01609;M002492;PAT0054;2024-11-05 09:11:00;Douleur intense;MODÉRÉE;38;Ignorée;Médecin
ALT01610;M002493;PAT0122;2024-06-23 03:32:00;Douleur intense;MODÉRÉE;37.7;Traitée;Médecin
ALT01611;M002494;PAT0158;2024-03-29 09:44:00;Hypertension modérée;MODÉRÉE;145;En cours;Médecin
ALT01612;M002495;PAT0069;2024-02-09 15:10:00;Douleur intense;MODÉRÉE;36.4;Traitée;Famille
ALT01613;M002496;PAT0100;2024-08-17 18:48:00;Fièvre élevée;CRITIQUE;39.5;Traitée;Médecin
ALT01614;M002498;PAT0188;2024-02-02 20:00:00;Fièvre élevée;CRITIQUE;39.4;En cours;SAMU
ALT01615;M002500;PAT0155;2024-01-17 18:49:00;Hypertension modérée;MODÉRÉE;140;Ignorée;Médecin
ALT01616;M002502;PAT0071;2024-01-27 12:46:00;Hypertension modérée;MODÉRÉE;142;Ignorée;Famille
ALT01617;M002503;PAT0107;2024-07-31 14:08:00;Douleur intense;MODÉRÉE;38.2;Traitée;Infirmier
ALT01618;M002505;PAT0039;2024-12-22 05:36:00;Fièvre élevée;MODÉRÉE;38.9;Traitée;Famille
ALT01619;M002506;PAT0117;2024-10-14 12:01:00;Hyperglycémie;CRITIQUE;36.7;En cours;Famille
ALT01620;M002507;PAT0087;2024-04-26 22:15:00;Hyperglycémie;CRITIQUE;37.3;Traitée;Infirmier
ALT01621;M002508;PAT0102;2024-08-13 21:13:00;Douleur intense;MODÉRÉE;35.6;Traitée;SAMU
ALT01622;M002509;PAT0141;2024-04-03 23:11:00;Hypertension modérée;MODÉRÉE;144;En cours;Médecin
ALT01623;M002510;PAT0199;2024-01-09 16:28:00;Douleur intense;MODÉRÉE;37.5;Traitée;Infirmier
ALT01624;M002511;PAT0174;2024-01-24 12:30:00;Fièvre élevée;MODÉRÉE;38.5;Traitée;Famille
ALT01625;M002512;PAT0179;2024-11-12 16:48:00;Hypertension modérée;MODÉRÉE;153;Traitée;Infirmier
ALT01626;M002514;PAT0166;2024-08-04 22:48:00;Hypertension modérée;MODÉRÉE;154;Traitée;Infirmier
ALT01627;M002515;PAT0101;2024-02-01 02:25:00;Fièvre élevée;MODÉRÉE;38.6;Ignorée;Infirmier
ALT01628;M002516;PAT0122;2024-10-24 18:11:00;Fièvre élevée;MODÉRÉE;38.6;Traitée;SAMU
ALT01629;M002517;PAT0138;2024-09-08 03:35:00;Douleur intense;MODÉRÉE;36.1;Traitée;Famille
ALT01630;M002518;PAT0060;2024-08-22 23:58:00;Fièvre élevée;CRITIQUE;39.2;Traitée;Médecin
ALT01631;M002519;PAT0044;2024-05-29 05:01:00;Tachycardie;MODÉRÉE;36.3;Traitée;Médecin
ALT01632;M002520;PAT0023;2024-05-01 10:19:00;Hyperglycémie;CRITIQUE;38.2;En cours;Famille
ALT01633;M002521;PAT0199;2024-08-02 14:01:00;Fièvre élevée;CRITIQUE;39.5;Traitée;Médecin
ALT01634;M002525;PAT0070;2024-12-13 03:21:00;Fièvre élevée;CRITIQUE;39;En cours;Infirmier
ALT01635;M002530;PAT0077;2024-06-16 00:42:00;Fièvre élevée;MODÉRÉE;38.9;Traitée;Infirmier
ALT01636;M002535;PAT0065;2024-09-24 21:52:00;Fièvre élevée;CRITIQUE;39;Traitée;Infirmier
ALT01637;M002536;PAT0076;2024-12-02 04:19:00;Douleur intense;MODÉRÉE;36.1;En cours;Infirmier
ALT01638;M002537;PAT0024;2024-03-20 07:29:00;Hyperglycémie;CRITIQUE;37;En cours;Médecin
ALT01639;M002538;PAT0104;2024-12-26 01:15:00;Hypertension critique;CRITIQUE;179;Traitée;Médecin
ALT01640;M002539;PAT0076;2024-06-11 04:54:00;Fièvre élevée;MODÉRÉE;38.6;En cours;Médecin
ALT01641;M002541;PAT0005;2024-07-23 22:17:00;Fièvre élevée;MODÉRÉE;38.9;Traitée;Famille
ALT01642;M002542;PAT0146;2024-09-12 07:33:00;Hypertension critique;CRITIQUE;164;Traitée;Infirmier
ALT01643;M002543;PAT0033;2024-01-20 12:25:00;Fièvre élevée;MODÉRÉE;38.7;Ignorée;Infirmier
ALT01644;M002546;PAT0003;2024-07-22 02:29:00;Fièvre élevée;CRITIQUE;39.3;Traitée;Médecin
ALT01645;M002547;PAT0097;2024-10-29 19:42:00;Fièvre élevée;MODÉRÉE;38.8;En cours;Médecin
ALT01646;M002549;PAT0116;2024-07-09 13:00:00;Hypoxémie;CRITIQUE;36.7;En cours;Famille
ALT01647;M002551;PAT0033;2024-01-16 00:57:00;Hypertension critique;CRITIQUE;167;Traitée;Famille
ALT01648;M002552;PAT0103;2024-11-11 23:47:00;Fièvre élevée;CRITIQUE;39.3;Traitée;Infirmier
ALT01649;M002553;PAT0009;2024-10-15 02:13:00;Douleur intense;MODÉRÉE;36.7;En cours;Médecin
ALT01650;M002555;PAT0099;2024-12-07 22:08:00;Hypoxémie;CRITIQUE;36.7;Traitée;Infirmier
ALT01651;M002557;PAT0027;2024-05-13 17:57:00;Hyperglycémie;CRITIQUE;38;En cours;Infirmier
ALT01652;M002559;PAT0094;2024-01-02 14:39:00;Tachycardie;MODÉRÉE;37.1;En cours;Infirmier
ALT01653;M002560;PAT0040;2024-11-29 23:41:00;Fièvre élevée;CRITIQUE;39.4;En cours;Famille
ALT01654;M002562;PAT0104;2024-01-27 15:31:00;Hypertension critique;CRITIQUE;178;Traitée;Médecin
ALT01655;M002565;PAT0077;2024-05-30 09:17:00;Fièvre élevée;MODÉRÉE;38.9;En cours;Famille
ALT01656;M002567;PAT0178;2024-07-30 10:04:00;Fièvre élevée;MODÉRÉE;38.6;Traitée;Infirmier
ALT01657;M002570;PAT0089;2024-02-10 23:47:00;Fièvre élevée;MODÉRÉE;38.7;Traitée;Médecin
ALT01658;M002571;PAT0159;2024-07-06 07:38:00;Douleur intense;MODÉRÉE;38.2;En cours;Médecin
ALT01659;M002572;PAT0001;2024-01-06 18:15:00;Fièvre élevée;CRITIQUE;39.1;En cours;SAMU
ALT01660;M002573;PAT0031;2024-01-10 07:38:00;Fièvre élevée;CRITIQUE;39.2;Ignorée;Médecin
ALT01661;M002574;PAT0007;2024-10-28 12:25:00;Fièvre élevée;MODÉRÉE;38.6;En cours;SAMU
ALT01662;M002575;PAT0096;2024-10-05 17:25:00;Hypertension modérée;MODÉRÉE;159;Traitée;Infirmier
ALT01663;M002577;PAT0073;2024-12-29 19:13:00;Fièvre élevée;CRITIQUE;39;Ignorée;Médecin
ALT01664;M002579;PAT0197;2024-09-06 01:32:00;Hypertension modérée;MODÉRÉE;144;Ignorée;Infirmier
ALT01665;M002580;PAT0044;2024-12-13 22:07:00;Hypoxémie;CRITIQUE;37.9;Traitée;Infirmier
ALT01666;M002581;PAT0162;2024-05-24 07:05:00;Hypertension modérée;MODÉRÉE;158;Traitée;Médecin
ALT01667;M002585;PAT0072;2024-12-23 01:55:00;Douleur intense;MODÉRÉE;37.6;Traitée;Infirmier
ALT01668;M002586;PAT0021;2024-02-02 09:24:00;Fièvre élevée;MODÉRÉE;38.5;Traitée;Médecin
ALT01669;M002588;PAT0097;2024-07-05 07:00:00;Hypertension critique;CRITIQUE;163;En cours;Infirmier
ALT01670;M002589;PAT0096;2024-10-11 14:00:00;Hypertension critique;CRITIQUE;172;En cours;Famille
ALT01671;M002591;PAT0023;2024-08-07 08:53:00;Hypertension modérée;MODÉRÉE;141;Traitée;Médecin
ALT01672;M002592;PAT0012;2024-03-25 01:51:00;Fièvre élevée;MODÉRÉE;38.5;Ignorée;Famille
ALT01673;M002593;PAT0068;2024-12-18 06:49:00;Fièvre élevée;CRITIQUE;39.3;Traitée;Famille
ALT01674;M002594;PAT0060;2024-10-21 20:52:00;Hypertension modérée;MODÉRÉE;141;Traitée;Médecin
ALT01675;M002595;PAT0012;2024-08-25 11:58:00;Fièvre élevée;MODÉRÉE;38.8;Traitée;Médecin
ALT01676;M002596;PAT0162;2024-03-11 01:20:00;Hypertension critique;CRITIQUE;169;Ignorée;Famille
ALT01677;M002598;PAT0090;2024-05-25 09:48:00;Hypoxémie;CRITIQUE;36.8;En cours;Médecin
ALT01678;M002599;PAT0095;2024-09-09 19:31:00;Douleur intense;MODÉRÉE;35.7;Traitée;Médecin
ALT01679;M002600;PAT0027;2024-03-12 09:34:00;Hyperglycémie;CRITIQUE;37.2;Traitée;Médecin
ALT01680;M002601;PAT0194;2024-07-26 00:08:00;Douleur intense;MODÉRÉE;36.3;Traitée;Infirmier
ALT01681;M002602;PAT0019;2024-04-11 21:00:00;Hypertension critique;CRITIQUE;164;Ignorée;SAMU
ALT01682;M002603;PAT0128;2024-06-10 13:03:00;Hypoxémie;CRITIQUE;36.9;Traitée;Infirmier
ALT01683;M002604;PAT0078;2024-05-05 18:20:00;Douleur intense;MODÉRÉE;36.7;Traitée;Médecin
ALT01684;M002605;PAT0188;2024-04-19 03:43:00;Fièvre élevée;MODÉRÉE;38.7;Ignorée;Infirmier
ALT01685;M002606;PAT0082;2024-03-04 18:59:00;Hypertension modérée;MODÉRÉE;150;Traitée;Infirmier
ALT01686;M002609;PAT0176;2024-04-05 07:47:00;Douleur intense;MODÉRÉE;38.3;Ignorée;Médecin
ALT01687;M002612;PAT0104;2024-01-21 05:55:00;Hypertension modérée;MODÉRÉE;150;Traitée;SAMU
ALT01688;M002613;PAT0118;2024-10-30 20:11:00;Tachycardie;MODÉRÉE;36.5;Traitée;Infirmier
ALT01689;M002615;PAT0065;2024-01-01 02:27:00;Hypertension modérée;MODÉRÉE;159;Traitée;Famille
ALT01690;M002616;PAT0036;2024-06-01 15:42:00;Douleur intense;MODÉRÉE;35.8;En cours;Infirmier
ALT01691;M002617;PAT0124;2024-06-13 02:21:00;Fièvre élevée;MODÉRÉE;38.9;Traitée;Infirmier
ALT01692;M002618;PAT0083;2024-12-19 19:39:00;Douleur intense;MODÉRÉE;35.8;Traitée;Médecin
ALT01693;M002621;PAT0180;2024-07-22 12:59:00;Hypoxémie;CRITIQUE;36.7;Traitée;Médecin
ALT01694;M002622;PAT0143;2024-05-01 12:51:00;Hypertension modérée;MODÉRÉE;140;Ignorée;Médecin
ALT01695;M002624;PAT0127;2024-12-11 20:55:00;Hypertension modérée;MODÉRÉE;142;Traitée;Médecin
ALT01696;M002625;PAT0108;2024-10-18 00:53:00;Fièvre élevée;CRITIQUE;39.2;En cours;Médecin
ALT01697;M002626;PAT0104;2024-09-17 21:22:00;Hypertension critique;CRITIQUE;170;Traitée;Famille
ALT01698;M002627;PAT0106;2024-05-24 18:28:00;Hyperglycémie;CRITIQUE;36.6;Ignorée;Infirmier
ALT01699;M002628;PAT0056;2024-12-23 18:43:00;Douleur intense;MODÉRÉE;37.4;Traitée;Médecin
ALT01700;M002630;PAT0073;2024-12-04 06:09:00;Fièvre élevée;MODÉRÉE;38.8;En cours;Médecin
ALT01701;M002631;PAT0191;2024-10-29 08:57:00;Hypertension modérée;MODÉRÉE;141;Traitée;SAMU
ALT01702;M002632;PAT0137;2024-02-08 21:55:00;Fièvre élevée;CRITIQUE;39.1;En cours;Famille
ALT01703;M002634;PAT0036;2024-10-29 16:45:00;Fièvre élevée;CRITIQUE;39.2;En cours;Infirmier
ALT01704;M002636;PAT0033;2024-09-26 20:34:00;Hypertension critique;CRITIQUE;167;En cours;Médecin
ALT01705;M002638;PAT0095;2024-08-27 23:36:00;Douleur intense;MODÉRÉE;37.9;Ignorée;Médecin
ALT01706;M002639;PAT0174;2024-08-07 21:28:00;Hypertension modérée;MODÉRÉE;144;Traitée;Médecin
ALT01707;M002640;PAT0139;2024-01-02 19:54:00;Fièvre élevée;CRITIQUE;39.2;Traitée;Infirmier
ALT01708;M002642;PAT0188;2024-09-16 13:17:00;Hypoxémie;CRITIQUE;36.8;Traitée;Infirmier
ALT01709;M002643;PAT0193;2024-09-09 11:06:00;Fièvre élevée;CRITIQUE;39.5;Traitée;Infirmier
ALT01710;M002644;PAT0014;2024-08-16 10:33:00;Fièvre élevée;MODÉRÉE;38.6;Traitée;Infirmier
ALT01711;M002645;PAT0015;2024-07-31 12:22:00;Douleur intense;MODÉRÉE;36.5;En cours;Médecin
ALT01712;M002647;PAT0052;2024-09-30 13:01:00;Douleur intense;MODÉRÉE;37.6;Traitée;Infirmier
ALT01713;M002651;PAT0164;2024-11-06 15:38:00;Hypertension critique;CRITIQUE;178;En cours;Infirmier
ALT01714;M002652;PAT0035;2024-06-21 04:35:00;Douleur intense;MODÉRÉE;36.6;Traitée;Famille
ALT01715;M002653;PAT0077;2024-01-22 14:13:00;Douleur intense;MODÉRÉE;36.9;En cours;Famille
ALT01716;M002654;PAT0004;2024-09-12 20:40:00;Fièvre élevée;CRITIQUE;39.3;Traitée;Famille
ALT01717;M002655;PAT0161;2024-01-24 04:42:00;Fièvre élevée;CRITIQUE;39.4;Traitée;Famille
ALT01718;M002656;PAT0167;2024-01-23 07:05:00;Hypertension critique;CRITIQUE;179;En cours;Famille
ALT01719;M002657;PAT0072;2024-01-09 14:12:00;Fièvre élevée;MODÉRÉE;38.9;Traitée;Famille
ALT01720;M002659;PAT0018;2024-08-05 23:17:00;Fièvre élevée;CRITIQUE;39.5;Traitée;Médecin
ALT01721;M002660;PAT0134;2024-03-07 19:20:00;Fièvre élevée;MODÉRÉE;38.6;Traitée;Infirmier
ALT01722;M002661;PAT0028;2024-03-22 07:41:00;Fièvre élevée;MODÉRÉE;38.6;Traitée;Infirmier
ALT01723;M002662;PAT0093;2024-07-11 22:39:00;Fièvre élevée;MODÉRÉE;38.5;Traitée;Infirmier
ALT01724;M002664;PAT0175;2024-02-17 16:59:00;Fièvre élevée;CRITIQUE;39.1;En cours;Famille
ALT01725;M002665;PAT0200;2024-07-14 11:52:00;Douleur intense;MODÉRÉE;36.9;Traitée;SAMU
ALT01726;M002674;PAT0047;2024-11-19 21:38:00;Hypertension critique;CRITIQUE;177;En cours;Famille
ALT01727;M002677;PAT0010;2024-01-25 14:37:00;Hyperglycémie;CRITIQUE;36;En cours;SAMU
ALT01728;M002678;PAT0142;2024-04-28 07:17:00;Fièvre élevée;CRITIQUE;39.1;En cours;Infirmier
ALT01729;M002679;PAT0156;2024-01-24 07:45:00;Douleur intense;MODÉRÉE;36.8;Traitée;Infirmier
ALT01730;M002683;PAT0057;2024-12-29 08:16:00;Douleur intense;MODÉRÉE;35.7;Traitée;Infirmier
ALT01731;M002684;PAT0080;2024-09-04 01:41:00;Fièvre élevée;CRITIQUE;39.2;Traitée;Infirmier
ALT01732;M002685;PAT0083;2024-04-11 12:34:00;Fièvre élevée;CRITIQUE;39.5;Traitée;Famille
ALT01733;M002687;PAT0060;2024-06-03 20:17:00;Hyperglycémie;CRITIQUE;36.9;En cours;Médecin
ALT01734;M002688;PAT0076;2024-04-28 13:46:00;Fièvre élevée;MODÉRÉE;38.9;Traitée;Médecin
ALT01735;M002690;PAT0094;2024-03-23 19:58:00;Hypoxémie;CRITIQUE;38.3;Traitée;Médecin
ALT01736;M002691;PAT0144;2024-04-16 22:02:00;Hyperglycémie;CRITIQUE;36;En cours;SAMU
ALT01737;M002692;PAT0170;2024-03-24 07:14:00;Hypertension modérée;MODÉRÉE;145;Traitée;Infirmier
ALT01738;M002696;PAT0109;2024-01-02 10:00:00;Fièvre élevée;CRITIQUE;39.3;En cours;SAMU
ALT01739;M002697;PAT0145;2024-11-26 09:57:00;Fièvre élevée;CRITIQUE;39.5;Ignorée;Médecin
ALT01740;M002700;PAT0052;2024-01-15 04:27:00;Fièvre élevée;CRITIQUE;39.3;Traitée;Médecin
ALT01741;M002701;PAT0186;2024-07-15 22:52:00;Douleur intense;MODÉRÉE;36.2;En cours;Famille
ALT01742;M002703;PAT0062;2024-01-17 04:50:00;Fièvre élevée;MODÉRÉE;38.9;Traitée;Famille
ALT01743;M002704;PAT0158;2024-01-21 02:57:00;Fièvre élevée;CRITIQUE;39.5;Traitée;SAMU
ALT01744;M002705;PAT0125;2024-01-09 03:30:00;Fièvre élevée;CRITIQUE;39;Traitée;Médecin
ALT01745;M002706;PAT0104;2024-05-30 00:39:00;Hypertension critique;CRITIQUE;160;Traitée;Médecin
ALT01746;M002707;PAT0102;2024-08-10 09:08:00;Fièvre élevée;CRITIQUE;39;En cours;Médecin
ALT01747;M002708;PAT0126;2024-07-13 06:04:00;Douleur intense;MODÉRÉE;37.8;En cours;Médecin
ALT01748;M002709;PAT0157;2024-07-01 18:48:00;Douleur intense;MODÉRÉE;36.1;Traitée;Famille
ALT01749;M002710;PAT0024;2024-01-24 00:13:00;Fièvre élevée;CRITIQUE;39.2;Ignorée;Infirmier
ALT01750;M002713;PAT0147;2024-08-28 07:14:00;Hypoxémie;CRITIQUE;35.8;Ignorée;Infirmier
ALT01751;M002714;PAT0022;2024-09-03 09:37:00;Fièvre élevée;MODÉRÉE;38.8;Traitée;Famille
ALT01752;M002715;PAT0118;2024-08-26 18:52:00;Tachycardie;MODÉRÉE;36.8;Traitée;Médecin
ALT01753;M002718;PAT0022;2024-02-03 08:14:00;Hypertension modérée;MODÉRÉE;147;En cours;Médecin
ALT01754;M002719;PAT0125;2024-02-09 17:29:00;Hypertension modérée;MODÉRÉE;143;Traitée;Médecin
ALT01755;M002720;PAT0078;2024-08-20 01:26:00;Douleur intense;MODÉRÉE;38.1;En cours;Infirmier
ALT01756;M002723;PAT0173;2024-03-11 05:18:00;Fièvre élevée;MODÉRÉE;38.5;Traitée;Famille
ALT01757;M002725;PAT0109;2024-04-15 23:33:00;Douleur intense;MODÉRÉE;36.1;Traitée;Famille
ALT01758;M002726;PAT0060;2024-10-27 04:11:00;Hyperglycémie;CRITIQUE;38.2;Ignorée;Famille
ALT01759;M002727;PAT0170;2024-01-24 02:07:00;Fièvre élevée;MODÉRÉE;38.5;Traitée;Infirmier
ALT01760;M002729;PAT0188;2024-06-20 13:43:00;Hypoxémie;CRITIQUE;36.6;Traitée;Infirmier
ALT01761;M002730;PAT0198;2024-11-08 14:27:00;Fièvre élevée;MODÉRÉE;38.7;Traitée;Infirmier
ALT01762;M002734;PAT0145;2024-05-16 15:48:00;Fièvre élevée;CRITIQUE;39.1;Traitée;Médecin
ALT01763;M002735;PAT0131;2024-08-01 13:19:00;Douleur intense;MODÉRÉE;35.9;Traitée;Famille
ALT01764;M002736;PAT0149;2024-03-22 09:56:00;Hypoxémie;CRITIQUE;37.3;Traitée;Médecin
ALT01765;M002737;PAT0185;2024-04-29 10:13:00;Hypertension modérée;MODÉRÉE;140;Traitée;Infirmier
ALT01766;M002738;PAT0163;2024-10-22 17:56:00;Tachycardie;MODÉRÉE;36.9;Traitée;Médecin
ALT01767;M002743;PAT0020;2024-06-30 07:43:00;Fièvre élevée;CRITIQUE;39.3;Traitée;Famille
ALT01768;M002747;PAT0102;2024-10-30 09:50:00;Fièvre élevée;MODÉRÉE;38.6;Traitée;Médecin
ALT01769;M002748;PAT0192;2024-11-20 05:24:00;Fièvre élevée;MODÉRÉE;38.9;En cours;Médecin
ALT01770;M002751;PAT0099;2024-10-17 14:05:00;Douleur intense;MODÉRÉE;38;Traitée;Infirmier
ALT01771;M002752;PAT0058;2024-04-22 19:07:00;Hypertension modérée;MODÉRÉE;144;Ignorée;Médecin
ALT01772;M002753;PAT0147;2024-07-24 22:15:00;Hypoxémie;CRITIQUE;37.8;Traitée;Médecin
ALT01773;M002755;PAT0176;2024-02-21 09:02:00;Fièvre élevée;MODÉRÉE;38.8;En cours;Médecin
ALT01774;M002756;PAT0019;2024-09-09 19:13:00;Hypertension critique;CRITIQUE;175;Traitée;Famille
ALT01775;M002757;PAT0003;2024-10-23 20:45:00;Hyperglycémie;CRITIQUE;37.9;Ignorée;Infirmier
ALT01776;M002759;PAT0104;2024-01-17 23:04:00;Fièvre élevée;CRITIQUE;39;Traitée;Infirmier
ALT01777;M002760;PAT0052;2024-06-17 09:35:00;Douleur intense;MODÉRÉE;36.5;Traitée;Infirmier
ALT01778;M002762;PAT0098;2024-06-14 15:06:00;Fièvre élevée;MODÉRÉE;38.9;En cours;Famille
ALT01779;M002763;PAT0181;2024-12-15 09:59:00;Fièvre élevée;MODÉRÉE;38.9;Traitée;Famille
ALT01780;M002765;PAT0162;2024-03-10 15:59:00;Hypertension modérée;MODÉRÉE;152;Ignorée;SAMU
ALT01781;M002767;PAT0010;2024-09-12 09:39:00;Fièvre élevée;CRITIQUE;39.4;En cours;Infirmier
ALT01782;M002768;PAT0044;2024-03-18 03:22:00;Hypoxémie;CRITIQUE;36.6;Traitée;Médecin
ALT01783;M002769;PAT0056;2024-07-29 19:42:00;Hypertension modérée;MODÉRÉE;141;Traitée;Infirmier
ALT01784;M002770;PAT0089;2024-06-14 05:48:00;Hypertension modérée;MODÉRÉE;144;Traitée;Infirmier
ALT01785;M002772;PAT0110;2024-05-24 16:36:00;Fièvre élevée;CRITIQUE;39.4;En cours;Infirmier
ALT01786;M002773;PAT0152;2024-12-24 23:21:00;Hypertension critique;CRITIQUE;165;Traitée;Médecin
ALT01787;M002774;PAT0094;2024-05-31 04:54:00;Fièvre élevée;CRITIQUE;39.5;Traitée;Médecin
ALT01788;M002775;PAT0104;2024-11-30 11:25:00;Hypertension critique;CRITIQUE;160;Ignorée;Médecin
ALT01789;M002776;PAT0011;2024-11-30 08:07:00;Fièvre élevée;MODÉRÉE;38.9;Traitée;Médecin
ALT01790;M002777;PAT0047;2024-12-24 16:28:00;Fièvre élevée;MODÉRÉE;38.6;En cours;Infirmier
ALT01791;M002778;PAT0105;2024-01-31 21:17:00;Fièvre élevée;CRITIQUE;39.5;Traitée;SAMU
ALT01792;M002781;PAT0135;2024-11-06 18:38:00;Douleur intense;MODÉRÉE;36.7;En cours;Médecin
ALT01793;M002782;PAT0069;2024-02-29 07:23:00;Fièvre élevée;CRITIQUE;39.1;Traitée;Infirmier
ALT01794;M002783;PAT0008;2024-06-09 06:20:00;Fièvre élevée;CRITIQUE;39.4;Traitée;Famille
ALT01795;M002784;PAT0136;2024-01-04 13:18:00;Hypoxémie;CRITIQUE;36;Traitée;Infirmier
ALT01796;M002786;PAT0027;2024-12-30 10:15:00;Hypertension modérée;MODÉRÉE;140;Traitée;Infirmier
ALT01797;M002787;PAT0131;2024-02-18 20:16:00;Douleur intense;MODÉRÉE;36.7;En cours;Médecin
ALT01798;M002788;PAT0033;2024-03-30 02:41:00;Hypertension modérée;MODÉRÉE;155;Traitée;Infirmier
ALT01799;M002789;PAT0194;2024-10-13 20:45:00;Fièvre élevée;CRITIQUE;39.4;Traitée;Médecin
ALT01800;M002791;PAT0185;2024-10-21 00:20:00;Fièvre élevée;MODÉRÉE;38.8;Traitée;Médecin
ALT01801;M002792;PAT0152;2024-12-23 00:34:00;Fièvre élevée;MODÉRÉE;38.5;Traitée;Médecin
ALT01802;M002793;PAT0155;2024-10-17 20:03:00;Douleur intense;MODÉRÉE;38.3;Traitée;Infirmier
ALT01803;M002795;PAT0096;2024-01-23 02:25:00;Hypertension modérée;MODÉRÉE;141;Traitée;SAMU
ALT01804;M002798;PAT0047;2024-01-05 17:18:00;Hypertension modérée;MODÉRÉE;147;Traitée;Infirmier
ALT01805;M002800;PAT0102;2024-06-16 17:21:00;Douleur intense;MODÉRÉE;36.8;En cours;Médecin
ALT01806;M002801;PAT0045;2024-10-15 12:00:00;Douleur intense;MODÉRÉE;36.1;En cours;Famille
ALT01807;M002802;PAT0055;2024-03-14 19:50:00;Douleur intense;MODÉRÉE;36.9;Traitée;SAMU
ALT01808;M002803;PAT0083;2024-03-12 16:24:00;Hypertension modérée;MODÉRÉE;142;Traitée;Médecin
ALT01809;M002804;PAT0101;2024-12-19 19:38:00;Hypertension modérée;MODÉRÉE;140;En cours;Médecin
ALT01810;M002807;PAT0033;2024-01-17 06:07:00;Fièvre élevée;MODÉRÉE;38.9;En cours;Famille
ALT01811;M002810;PAT0182;2024-06-23 13:06:00;Hypertension modérée;MODÉRÉE;149;Ignorée;Infirmier
ALT01812;M002815;PAT0051;2024-12-24 03:58:00;Douleur intense;MODÉRÉE;35.8;Ignorée;Infirmier
ALT01813;M002817;PAT0041;2024-12-24 20:20:00;Hypoxémie;CRITIQUE;37.4;Traitée;Infirmier
ALT01814;M002818;PAT0016;2024-05-05 02:43:00;Douleur intense;MODÉRÉE;36;En cours;Infirmier
ALT01815;M002819;PAT0099;2024-09-01 20:27:00;Tachycardie;MODÉRÉE;36.3;Traitée;Infirmier
ALT01816;M002820;PAT0139;2024-03-20 02:55:00;Hypertension critique;CRITIQUE;164;Traitée;SAMU
ALT01817;M002822;PAT0192;2024-06-21 07:36:00;Fièvre élevée;MODÉRÉE;38.5;Traitée;Médecin
ALT01818;M002823;PAT0179;2024-03-14 08:27:00;Hypertension critique;CRITIQUE;167;En cours;Médecin
ALT01819;M002824;PAT0054;2024-09-02 17:45:00;Hypertension modérée;MODÉRÉE;140;En cours;Médecin
ALT01820;M002827;PAT0095;2024-03-14 15:11:00;Fièvre élevée;CRITIQUE;39.5;Traitée;Médecin
ALT01821;M002829;PAT0136;2024-05-30 18:27:00;Hypoxémie;CRITIQUE;36.1;Traitée;Infirmier
ALT01822;M002831;PAT0084;2024-06-19 03:09:00;Fièvre élevée;MODÉRÉE;38.8;Traitée;Famille
ALT01823;M002832;PAT0107;2024-04-01 19:14:00;Fièvre élevée;MODÉRÉE;38.5;Traitée;Médecin
ALT01824;M002834;PAT0002;2024-04-10 09:57:00;Douleur intense;MODÉRÉE;37.5;En cours;Infirmier
ALT01825;M002835;PAT0172;2024-01-04 09:58:00;Hypertension modérée;MODÉRÉE;143;En cours;Infirmier
ALT01826;M002836;PAT0096;2024-09-23 09:44:00;Hypertension critique;CRITIQUE;161;Traitée;Infirmier
ALT01827;M002837;PAT0035;2024-08-19 17:43:00;Fièvre élevée;MODÉRÉE;38.9;Traitée;Infirmier
ALT01828;M002838;PAT0114;2024-03-20 22:03:00;Fièvre élevée;CRITIQUE;39.2;Ignorée;Médecin
ALT01829;M002840;PAT0110;2024-02-27 02:08:00;Fièvre élevée;CRITIQUE;39;En cours;Médecin
ALT01830;M002842;PAT0053;2024-04-18 13:54:00;Hypertension modérée;MODÉRÉE;140;Traitée;Infirmier
ALT01831;M002843;PAT0177;2024-07-26 15:46:00;Fièvre élevée;MODÉRÉE;38.5;Traitée;Infirmier
ALT01832;M002844;PAT0164;2024-11-06 09:57:00;Hypertension modérée;MODÉRÉE;140;Traitée;Famille
ALT01833;M002846;PAT0056;2024-11-30 00:04:00;Douleur intense;MODÉRÉE;35.9;Traitée;Médecin
ALT01834;M002848;PAT0164;2024-01-19 09:16:00;Hypertension critique;CRITIQUE;175;En cours;SAMU
ALT01835;M002852;PAT0141;2024-02-16 19:02:00;Douleur intense;MODÉRÉE;36.1;Traitée;Famille
ALT01836;M002856;PAT0008;2024-10-01 06:23:00;Hypoxémie;CRITIQUE;36.3;Traitée;Médecin
ALT01837;M002857;PAT0084;2024-03-17 17:23:00;Douleur intense;MODÉRÉE;36.5;En cours;SAMU
ALT01838;M002858;PAT0198;2024-03-24 09:10:00;Douleur intense;MODÉRÉE;37.1;Traitée;Médecin
ALT01839;M002860;PAT0155;2024-01-03 06:00:00;Douleur intense;MODÉRÉE;36.1;Traitée;Médecin
ALT01840;M002861;PAT0046;2024-07-15 13:37:00;Hypertension modérée;MODÉRÉE;144;En cours;Infirmier
ALT01841;M002862;PAT0190;2024-03-25 10:08:00;Fièvre élevée;CRITIQUE;39;Traitée;Infirmier
ALT01842;M002863;PAT0002;2024-08-27 06:58:00;Douleur intense;MODÉRÉE;35.5;En cours;Médecin
ALT01843;M002864;PAT0003;2024-04-24 17:55:00;Hyperglycémie;CRITIQUE;38.4;En cours;SAMU
ALT01844;M002865;PAT0192;2024-02-29 03:56:00;Fièvre élevée;MODÉRÉE;38.5;Traitée;Famille
ALT01845;M002866;PAT0168;2024-07-18 06:00:00;Fièvre élevée;MODÉRÉE;38.6;En cours;Médecin
ALT01846;M002868;PAT0090;2024-09-04 22:42:00;Hypoxémie;CRITIQUE;37.3;Traitée;Infirmier
ALT01847;M002869;PAT0110;2024-12-13 18:37:00;Hypertension modérée;MODÉRÉE;142;Traitée;Infirmier
ALT01848;M002871;PAT0050;2024-05-16 00:01:00;Hypertension modérée;MODÉRÉE;142;Traitée;Infirmier
ALT01849;M002873;PAT0033;2024-10-23 02:48:00;Hypertension modérée;MODÉRÉE;141;Traitée;Médecin
ALT01850;M002875;PAT0022;2024-06-17 01:47:00;Hypertension modérée;MODÉRÉE;156;Traitée;Infirmier
ALT01851;M002877;PAT0087;2024-10-11 06:14:00;Hyperglycémie;CRITIQUE;36.8;Traitée;Médecin
ALT01852;M002880;PAT0024;2024-09-10 22:08:00;Fièvre élevée;MODÉRÉE;38.8;Traitée;Médecin
ALT01853;M002881;PAT0080;2024-06-19 08:54:00;Fièvre élevée;CRITIQUE;39.1;Traitée;Infirmier
ALT01854;M002884;PAT0127;2024-07-24 20:12:00;Hyperglycémie;CRITIQUE;38.4;En cours;Infirmier
ALT01855;M002885;PAT0082;2024-12-01 06:24:00;Hypertension modérée;MODÉRÉE;140;Traitée;Médecin
ALT01856;M002888;PAT0017;2024-11-03 05:39:00;Douleur intense;MODÉRÉE;38.2;Ignorée;Médecin
ALT01857;M002890;PAT0132;2024-02-12 04:08:00;Hyperglycémie;CRITIQUE;38.2;En cours;SAMU
ALT01858;M002891;PAT0147;2024-08-22 22:16:00;Fièvre élevée;MODÉRÉE;38.6;En cours;Médecin
ALT01859;M002892;PAT0019;2024-02-15 01:22:00;Hypertension modérée;MODÉRÉE;158;Traitée;Médecin
ALT01860;M002896;PAT0169;2024-04-20 13:59:00;Hypertension modérée;MODÉRÉE;143;En cours;Infirmier
ALT01861;M002897;PAT0023;2024-07-22 20:10:00;Hyperglycémie;CRITIQUE;37.3;En cours;Médecin
ALT01862;M002899;PAT0084;2024-10-08 20:38:00;Hypertension modérée;MODÉRÉE;142;En cours;Famille
ALT01863;M002900;PAT0149;2024-06-11 18:34:00;Hypoxémie;CRITIQUE;35.9;Traitée;Médecin
ALT01864;M002902;PAT0137;2024-01-16 02:58:00;Douleur intense;MODÉRÉE;38.3;En cours;Infirmier
ALT01865;M002903;PAT0100;2024-10-09 18:12:00;Hypoxémie;CRITIQUE;37.8;Traitée;Médecin
ALT01866;M002904;PAT0102;2024-02-17 17:34:00;Douleur intense;MODÉRÉE;37.3;En cours;Médecin
ALT01867;M002906;PAT0164;2024-08-16 17:53:00;Fièvre élevée;CRITIQUE;39.1;Traitée;Famille
ALT01868;M002908;PAT0017;2024-07-19 20:02:00;Douleur intense;MODÉRÉE;37.5;En cours;Infirmier
ALT01869;M002910;PAT0144;2024-03-27 01:00:00;Fièvre élevée;MODÉRÉE;38.6;Traitée;Infirmier
ALT01870;M002911;PAT0045;2024-11-29 22:27:00;Hypertension modérée;MODÉRÉE;144;En cours;SAMU
ALT01871;M002912;PAT0189;2024-01-13 22:51:00;Hyperglycémie;CRITIQUE;36.8;Traitée;Médecin
ALT01872;M002913;PAT0071;2024-12-05 19:23:00;Fièvre élevée;CRITIQUE;39.1;Traitée;Infirmier
ALT01873;M002914;PAT0098;2024-09-09 06:23:00;Douleur intense;MODÉRÉE;38.1;Traitée;Médecin
ALT01874;M002916;PAT0051;2024-05-17 16:12:00;Fièvre élevée;MODÉRÉE;38.6;Traitée;Médecin
ALT01875;M002917;PAT0168;2024-08-07 20:10:00;Fièvre élevée;MODÉRÉE;38.9;Traitée;SAMU
ALT01876;M002919;PAT0156;2024-03-22 20:26:00;Fièvre élevée;MODÉRÉE;38.6;En cours;Médecin
ALT01877;M002921;PAT0082;2024-07-03 23:02:00;Hypertension critique;CRITIQUE;169;Traitée;Médecin
ALT01878;M002922;PAT0014;2024-05-23 05:58:00;Fièvre élevée;CRITIQUE;39.4;En cours;Infirmier
ALT01879;M002923;PAT0115;2024-09-07 04:54:00;Fièvre élevée;CRITIQUE;39.4;Ignorée;Famille
ALT01880;M002924;PAT0161;2024-01-03 07:35:00;Fièvre élevée;CRITIQUE;39.2;Traitée;Famille
ALT01881;M002925;PAT0029;2024-12-12 04:44:00;Douleur intense;MODÉRÉE;38.3;En cours;Médecin
ALT01882;M002926;PAT0144;2024-04-17 10:14:00;Fièvre élevée;CRITIQUE;39;Traitée;Infirmier
ALT01883;M002927;PAT0176;2024-04-29 07:48:00;Hypertension modérée;MODÉRÉE;144;Traitée;Médecin
ALT01884;M002929;PAT0092;2024-08-23 08:09:00;Hypertension modérée;MODÉRÉE;142;Traitée;Médecin
ALT01885;M002930;PAT0089;2024-01-27 16:23:00;Douleur intense;MODÉRÉE;37.5;Traitée;SAMU
ALT01886;M002931;PAT0075;2024-02-11 08:40:00;Fièvre élevée;MODÉRÉE;38.5;En cours;Infirmier
ALT01887;M002934;PAT0107;2024-05-06 14:16:00;Hypoxémie;CRITIQUE;37;Traitée;Infirmier
ALT01888;M002935;PAT0122;2024-08-04 23:46:00;Fièvre élevée;MODÉRÉE;38.5;Ignorée;Médecin
ALT01889;M002937;PAT0004;2024-01-31 13:36:00;Hypertension modérée;MODÉRÉE;144;En cours;Médecin
ALT01890;M002938;PAT0159;2024-02-07 13:47:00;Douleur intense;MODÉRÉE;37.5;En cours;Famille
ALT01891;M002939;PAT0158;2024-10-03 04:58:00;Fièvre élevée;MODÉRÉE;38.8;Ignorée;Médecin
ALT01892;M002940;PAT0174;2024-03-29 06:17:00;Fièvre élevée;MODÉRÉE;38.6;Traitée;Médecin
ALT01893;M002941;PAT0079;2024-02-16 21:18:00;Hypertension modérée;MODÉRÉE;144;Traitée;Infirmier
ALT01894;M002943;PAT0093;2024-08-14 12:29:00;Hyperglycémie;CRITIQUE;36.2;Traitée;Famille
ALT01895;M002944;PAT0007;2024-11-17 08:12:00;Fièvre élevée;CRITIQUE;39.1;Traitée;Famille
ALT01896;M002945;PAT0112;2024-07-09 07:58:00;Fièvre élevée;MODÉRÉE;38.7;Traitée;Médecin
ALT01897;M002946;PAT0150;2024-03-01 21:41:00;Hypertension modérée;MODÉRÉE;141;En cours;Infirmier
ALT01898;M002947;PAT0120;2024-07-18 10:51:00;Hypertension critique;CRITIQUE;162;Traitée;Famille
ALT01899;M002949;PAT0152;2024-07-22 18:57:00;Hypertension critique;CRITIQUE;177;Traitée;Famille
ALT01900;M002952;PAT0046;2024-11-26 12:47:00;Fièvre élevée;MODÉRÉE;38.7;En cours;Infirmier
ALT01901;M002955;PAT0118;2024-06-01 20:04:00;Tachycardie;MODÉRÉE;37.6;Ignorée;Famille
ALT01902;M002958;PAT0141;2024-04-30 05:02:00;Fièvre élevée;MODÉRÉE;38.6;Ignorée;Famille
ALT01903;M002959;PAT0173;2024-03-03 23:49:00;Tachycardie;MODÉRÉE;38;En cours;Infirmier
ALT01904;M002962;PAT0066;2024-02-21 01:30:00;Fièvre élevée;CRITIQUE;39.2;Traitée;SAMU
ALT01905;M002963;PAT0008;2024-12-09 17:53:00;Tachycardie;MODÉRÉE;37.9;En cours;Médecin
ALT01906;M002966;PAT0021;2024-08-16 23:43:00;Fièvre élevée;MODÉRÉE;38.7;Traitée;Infirmier
ALT01907;M002969;PAT0123;2024-01-24 05:46:00;Hyperglycémie;CRITIQUE;36.1;Traitée;Médecin
ALT01908;M002970;PAT0171;2024-02-05 09:19:00;Fièvre élevée;MODÉRÉE;38.6;Traitée;Famille
ALT01909;M002971;PAT0056;2024-12-14 03:04:00;Fièvre élevée;MODÉRÉE;38.7;Traitée;Infirmier
ALT01910;M002973;PAT0107;2024-01-14 08:24:00;Tachycardie;MODÉRÉE;36.8;En cours;Famille
ALT01911;M002974;PAT0006;2024-10-09 17:49:00;Fièvre élevée;CRITIQUE;39.3;Traitée;Médecin
ALT01912;M002975;PAT0155;2024-04-26 12:46:00;Douleur intense;MODÉRÉE;36.4;Traitée;Famille
ALT01913;M002978;PAT0116;2024-09-19 05:17:00;Hypertension modérée;MODÉRÉE;141;Traitée;Médecin
ALT01914;M002979;PAT0179;2024-07-24 20:03:00;Fièvre élevée;MODÉRÉE;38.9;En cours;SAMU
ALT01915;M002980;PAT0187;2024-05-09 18:30:00;Fièvre élevée;CRITIQUE;39.1;Traitée;Médecin
ALT01916;M002981;PAT0042;2024-03-10 03:31:00;Douleur intense;MODÉRÉE;36;Traitée;Médecin
ALT01917;M002982;PAT0092;2024-02-18 17:39:00;Douleur intense;MODÉRÉE;37.6;Traitée;Infirmier
ALT01918;M002983;PAT0020;2024-11-19 21:54:00;Fièvre élevée;CRITIQUE;39.3;Traitée;Médecin
ALT01919;M002984;PAT0052;2024-03-27 19:29:00;Fièvre élevée;CRITIQUE;39.4;En cours;Infirmier
ALT01920;M002985;PAT0193;2024-08-02 19:19:00;Hypoxémie;CRITIQUE;37.9;Traitée;SAMU
ALT01921;M002987;PAT0136;2024-03-26 22:03:00;Tachycardie;MODÉRÉE;36;En cours;SAMU
ALT01922;M002991;PAT0088;2024-04-30 21:38:00;Fièvre élevée;CRITIQUE;39.2;Traitée;Médecin
ALT01923;M002992;PAT0188;2024-11-19 04:09:00;Fièvre élevée;CRITIQUE;39.1;Traitée;Infirmier
ALT01924;M002994;PAT0127;2024-04-01 03:52:00;Hyperglycémie;CRITIQUE;38.3;Traitée;Infirmier
ALT01925;M002995;PAT0179;2024-04-29 18:38:00;Hypertension critique;CRITIQUE;170;Traitée;Infirmier
ALT01926;M002997;PAT0154;2024-12-04 23:21:00;Fièvre élevée;MODÉRÉE;38.6;Traitée;Infirmier
ALT01927;M002999;PAT0157;2024-03-31 22:06:00;Hypertension modérée;MODÉRÉE;143;Traitée;SAMU
ALT01928;M003000;PAT0024;2024-09-17 02:04:00;Fièvre élevée;CRITIQUE;39;Traitée;SAMU
ALT01929;M003001;PAT0116;2024-12-20 04:07:00;Tachycardie;MODÉRÉE;37.4;Traitée;Infirmier
ALT01930;M003003;PAT0059;2024-02-01 13:43:00;Fièvre élevée;CRITIQUE;39.1;Traitée;Famille
ALT01931;M003004;PAT0025;2024-02-21 20:50:00;Hypertension critique;CRITIQUE;175;En cours;Famille
ALT01932;M003006;PAT0154;2024-07-29 11:44:00;Fièvre élevée;CRITIQUE;39.1;Traitée;Famille
ALT01933;M003011;PAT0010;2024-03-30 07:30:00;Hyperglycémie;CRITIQUE;37;Traitée;Médecin
ALT01934;M003013;PAT0161;2024-04-08 19:43:00;Douleur intense;MODÉRÉE;35.6;Traitée;Infirmier
ALT01935;M003016;PAT0027;2024-09-26 12:27:00;Fièvre élevée;CRITIQUE;39.1;En cours;Médecin
ALT01936;M003018;PAT0006;2024-04-14 10:52:00;Fièvre élevée;MODÉRÉE;38.8;Traitée;Infirmier
ALT01937;M003019;PAT0163;2024-09-24 19:23:00;Hypoxémie;CRITIQUE;37.9;Ignorée;Infirmier
ALT01938;M003023;PAT0103;2024-09-21 13:27:00;Hypoxémie;CRITIQUE;37.3;En cours;Infirmier
ALT01939;M003024;PAT0180;2024-12-24 20:01:00;Fièvre élevée;CRITIQUE;39;En cours;SAMU
ALT01940;M003025;PAT0160;2024-02-12 02:01:00;Fièvre élevée;CRITIQUE;39.4;Traitée;Infirmier
ALT01941;M003027;PAT0139;2024-08-04 00:43:00;Hypertension modérée;MODÉRÉE;147;En cours;SAMU
ALT01942;M003028;PAT0175;2024-05-25 22:13:00;Fièvre élevée;CRITIQUE;39.4;Traitée;Infirmier
ALT01943;M003029;PAT0133;2024-05-22 10:48:00;Fièvre élevée;CRITIQUE;39.1;En cours;Infirmier
ALT01944;M003030;PAT0148;2024-04-27 15:21:00;Hypertension modérée;MODÉRÉE;151;Traitée;Infirmier
ALT01945;M003033;PAT0097;2024-06-03 16:50:00;Hypertension modérée;MODÉRÉE;146;Traitée;Médecin
ALT01946;M003034;PAT0147;2024-07-27 17:55:00;Hypoxémie;CRITIQUE;35.7;Ignorée;Infirmier
ALT01947;M003035;PAT0185;2024-01-12 02:54:00;Fièvre élevée;MODÉRÉE;38.6;En cours;Famille
ALT01948;M003036;PAT0157;2024-01-01 09:41:00;Fièvre élevée;CRITIQUE;39.2;En cours;Famille
ALT01949;M003037;PAT0126;2024-09-25 12:48:00;Douleur intense;MODÉRÉE;37.4;Traitée;Infirmier
ALT01950;M003038;PAT0050;2024-04-20 08:19:00;Douleur intense;MODÉRÉE;38.2;Traitée;Infirmier
ALT01951;M003039;PAT0154;2024-05-05 07:06:00;Douleur intense;MODÉRÉE;37.6;Traitée;Médecin
ALT01952;M003040;PAT0174;2024-09-01 22:53:00;Fièvre élevée;MODÉRÉE;38.5;Traitée;Infirmier
ALT01953;M003041;PAT0078;2024-07-01 14:29:00;Fièvre élevée;CRITIQUE;39;Ignorée;SAMU
ALT01954;M003043;PAT0127;2024-09-10 11:39:00;Douleur intense;MODÉRÉE;36.6;Traitée;Médecin
ALT01955;M003044;PAT0183;2024-10-27 11:54:00;Douleur intense;MODÉRÉE;36.3;Traitée;Médecin
ALT01956;M003045;PAT0193;2024-08-31 12:29:00;Tachycardie;MODÉRÉE;37.2;En cours;SAMU
ALT01957;M003046;PAT0123;2024-06-30 02:19:00;Hypertension modérée;MODÉRÉE;143;Traitée;Médecin
ALT01958;M003047;PAT0121;2024-11-29 06:03:00;Hyperglycémie;CRITIQUE;38;Traitée;Médecin
ALT01959;M003049;PAT0088;2024-06-19 20:42:00;Hypertension critique;CRITIQUE;169;En cours;Infirmier
ALT01960;M003050;PAT0034;2024-08-08 01:40:00;Douleur intense;MODÉRÉE;38.2;En cours;Infirmier
ALT01961;M003052;PAT0171;2024-08-03 02:05:00;Hypertension modérée;MODÉRÉE;142;Traitée;Médecin
ALT01962;M003053;PAT0081;2024-02-14 17:06:00;Hyperglycémie;CRITIQUE;38.2;Traitée;Famille
ALT01963;M003054;PAT0103;2024-06-08 23:19:00;Tachycardie;MODÉRÉE;37.4;En cours;Famille
ALT01964;M003055;PAT0105;2024-12-08 00:17:00;Hypertension critique;CRITIQUE;160;Traitée;Famille
ALT01965;M003056;PAT0141;2024-12-28 19:01:00;Fièvre élevée;MODÉRÉE;38.5;Traitée;Médecin
ALT01966;M003059;PAT0175;2024-09-30 13:11:00;Fièvre élevée;CRITIQUE;39.2;Traitée;Infirmier
ALT01967;M003061;PAT0065;2024-09-13 10:10:00;Hypertension critique;CRITIQUE;167;En cours;Infirmier
ALT01968;M003062;PAT0084;2024-05-24 03:01:00;Fièvre élevée;CRITIQUE;39.2;Traitée;Médecin
ALT01969;M003064;PAT0080;2024-09-11 15:19:00;Hypertension modérée;MODÉRÉE;142;Traitée;Médecin
ALT01970;M003065;PAT0173;2024-03-13 11:32:00;Hypertension modérée;MODÉRÉE;143;Traitée;Famille
ALT01971;M003066;PAT0137;2024-06-27 06:39:00;Fièvre élevée;CRITIQUE;39.2;Traitée;Famille
ALT01972;M003068;PAT0174;2024-02-08 05:35:00;Fièvre élevée;CRITIQUE;39.4;Traitée;Médecin
ALT01973;M003069;PAT0097;2024-11-13 05:13:00;Hypertension critique;CRITIQUE;169;Traitée;Famille
ALT01974;M003070;PAT0196;2024-02-16 17:57:00;Douleur intense;MODÉRÉE;38.4;Traitée;Médecin
ALT01975;M003072;PAT0027;2024-07-08 18:29:00;Fièvre élevée;MODÉRÉE;38.5;Ignorée;Médecin
ALT01976;M003073;PAT0189;2024-03-29 02:32:00;Hyperglycémie;CRITIQUE;36.8;Ignorée;Médecin
ALT01977;M003075;PAT0017;2024-01-20 06:03:00;Fièvre élevée;MODÉRÉE;38.7;En cours;Infirmier
ALT01978;M003076;PAT0183;2024-01-25 19:56:00;Fièvre élevée;MODÉRÉE;38.5;Traitée;Médecin
ALT01979;M003077;PAT0082;2024-12-28 13:15:00;Fièvre élevée;MODÉRÉE;38.5;Traitée;Famille
ALT01980;M003079;PAT0040;2024-06-06 21:05:00;Fièvre élevée;CRITIQUE;39.2;En cours;Infirmier
ALT01981;M003082;PAT0129;2024-03-18 21:05:00;Hypertension modérée;MODÉRÉE;150;Traitée;Médecin
ALT01982;M003084;PAT0023;2024-01-06 11:36:00;Hyperglycémie;CRITIQUE;36.4;En cours;Médecin
ALT01983;M003086;PAT0170;2024-05-16 17:21:00;Hypertension modérée;MODÉRÉE;159;Traitée;Infirmier
ALT01984;M003088;PAT0165;2024-03-16 20:33:00;Douleur intense;MODÉRÉE;37.1;Traitée;Médecin
ALT01985;M003089;PAT0047;2024-08-02 11:54:00;Hypertension modérée;MODÉRÉE;143;Traitée;Infirmier
ALT01986;M003091;PAT0130;2024-07-19 22:16:00;Hypertension modérée;MODÉRÉE;144;Traitée;Famille
ALT01987;M003094;PAT0033;2024-03-11 18:01:00;Fièvre élevée;CRITIQUE;39;Traitée;Médecin
ALT01988;M003097;PAT0151;2024-06-14 23:15:00;Hyperglycémie;CRITIQUE;37.7;En cours;Infirmier
ALT01989;M003100;PAT0057;2024-07-20 15:00:00;Fièvre élevée;MODÉRÉE;38.7;Traitée;Infirmier
ALT01990;M003101;PAT0136;2024-07-30 10:24:00;Hypoxémie;CRITIQUE;38.3;Traitée;Infirmier
ALT01991;M003102;PAT0170;2024-04-05 05:33:00;Fièvre élevée;CRITIQUE;39.1;Traitée;Famille
ALT01992;M003103;PAT0135;2024-05-05 11:13:00;Douleur intense;MODÉRÉE;35.7;En cours;Infirmier
ALT01993;M003105;PAT0083;2024-04-22 15:17:00;Douleur intense;MODÉRÉE;38.4;En cours;Infirmier
ALT01994;M003106;PAT0021;2024-11-21 06:05:00;Fièvre élevée;CRITIQUE;39.3;Traitée;Médecin
ALT01995;M003108;PAT0017;2024-05-29 16:24:00;Douleur intense;MODÉRÉE;38.2;Traitée;Famille
ALT01996;M003110;PAT0105;2024-06-11 02:49:00;Hypertension critique;CRITIQUE;174;En cours;Médecin
ALT01997;M003111;PAT0113;2024-08-06 07:59:00;Hypertension modérée;MODÉRÉE;141;En cours;Infirmier
ALT01998;M003114;PAT0191;2024-12-05 19:10:00;Douleur intense;MODÉRÉE;37.4;Traitée;Médecin
ALT01999;M003115;PAT0066;2024-12-21 01:05:00;Fièvre élevée;MODÉRÉE;38.7;Traitée;Infirmier
ALT02000;M003116;PAT0051;2024-10-10 00:04:00;Fièvre élevée;MODÉRÉE;38.9;Traitée;Infirmier
ALT02001;M003118;PAT0150;2024-07-20 01:39:00;Fièvre élevée;CRITIQUE;39.1;Ignorée;Famille
ALT02002;M003119;PAT0163;2024-09-10 04:03:00;Tachycardie;MODÉRÉE;38;Traitée;Infirmier
ALT02003;M003121;PAT0161;2024-03-19 16:23:00;Fièvre élevée;MODÉRÉE;38.5;Traitée;SAMU
ALT02004;M003124;PAT0132;2024-07-21 00:28:00;Hypertension modérée;MODÉRÉE;142;Ignorée;Infirmier
ALT02005;M003125;PAT0022;2024-10-15 22:36:00;Fièvre élevée;CRITIQUE;39.3;Traitée;Médecin
ALT02006;M003127;PAT0173;2024-05-21 19:34:00;Hypertension modérée;MODÉRÉE;143;Traitée;Infirmier
ALT02007;M003128;PAT0087;2024-08-31 08:28:00;Hyperglycémie;CRITIQUE;37.3;Traitée;Infirmier
ALT02008;M003135;PAT0087;2024-02-23 07:21:00;Hypertension modérée;MODÉRÉE;140;Traitée;Médecin
ALT02009;M003136;PAT0137;2024-11-28 11:29:00;Douleur intense;MODÉRÉE;36.4;En cours;Médecin
ALT02010;M003137;PAT0094;2024-06-27 17:01:00;Fièvre élevée;MODÉRÉE;38.8;En cours;Médecin
ALT02011;M003138;PAT0125;2024-06-03 15:23:00;Fièvre élevée;CRITIQUE;39.2;Traitée;Médecin
ALT02012;M003139;PAT0198;2024-11-17 20:07:00;Fièvre élevée;MODÉRÉE;38.6;Ignorée;Infirmier
ALT02013;M003140;PAT0164;2024-01-01 09:01:00;Hypertension modérée;MODÉRÉE;152;Traitée;Médecin
ALT02014;M003141;PAT0163;2024-05-10 23:31:00;Tachycardie;MODÉRÉE;38.2;En cours;Médecin
ALT02015;M003142;PAT0075;2024-06-27 22:20:00;Hypertension modérée;MODÉRÉE;141;Ignorée;SAMU
ALT02016;M003143;PAT0096;2024-07-25 01:07:00;Hypertension critique;CRITIQUE;161;En cours;SAMU
ALT02017;M003144;PAT0118;2024-12-13 00:42:00;Fièvre élevée;MODÉRÉE;38.9;Traitée;Médecin
ALT02018;M003145;PAT0118;2024-11-26 08:36:00;Hypoxémie;CRITIQUE;35.6;Traitée;Médecin
ALT02019;M003146;PAT0081;2024-02-20 12:57:00;Douleur intense;MODÉRÉE;38.3;Ignorée;Médecin
ALT02020;M003147;PAT0061;2024-10-26 13:28:00;Hypertension modérée;MODÉRÉE;142;En cours;Famille
ALT02021;M003150;PAT0020;2024-01-25 19:29:00;Fièvre élevée;CRITIQUE;39.1;Traitée;Médecin
ALT02022;M003152;PAT0178;2024-01-12 06:45:00;Fièvre élevée;MODÉRÉE;38.6;Traitée;Médecin
ALT02023;M003153;PAT0173;2024-07-05 20:27:00;Fièvre élevée;MODÉRÉE;38.9;Traitée;Infirmier
ALT02024;M003154;PAT0045;2024-06-24 05:42:00;Douleur intense;MODÉRÉE;37.2;Traitée;Famille
ALT02025;M003155;PAT0182;2024-02-04 04:56:00;Hypertension critique;CRITIQUE;173;Traitée;Médecin
ALT02026;M003156;PAT0023;2024-12-10 04:12:00;Fièvre élevée;MODÉRÉE;38.7;En cours;Médecin
ALT02027;M003157;PAT0041;2024-02-12 03:37:00;Tachycardie;MODÉRÉE;37.5;Traitée;Famille
ALT02028;M003158;PAT0159;2024-07-20 10:28:00;Fièvre élevée;CRITIQUE;39.4;Ignorée;SAMU
ALT02029;M003162;PAT0110;2024-02-21 17:49:00;Fièvre élevée;CRITIQUE;39.1;Traitée;Infirmier
ALT02030;M003164;PAT0029;2024-03-27 17:13:00;Fièvre élevée;CRITIQUE;39.1;Traitée;SAMU
ALT02031;M003167;PAT0177;2024-11-21 13:11:00;Fièvre élevée;CRITIQUE;39.3;Traitée;Médecin
ALT02032;M003169;PAT0042;2024-06-01 20:21:00;Fièvre élevée;MODÉRÉE;38.7;En cours;SAMU
ALT02033;M003170;PAT0157;2024-01-19 10:45:00;Fièvre élevée;CRITIQUE;39.1;En cours;Médecin
ALT02034;M003171;PAT0146;2024-10-16 23:45:00;Fièvre élevée;MODÉRÉE;38.5;Traitée;Famille
ALT02035;M003172;PAT0030;2024-11-01 14:43:00;Hypertension critique;CRITIQUE;161;Traitée;Médecin
ALT02036;M003173;PAT0026;2024-10-05 04:37:00;Douleur intense;MODÉRÉE;37.1;Traitée;Famille
ALT02037;M003174;PAT0064;2024-05-07 20:57:00;Douleur intense;MODÉRÉE;37.1;Traitée;Famille
ALT02038;M003175;PAT0001;2024-02-27 13:36:00;Douleur intense;MODÉRÉE;38.4;Traitée;Infirmier
ALT02039;M003177;PAT0050;2024-11-14 20:05:00;Hypertension modérée;MODÉRÉE;141;Ignorée;Médecin
ALT02040;M003179;PAT0189;2024-01-25 02:09:00;Fièvre élevée;CRITIQUE;39.1;En cours;Médecin
ALT02041;M003180;PAT0163;2024-09-03 18:37:00;Hypoxémie;CRITIQUE;35.5;Traitée;Famille
ALT02042;M003183;PAT0065;2024-04-28 20:40:00;Hypertension critique;CRITIQUE;177;En cours;Infirmier
ALT02043;M003184;PAT0030;2024-08-20 12:29:00;Hypertension critique;CRITIQUE;166;Traitée;Médecin
ALT02044;M003188;PAT0012;2024-12-24 14:46:00;Fièvre élevée;MODÉRÉE;38.7;Ignorée;Médecin
ALT02045;M003189;PAT0006;2024-05-28 05:30:00;Hypertension modérée;MODÉRÉE;149;En cours;Médecin
ALT02046;M003190;PAT0149;2024-06-02 15:26:00;Fièvre élevée;MODÉRÉE;38.8;Ignorée;SAMU
ALT02047;M003191;PAT0122;2024-08-18 11:18:00;Douleur intense;MODÉRÉE;38.2;Traitée;Famille
ALT02048;M003193;PAT0195;2024-01-06 19:32:00;Hypertension modérée;MODÉRÉE;155;Traitée;Médecin
ALT02049;M003194;PAT0003;2024-07-13 23:37:00;Hyperglycémie;CRITIQUE;38.4;Traitée;Infirmier
ALT02050;M003196;PAT0117;2024-07-10 14:02:00;Fièvre élevée;MODÉRÉE;38.5;Traitée;Infirmier
ALT02051;M003197;PAT0097;2024-08-27 18:11:00;Fièvre élevée;CRITIQUE;39;Traitée;Médecin
ALT02052;M003201;PAT0097;2024-05-12 22:14:00;Hypertension modérée;MODÉRÉE;151;Traitée;Infirmier
ALT02053;M003202;PAT0088;2024-07-19 10:49:00;Hypertension modérée;MODÉRÉE;151;En cours;Infirmier
ALT02054;M003203;PAT0184;2024-01-17 12:55:00;Fièvre élevée;CRITIQUE;39.3;En cours;Infirmier
ALT02055;M003206;PAT0195;2024-03-08 11:21:00;Fièvre élevée;MODÉRÉE;38.7;Traitée;Infirmier
ALT02056;M003207;PAT0136;2024-08-16 17:25:00;Hypoxémie;CRITIQUE;35.6;En cours;Infirmier
ALT02057;M003208;PAT0044;2024-02-08 15:02:00;Fièvre élevée;CRITIQUE;39.1;En cours;Médecin
ALT02058;M003209;PAT0103;2024-04-16 18:49:00;Tachycardie;MODÉRÉE;37.8;Traitée;Infirmier
ALT02059;M003210;PAT0124;2024-09-22 15:12:00;Fièvre élevée;MODÉRÉE;38.8;Traitée;Infirmier
ALT02060;M003211;PAT0146;2024-07-28 05:36:00;Fièvre élevée;MODÉRÉE;38.8;Traitée;Infirmier
ALT02061;M003212;PAT0030;2024-04-30 06:48:00;Hypertension critique;CRITIQUE;177;Traitée;Médecin
ALT02062;M003213;PAT0021;2024-04-01 16:31:00;Douleur intense;MODÉRÉE;36.7;Ignorée;Famille
ALT02063;M003214;PAT0041;2024-12-01 00:05:00;Hypertension modérée;MODÉRÉE;142;Traitée;Médecin
ALT02064;M003216;PAT0107;2024-08-26 10:41:00;Fièvre élevée;MODÉRÉE;38.5;Traitée;Infirmier
ALT02065;M003217;PAT0147;2024-05-21 05:52:00;Hypoxémie;CRITIQUE;35.7;Traitée;Médecin
ALT02066;M003221;PAT0181;2024-11-20 14:00:00;Hypertension modérée;MODÉRÉE;141;Traitée;Infirmier
ALT02067;M003222;PAT0124;2024-01-15 19:08:00;Hyperglycémie;CRITIQUE;36.9;En cours;Infirmier
ALT02068;M003224;PAT0148;2024-04-11 15:37:00;Hypertension modérée;MODÉRÉE;148;En cours;Médecin
ALT02069;M003225;PAT0096;2024-03-04 02:27:00;Fièvre élevée;MODÉRÉE;38.9;En cours;Médecin
ALT02070;M003226;PAT0043;2024-08-26 10:53:00;Fièvre élevée;CRITIQUE;39.2;Traitée;Infirmier
ALT02071;M003227;PAT0047;2024-08-27 07:37:00;Hypertension modérée;MODÉRÉE;149;Traitée;Médecin
ALT02072;M003228;PAT0061;2024-04-01 09:41:00;Hyperglycémie;CRITIQUE;37.8;En cours;Médecin
ALT02073;M003229;PAT0061;2024-11-26 13:45:00;Fièvre élevée;MODÉRÉE;38.7;Traitée;SAMU
ALT02074;M003230;PAT0163;2024-11-18 10:55:00;Hypoxémie;CRITIQUE;36.7;Traitée;Famille
ALT02075;M003232;PAT0012;2024-11-10 18:03:00;Fièvre élevée;MODÉRÉE;38.6;En cours;Médecin
ALT02076;M003234;PAT0003;2024-08-02 22:22:00;Hyperglycémie;CRITIQUE;37.4;Traitée;Famille
ALT02077;M003235;PAT0098;2024-12-21 04:08:00;Douleur intense;MODÉRÉE;37;En cours;Médecin
ALT02078;M003236;PAT0060;2024-02-13 22:17:00;Fièvre élevée;CRITIQUE;39.2;Traitée;Médecin
ALT02079;M003237;PAT0038;2024-02-25 22:07:00;Fièvre élevée;MODÉRÉE;38.5;En cours;Infirmier
ALT02080;M003238;PAT0067;2024-06-17 13:36:00;Fièvre élevée;CRITIQUE;39.4;Ignorée;SAMU
ALT02081;M003239;PAT0033;2024-04-24 06:21:00;Hypertension modérée;MODÉRÉE;140;En cours;Infirmier
ALT02082;M003240;PAT0041;2024-11-22 07:53:00;Fièvre élevée;MODÉRÉE;38.7;Traitée;Médecin
ALT02083;M003241;PAT0107;2024-09-03 15:51:00;Fièvre élevée;CRITIQUE;39.2;Traitée;Médecin
ALT02084;M003243;PAT0052;2024-10-15 00:36:00;Hypertension modérée;MODÉRÉE;141;Traitée;Infirmier
ALT02085;M003244;PAT0105;2024-11-26 09:19:00;Hypertension modérée;MODÉRÉE;149;Traitée;Famille
ALT02086;M003245;PAT0082;2024-01-27 22:58:00;Hypertension modérée;MODÉRÉE;158;Traitée;Médecin
ALT02087;M003250;PAT0162;2024-12-13 06:03:00;Hypertension modérée;MODÉRÉE;155;Traitée;SAMU
ALT02088;M003251;PAT0076;2024-05-09 00:40:00;Douleur intense;MODÉRÉE;37.8;En cours;Médecin
ALT02089;M003252;PAT0062;2024-01-23 10:58:00;Hypertension modérée;MODÉRÉE;141;Traitée;SAMU
ALT02090;M003254;PAT0163;2024-01-27 08:09:00;Hypertension modérée;MODÉRÉE;140;Traitée;Médecin
ALT02091;M003256;PAT0131;2024-01-19 15:49:00;Douleur intense;MODÉRÉE;37.6;Traitée;Infirmier
ALT02092;M003258;PAT0018;2024-08-28 03:21:00;Hypertension modérée;MODÉRÉE;144;Traitée;Médecin
ALT02093;M003266;PAT0099;2024-10-11 16:07:00;Tachycardie;MODÉRÉE;37.1;En cours;Médecin
ALT02094;M003269;PAT0183;2024-01-01 23:40:00;Fièvre élevée;CRITIQUE;39.4;En cours;Infirmier
ALT02095;M003270;PAT0040;2024-08-22 06:22:00;Hypertension modérée;MODÉRÉE;143;Traitée;Médecin
ALT02096;M003271;PAT0200;2024-09-30 07:03:00;Fièvre élevée;MODÉRÉE;38.6;En cours;Infirmier
ALT02097;M003274;PAT0107;2024-02-05 17:21:00;Fièvre élevée;MODÉRÉE;38.6;Traitée;Infirmier
ALT02098;M003278;PAT0026;2024-12-18 17:30:00;Hypertension modérée;MODÉRÉE;140;En cours;Médecin
ALT02099;M003281;PAT0171;2024-10-08 06:36:00;Fièvre élevée;MODÉRÉE;38.9;Traitée;Médecin
ALT02100;M003282;PAT0035;2024-02-19 12:13:00;Hypertension modérée;MODÉRÉE;142;En cours;Infirmier
ALT02101;M003283;PAT0198;2024-01-15 00:37:00;Hypertension modérée;MODÉRÉE;143;En cours;Famille
ALT02102;M003284;PAT0005;2024-05-22 03:28:00;Fièvre élevée;CRITIQUE;39.5;En cours;Médecin
ALT02103;M003285;PAT0106;2024-03-19 16:39:00;Hyperglycémie;CRITIQUE;37.5;Traitée;Famille
ALT02104;M003286;PAT0041;2024-03-20 14:49:00;Hypoxémie;CRITIQUE;36.8;Traitée;Infirmier
ALT02105;M003288;PAT0048;2024-12-03 11:33:00;Douleur intense;MODÉRÉE;37.8;Traitée;SAMU
ALT02106;M003289;PAT0043;2024-09-16 00:21:00;Hyperglycémie;CRITIQUE;35.8;Traitée;Médecin
ALT02107;M003290;PAT0047;2024-03-06 15:33:00;Hypertension modérée;MODÉRÉE;151;En cours;Médecin
ALT02108;M003292;PAT0078;2024-01-08 04:10:00;Fièvre élevée;MODÉRÉE;38.7;Ignorée;Médecin
ALT02109;M003294;PAT0029;2024-01-17 22:09:00;Douleur intense;MODÉRÉE;37;En cours;Médecin
ALT02110;M003296;PAT0129;2024-03-04 03:52:00;Hypertension critique;CRITIQUE;178;En cours;Famille
ALT02111;M003299;PAT0163;2024-01-05 10:58:00;Hypoxémie;CRITIQUE;35.8;En cours;Famille
ALT02112;M003300;PAT0151;2024-06-07 09:28:00;Hyperglycémie;CRITIQUE;35.7;Traitée;SAMU
ALT02113;M003301;PAT0099;2024-05-31 21:52:00;Hypoxémie;CRITIQUE;37.5;En cours;Famille
ALT02114;M003304;PAT0067;2024-10-24 19:58:00;Fièvre élevée;CRITIQUE;39.4;En cours;Médecin
ALT02115;M003307;PAT0166;2024-06-27 15:59:00;Fièvre élevée;CRITIQUE;39.3;En cours;Médecin
ALT02116;M003308;PAT0137;2024-11-25 10:18:00;Douleur intense;MODÉRÉE;37.1;En cours;Infirmier
ALT02117;M003309;PAT0074;2024-05-23 14:18:00;Fièvre élevée;CRITIQUE;39.3;Traitée;SAMU
ALT02118;M003310;PAT0199;2024-10-25 16:37:00;Douleur intense;MODÉRÉE;36.6;Ignorée;Famille
ALT02119;M003311;PAT0064;2024-02-24 00:03:00;Fièvre élevée;CRITIQUE;39.2;En cours;Infirmier
ALT02120;M003312;PAT0125;2024-04-23 20:30:00;Hyperglycémie;CRITIQUE;36.8;En cours;Médecin
ALT02121;M003314;PAT0072;2024-03-28 02:17:00;Douleur intense;MODÉRÉE;36.6;Ignorée;Famille
ALT02122;M003316;PAT0088;2024-03-23 07:36:00;Fièvre élevée;CRITIQUE;39.4;En cours;SAMU
ALT02123;M003318;PAT0090;2024-07-16 22:07:00;Fièvre élevée;CRITIQUE;39.3;Traitée;Infirmier
ALT02124;M003321;PAT0063;2024-03-19 15:42:00;Fièvre élevée;MODÉRÉE;38.7;Ignorée;Infirmier
ALT02125;M003322;PAT0062;2024-04-12 03:57:00;Fièvre élevée;MODÉRÉE;38.6;En cours;Médecin
ALT02126;M003325;PAT0193;2024-06-03 12:13:00;Fièvre élevée;MODÉRÉE;38.8;En cours;Famille
ALT02127;M003326;PAT0170;2024-11-26 10:23:00;Hypertension modérée;MODÉRÉE;140;En cours;Infirmier
ALT02128;M003327;PAT0170;2024-12-22 03:46:00;Hypertension modérée;MODÉRÉE;152;Traitée;Infirmier
ALT02129;M003329;PAT0013;2024-02-26 21:49:00;Fièvre élevée;MODÉRÉE;38.5;Ignorée;Médecin
ALT02130;M003331;PAT0023;2024-01-01 01:43:00;Fièvre élevée;MODÉRÉE;38.5;Traitée;Médecin
ALT02131;M003332;PAT0171;2024-10-20 19:03:00;Fièvre élevée;MODÉRÉE;38.6;Ignorée;Infirmier
ALT02132;M003333;PAT0104;2024-04-10 21:59:00;Hypertension modérée;MODÉRÉE;144;Ignorée;Infirmier
ALT02133;M003334;PAT0174;2024-08-26 20:15:00;Tachycardie;MODÉRÉE;38;Traitée;Famille
ALT02134;M003335;PAT0186;2024-11-06 04:08:00;Fièvre élevée;CRITIQUE;39.5;Traitée;Médecin
ALT02135;M003336;PAT0006;2024-02-11 16:46:00;Fièvre élevée;CRITIQUE;39.4;Traitée;Médecin
ALT02136;M003337;PAT0162;2024-04-24 00:09:00;Hypertension modérée;MODÉRÉE;140;Traitée;Médecin
ALT02137;M003339;PAT0004;2024-03-16 07:50:00;Hypertension modérée;MODÉRÉE;143;Traitée;Médecin
ALT02138;M003340;PAT0088;2024-09-30 04:56:00;Fièvre élevée;CRITIQUE;39;En cours;Médecin
ALT02139;M003344;PAT0057;2024-08-06 08:01:00;Douleur intense;MODÉRÉE;37.9;Traitée;Médecin
ALT02140;M003345;PAT0086;2024-06-27 19:43:00;Hypertension modérée;MODÉRÉE;141;Traitée;Infirmier
ALT02141;M003346;PAT0043;2024-09-28 15:59:00;Hyperglycémie;CRITIQUE;37.9;En cours;Famille
ALT02142;M003347;PAT0005;2024-05-16 12:15:00;Hypertension modérée;MODÉRÉE;144;Traitée;Médecin
ALT02143;M003349;PAT0082;2024-11-13 18:36:00;Fièvre élevée;CRITIQUE;39.3;Traitée;SAMU
ALT02144;M003352;PAT0004;2024-09-27 13:09:00;Fièvre élevée;CRITIQUE;39.3;En cours;Médecin
ALT02145;M003353;PAT0027;2024-10-11 09:46:00;Fièvre élevée;MODÉRÉE;38.9;Traitée;Infirmier
ALT02146;M003354;PAT0093;2024-05-07 01:47:00;Fièvre élevée;CRITIQUE;39.3;Traitée;Famille
ALT02147;M003355;PAT0164;2024-09-18 14:14:00;Fièvre élevée;CRITIQUE;39.3;Traitée;Infirmier
ALT02148;M003356;PAT0175;2024-09-25 06:05:00;Hypertension critique;CRITIQUE;179;Traitée;Médecin
ALT02149;M003359;PAT0111;2024-04-17 20:25:00;Douleur intense;MODÉRÉE;36.8;Traitée;Famille
ALT02150;M003360;PAT0024;2024-01-10 00:23:00;Fièvre élevée;CRITIQUE;39;Traitée;Infirmier
ALT02151;M003361;PAT0197;2024-03-06 04:27:00;Fièvre élevée;CRITIQUE;39;En cours;Médecin
ALT02152;M003362;PAT0116;2024-05-03 10:02:00;Tachycardie;MODÉRÉE;36.1;Traitée;Médecin
ALT02153;M003363;PAT0172;2024-03-13 20:17:00;Hypertension modérée;MODÉRÉE;142;En cours;Médecin
ALT02154;M003364;PAT0197;2024-10-13 00:55:00;Hypoxémie;CRITIQUE;37.9;En cours;Médecin
ALT02155;M003366;PAT0072;2024-02-02 00:24:00;Douleur intense;MODÉRÉE;35.9;Traitée;Famille
ALT02156;M003367;PAT0140;2024-06-18 17:01:00;Douleur intense;MODÉRÉE;35.9;En cours;Famille
ALT02157;M003368;PAT0149;2024-12-20 05:33:00;Tachycardie;MODÉRÉE;35.5;Traitée;Infirmier
ALT02158;M003369;PAT0005;2024-07-27 19:36:00;Fièvre élevée;CRITIQUE;39.4;En cours;Médecin
ALT02159;M003372;PAT0015;2024-06-05 15:25:00;Douleur intense;MODÉRÉE;36.2;Traitée;Médecin
ALT02160;M003373;PAT0012;2024-02-14 03:58:00;Hyperglycémie;CRITIQUE;36.8;Traitée;Médecin
ALT02161;M003374;PAT0047;2024-12-26 17:35:00;Hypertension modérée;MODÉRÉE;159;Ignorée;Famille
ALT02162;M003375;PAT0137;2024-05-01 00:16:00;Fièvre élevée;CRITIQUE;39.1;Ignorée;SAMU
ALT02163;M003376;PAT0002;2024-10-30 15:07:00;Fièvre élevée;MODÉRÉE;38.8;Traitée;Médecin
ALT02164;M003377;PAT0034;2024-04-22 11:44:00;Douleur intense;MODÉRÉE;36.8;Traitée;Famille
ALT02165;M003380;PAT0037;2024-05-08 10:49:00;Fièvre élevée;CRITIQUE;39;Traitée;Infirmier
ALT02166;M003381;PAT0092;2024-10-19 14:58:00;Fièvre élevée;CRITIQUE;39.3;Traitée;Infirmier
ALT02167;M003382;PAT0047;2024-04-15 06:24:00;Hypertension critique;CRITIQUE;169;Traitée;Médecin
ALT02168;M003385;PAT0188;2024-11-05 20:30:00;Hypoxémie;CRITIQUE;37.8;En cours;Médecin
ALT02169;M003386;PAT0085;2024-01-25 07:13:00;Douleur intense;MODÉRÉE;37.6;Ignorée;Médecin
ALT02170;M003389;PAT0002;2024-09-11 18:18:00;Douleur intense;MODÉRÉE;38;Ignorée;Infirmier
ALT02171;M003390;PAT0077;2024-06-09 14:43:00;Fièvre élevée;CRITIQUE;39.1;En cours;Médecin
ALT02172;M003391;PAT0012;2024-10-24 05:47:00;Douleur intense;MODÉRÉE;37.2;En cours;Famille
ALT02173;M003393;PAT0088;2024-09-20 06:58:00;Hypertension modérée;MODÉRÉE;159;Traitée;Médecin
ALT02174;M003395;PAT0194;2024-12-10 15:21:00;Hypertension modérée;MODÉRÉE;140;Traitée;Médecin
ALT02175;M003396;PAT0080;2024-04-21 09:43:00;Hypoxémie;CRITIQUE;35.7;Traitée;Infirmier
ALT02176;M003397;PAT0167;2024-12-17 14:29:00;Fièvre élevée;CRITIQUE;39.3;Traitée;Infirmier
ALT02177;M003398;PAT0081;2024-11-24 20:00:00;Hyperglycémie;CRITIQUE;37.5;En cours;Infirmier
ALT02178;M003399;PAT0051;2024-09-13 10:18:00;Douleur intense;MODÉRÉE;35.6;Traitée;Infirmier
ALT02179;M003401;PAT0175;2024-06-10 06:10:00;Hypertension critique;CRITIQUE;177;Traitée;Médecin
ALT02180;M003403;PAT0125;2024-08-05 19:21:00;Fièvre élevée;CRITIQUE;39;Traitée;SAMU
ALT02181;M003405;PAT0068;2024-07-03 18:17:00;Fièvre élevée;MODÉRÉE;38.7;En cours;Médecin
ALT02182;M003406;PAT0145;2024-12-05 19:05:00;Fièvre élevée;CRITIQUE;39.3;Traitée;Médecin
ALT02183;M003408;PAT0167;2024-12-29 20:01:00;Hypertension modérée;MODÉRÉE;140;Ignorée;SAMU
ALT02184;M003409;PAT0172;2024-05-11 11:23:00;Douleur intense;MODÉRÉE;36.8;Traitée;Médecin
ALT02185;M003411;PAT0060;2024-09-06 13:54:00;Fièvre élevée;CRITIQUE;39.4;Traitée;Infirmier
ALT02186;M003412;PAT0010;2024-04-01 22:47:00;Fièvre élevée;MODÉRÉE;38.8;Traitée;Infirmier
ALT02187;M003413;PAT0109;2024-10-15 00:11:00;Fièvre élevée;CRITIQUE;39.3;Traitée;Infirmier
ALT02188;M003418;PAT0097;2024-11-08 04:07:00;Hypertension modérée;MODÉRÉE;154;Traitée;Famille
ALT02189;M003419;PAT0107;2024-01-29 17:08:00;Fièvre élevée;CRITIQUE;39;En cours;Infirmier
ALT02190;M003420;PAT0047;2024-01-28 10:18:00;Hypertension modérée;MODÉRÉE;151;En cours;Infirmier
ALT02191;M003421;PAT0043;2024-03-15 01:25:00;Hyperglycémie;CRITIQUE;36.3;Traitée;Médecin
ALT02192;M003422;PAT0191;2024-02-10 05:26:00;Fièvre élevée;CRITIQUE;39.4;Traitée;Médecin
ALT02193;M003423;PAT0108;2024-10-23 10:08:00;Fièvre élevée;MODÉRÉE;38.5;En cours;Médecin
ALT02194;M003424;PAT0178;2024-11-27 13:56:00;Fièvre élevée;MODÉRÉE;38.8;Traitée;Famille
ALT02195;M003425;PAT0046;2024-04-21 14:35:00;Douleur intense;MODÉRÉE;37.4;En cours;Infirmier
ALT02196;M003426;PAT0004;2024-12-22 22:38:00;Douleur intense;MODÉRÉE;36.6;Traitée;Médecin
ALT02197;M003428;PAT0134;2024-11-02 04:32:00;Fièvre élevée;MODÉRÉE;38.7;Traitée;Famille
ALT02198;M003431;PAT0103;2024-08-29 18:53:00;Hypertension modérée;MODÉRÉE;140;Traitée;Infirmier
ALT02199;M003433;PAT0103;2024-02-13 18:38:00;Tachycardie;MODÉRÉE;35.8;Ignorée;Infirmier
ALT02200;M003440;PAT0009;2024-12-11 05:39:00;Fièvre élevée;CRITIQUE;39.1;Traitée;Famille
ALT02201;M003443;PAT0175;2024-05-12 21:41:00;Hypertension modérée;MODÉRÉE;144;En cours;Infirmier
ALT02202;M003444;PAT0185;2024-05-29 01:50:00;Fièvre élevée;MODÉRÉE;38.6;En cours;Infirmier
ALT02203;M003445;PAT0062;2024-11-09 07:55:00;Hypertension modérée;MODÉRÉE;140;En cours;SAMU
ALT02204;M003446;PAT0176;2024-07-13 17:07:00;Fièvre élevée;MODÉRÉE;38.5;Traitée;Infirmier
ALT02205;M003447;PAT0082;2024-02-15 14:19:00;Hypertension modérée;MODÉRÉE;148;En cours;Famille
ALT02206;M003449;PAT0129;2024-05-25 23:02:00;Hypertension modérée;MODÉRÉE;141;En cours;Médecin
ALT02207;M003450;PAT0148;2024-04-17 05:16:00;Hypertension modérée;MODÉRÉE;156;En cours;Famille
ALT02208;M003451;PAT0028;2024-02-29 02:44:00;Fièvre élevée;CRITIQUE;39.4;En cours;Famille
ALT02209;M003454;PAT0178;2024-05-20 22:59:00;Fièvre élevée;MODÉRÉE;38.9;Traitée;Infirmier
ALT02210;M003456;PAT0085;2024-03-24 18:33:00;Fièvre élevée;CRITIQUE;39;En cours;SAMU
ALT02211;M003457;PAT0184;2024-02-02 09:30:00;Fièvre élevée;CRITIQUE;39.4;Traitée;Infirmier
ALT02212;M003458;PAT0099;2024-03-30 18:15:00;Fièvre élevée;CRITIQUE;39.2;En cours;Famille
ALT02213;M003459;PAT0175;2024-04-02 02:16:00;Hypertension critique;CRITIQUE;165;En cours;Médecin
ALT02214;M003461;PAT0167;2024-10-28 17:33:00;Hypertension critique;CRITIQUE;162;En cours;Famille
ALT02215;M003462;PAT0116;2024-02-05 07:17:00;Hypoxémie;CRITIQUE;35.5;En cours;Famille
ALT02216;M003465;PAT0136;2024-05-30 15:38:00;Tachycardie;MODÉRÉE;36.5;Traitée;SAMU
ALT02217;M003467;PAT0008;2024-06-20 19:16:00;Hypoxémie;CRITIQUE;37.6;En cours;Infirmier
ALT02218;M003468;PAT0034;2024-08-18 20:59:00;Hypertension modérée;MODÉRÉE;142;Ignorée;SAMU
ALT02219;M003469;PAT0046;2024-11-29 22:48:00;Fièvre élevée;CRITIQUE;39.1;En cours;Infirmier
ALT02220;M003470;PAT0077;2024-06-29 13:12:00;Fièvre élevée;MODÉRÉE;38.9;Traitée;Médecin
ALT02221;M003473;PAT0111;2024-05-31 02:33:00;Fièvre élevée;CRITIQUE;39.2;Traitée;Infirmier
ALT02222;M003474;PAT0087;2024-03-28 21:33:00;Hypertension modérée;MODÉRÉE;144;Traitée;Médecin
ALT02223;M003475;PAT0158;2024-10-28 22:38:00;Hypertension critique;CRITIQUE;174;Ignorée;Infirmier
ALT02224;M003476;PAT0137;2024-08-17 01:21:00;Douleur intense;MODÉRÉE;36.1;Traitée;Infirmier
ALT02225;M003477;PAT0158;2024-08-23 02:50:00;Hypertension modérée;MODÉRÉE;143;Traitée;Famille
ALT02226;M003478;PAT0054;2024-07-14 16:27:00;Fièvre élevée;CRITIQUE;39.4;Traitée;Infirmier
ALT02227;M003480;PAT0097;2024-05-04 04:00:00;Hypertension critique;CRITIQUE;162;En cours;Infirmier
ALT02228;M003484;PAT0092;2024-08-28 06:03:00;Fièvre élevée;CRITIQUE;39.3;Traitée;Médecin
ALT02229;M003485;PAT0044;2024-08-17 00:19:00;Hypoxémie;CRITIQUE;38.3;Traitée;Infirmier
ALT02230;M003487;PAT0118;2024-05-30 03:06:00;Hypoxémie;CRITIQUE;37.2;En cours;Infirmier
ALT02231;M003489;PAT0098;2024-06-01 08:32:00;Douleur intense;MODÉRÉE;38.2;Traitée;Médecin
ALT02232;M003490;PAT0059;2024-12-30 05:39:00;Fièvre élevée;MODÉRÉE;38.9;En cours;Infirmier
ALT02233;M003492;PAT0068;2024-10-25 18:43:00;Fièvre élevée;MODÉRÉE;38.9;Traitée;Infirmier
ALT02234;M003494;PAT0148;2024-12-21 03:15:00;Hypertension modérée;MODÉRÉE;152;Traitée;Infirmier
ALT02235;M003495;PAT0140;2024-07-01 13:35:00;Douleur intense;MODÉRÉE;38;Traitée;SAMU
ALT02236;M003496;PAT0010;2024-01-09 03:23:00;Fièvre élevée;MODÉRÉE;38.8;Traitée;Infirmier
ALT02237;M003498;PAT0098;2024-08-08 21:39:00;Douleur intense;MODÉRÉE;37;Ignorée;Médecin
ALT02238;M003502;PAT0016;2024-12-08 16:41:00;Fièvre élevée;CRITIQUE;39.4;En cours;Médecin
ALT02239;M003503;PAT0025;2024-11-08 20:45:00;Hypertension modérée;MODÉRÉE;141;Traitée;Infirmier
ALT02240;M003504;PAT0076;2024-01-31 06:02:00;Fièvre élevée;MODÉRÉE;38.7;Ignorée;Infirmier
ALT02241;M003505;PAT0068;2024-01-14 16:46:00;Fièvre élevée;MODÉRÉE;38.6;En cours;Infirmier
ALT02242;M003506;PAT0093;2024-05-03 05:46:00;Fièvre élevée;CRITIQUE;39.2;Traitée;Infirmier
ALT02243;M003507;PAT0003;2024-03-29 18:12:00;Fièvre élevée;CRITIQUE;39.5;Traitée;Médecin
ALT02244;M003508;PAT0148;2024-03-31 22:05:00;Fièvre élevée;MODÉRÉE;38.8;Traitée;Famille
ALT02245;M003509;PAT0091;2024-06-11 18:36:00;Douleur intense;MODÉRÉE;35.7;Traitée;Infirmier
ALT02246;M003510;PAT0023;2024-12-01 07:57:00;Douleur intense;MODÉRÉE;36.1;Traitée;Médecin
ALT02247;M003511;PAT0023;2024-02-28 06:51:00;Hyperglycémie;CRITIQUE;36.7;En cours;Famille
ALT02248;M003512;PAT0182;2024-02-05 06:13:00;Hypertension modérée;MODÉRÉE;143;Traitée;Médecin
ALT02249;M003514;PAT0198;2024-02-14 22:45:00;Hypertension modérée;MODÉRÉE;141;Ignorée;Médecin
ALT02250;M003515;PAT0079;2024-03-24 19:33:00;Fièvre élevée;CRITIQUE;39.3;En cours;Infirmier
ALT02251;M003516;PAT0149;2024-07-30 09:51:00;Tachycardie;MODÉRÉE;36.9;En cours;SAMU
ALT02252;M003517;PAT0152;2024-03-19 02:42:00;Hypertension modérée;MODÉRÉE;148;En cours;Médecin
ALT02253;M003518;PAT0053;2024-03-18 07:48:00;Hypertension modérée;MODÉRÉE;158;Traitée;Médecin
ALT02254;M003521;PAT0041;2024-05-07 08:51:00;Hypoxémie;CRITIQUE;36.6;Traitée;SAMU
ALT02255;M003522;PAT0133;2024-07-19 11:03:00;Fièvre élevée;MODÉRÉE;38.8;Traitée;Infirmier
ALT02256;M003523;PAT0182;2024-08-23 04:14:00;Hypertension critique;CRITIQUE;172;En cours;Famille
ALT02257;M003525;PAT0015;2024-12-19 14:54:00;Fièvre élevée;CRITIQUE;39.4;Traitée;Famille
ALT02258;M003528;PAT0008;2024-12-14 10:33:00;Fièvre élevée;MODÉRÉE;38.8;Traitée;Famille
ALT02259;M003529;PAT0071;2024-10-13 13:12:00;Hypertension modérée;MODÉRÉE;144;Traitée;SAMU
ALT02260;M003530;PAT0104;2024-09-30 15:18:00;Hypertension critique;CRITIQUE;177;Traitée;Médecin
ALT02261;M003531;PAT0167;2024-08-27 10:38:00;Hypertension modérée;MODÉRÉE;140;Traitée;Famille
ALT02262;M003532;PAT0139;2024-03-13 21:23:00;Hypertension critique;CRITIQUE;166;En cours;Médecin
ALT02263;M003533;PAT0055;2024-02-28 18:26:00;Fièvre élevée;MODÉRÉE;38.6;Traitée;Médecin
ALT02264;M003536;PAT0080;2024-05-20 16:27:00;Fièvre élevée;MODÉRÉE;38.5;Traitée;Infirmier
ALT02265;M003537;PAT0197;2024-01-20 12:14:00;Douleur intense;MODÉRÉE;35.9;Traitée;Infirmier
ALT02266;M003538;PAT0103;2024-05-13 11:32:00;Tachycardie;MODÉRÉE;36.7;Traitée;SAMU
ALT02267;M003540;PAT0107;2024-03-01 03:19:00;Douleur intense;MODÉRÉE;37;Traitée;Infirmier
ALT02268;M003542;PAT0090;2024-03-30 23:25:00;Tachycardie;MODÉRÉE;37.5;En cours;Médecin
ALT02269;M003544;PAT0081;2024-06-22 18:22:00;Hypertension modérée;MODÉRÉE;144;Traitée;Médecin
ALT02270;M003546;PAT0151;2024-05-16 21:08:00;Douleur intense;MODÉRÉE;38.3;Traitée;Infirmier
ALT02271;M003549;PAT0009;2024-02-05 06:26:00;Fièvre élevée;MODÉRÉE;38.7;Traitée;Médecin
ALT02272;M003553;PAT0036;2024-12-22 15:53:00;Hypertension modérée;MODÉRÉE;143;Traitée;Infirmier
ALT02273;M003554;PAT0044;2024-01-07 03:26:00;Fièvre élevée;CRITIQUE;39.4;Traitée;Médecin
ALT02274;M003555;PAT0166;2024-04-14 08:19:00;Hypertension modérée;MODÉRÉE;146;En cours;Famille
ALT02275;M003556;PAT0048;2024-12-11 03:52:00;Douleur intense;MODÉRÉE;37.1;Ignorée;Médecin
ALT02276;M003557;PAT0188;2024-09-06 22:05:00;Hypoxémie;CRITIQUE;38.2;Traitée;Médecin
ALT02277;M003558;PAT0120;2024-02-22 04:43:00;Hypertension modérée;MODÉRÉE;149;Traitée;Infirmier
ALT02278;M003559;PAT0189;2024-01-21 08:55:00;Fièvre élevée;CRITIQUE;39.5;Traitée;Famille
ALT02279;M003560;PAT0179;2024-05-27 05:40:00;Hypertension modérée;MODÉRÉE;158;En cours;SAMU
ALT02280;M003561;PAT0090;2024-10-04 06:40:00;Hypoxémie;CRITIQUE;36.4;Traitée;Médecin
ALT02281;M003562;PAT0104;2024-10-20 17:07:00;Hypertension modérée;MODÉRÉE;149;Traitée;Médecin
ALT02282;M003563;PAT0071;2024-12-30 15:06:00;Fièvre élevée;MODÉRÉE;38.8;Ignorée;Médecin
ALT02283;M003564;PAT0017;2024-08-27 01:43:00;Fièvre élevée;CRITIQUE;39.1;Traitée;Médecin
ALT02284;M003565;PAT0125;2024-03-02 03:26:00;Hyperglycémie;CRITIQUE;36;Traitée;Médecin
ALT02285;M003566;PAT0167;2024-02-22 18:54:00;Hypertension critique;CRITIQUE;166;Traitée;Infirmier
ALT02286;M003567;PAT0045;2024-06-03 15:13:00;Fièvre élevée;CRITIQUE;39.3;Ignorée;Infirmier
ALT02287;M003568;PAT0196;2024-12-29 05:15:00;Hypertension modérée;MODÉRÉE;144;Traitée;Médecin
ALT02288;M003570;PAT0086;2024-03-21 02:48:00;Douleur intense;MODÉRÉE;38.1;En cours;Médecin
ALT02289;M003572;PAT0139;2024-04-14 17:13:00;Fièvre élevée;MODÉRÉE;38.8;Ignorée;Infirmier
ALT02290;M003573;PAT0104;2024-12-08 16:08:00;Fièvre élevée;CRITIQUE;39.4;Traitée;Infirmier
ALT02291;M003574;PAT0191;2024-10-30 00:28:00;Douleur intense;MODÉRÉE;35.7;Ignorée;Médecin
ALT02292;M003575;PAT0132;2024-08-01 22:45:00;Fièvre élevée;MODÉRÉE;38.6;Traitée;Médecin
ALT02293;M003576;PAT0128;2024-12-27 01:36:00;Fièvre élevée;CRITIQUE;39.4;Traitée;Médecin
ALT02294;M003578;PAT0158;2024-01-31 15:51:00;Hypertension modérée;MODÉRÉE;143;En cours;SAMU
ALT02295;M003580;PAT0151;2024-09-01 18:22:00;Hypertension modérée;MODÉRÉE;141;Ignorée;Médecin
ALT02296;M003581;PAT0034;2024-02-01 05:27:00;Fièvre élevée;CRITIQUE;39.4;Traitée;Médecin
ALT02297;M003582;PAT0033;2024-07-18 21:57:00;Hypertension modérée;MODÉRÉE;143;Traitée;Famille
ALT02298;M003583;PAT0062;2024-01-17 14:48:00;Fièvre élevée;MODÉRÉE;38.6;Traitée;Famille
ALT02299;M003585;PAT0033;2024-10-12 06:30:00;Fièvre élevée;MODÉRÉE;38.5;En cours;Médecin
ALT02300;M003588;PAT0128;2024-04-05 10:48:00;Hypoxémie;CRITIQUE;37.8;En cours;Médecin
ALT02301;M003589;PAT0197;2024-01-28 00:34:00;Hypoxémie;CRITIQUE;38.3;Traitée;Médecin
ALT02302;M003592;PAT0166;2024-10-07 20:59:00;Hypertension critique;CRITIQUE;163;Ignorée;Infirmier
ALT02303;M003593;PAT0165;2024-12-17 21:07:00;Hypertension modérée;MODÉRÉE;141;En cours;Famille
ALT02304;M003594;PAT0161;2024-07-08 22:22:00;Douleur intense;MODÉRÉE;36.7;En cours;Famille
ALT02305;M003596;PAT0162;2024-04-11 20:38:00;Hypertension modérée;MODÉRÉE;154;Traitée;Infirmier
ALT02306;M003598;PAT0174;2024-04-21 21:13:00;Hypertension modérée;MODÉRÉE;140;Traitée;Infirmier
ALT02307;M003599;PAT0096;2024-12-11 13:22:00;Fièvre élevée;MODÉRÉE;38.7;Traitée;Médecin
ALT02308;M003600;PAT0085;2024-08-11 13:56:00;Fièvre élevée;CRITIQUE;39.1;Ignorée;Médecin
ALT02309;M003601;PAT0104;2024-04-24 09:31:00;Hypertension critique;CRITIQUE;162;Traitée;Médecin
ALT02310;M003602;PAT0137;2024-03-13 17:37:00;Douleur intense;MODÉRÉE;36.9;Traitée;Médecin
ALT02311;M003604;PAT0174;2024-04-15 18:43:00;Fièvre élevée;CRITIQUE;39.4;Traitée;SAMU
ALT02312;M003605;PAT0074;2024-10-11 18:22:00;Hypertension modérée;MODÉRÉE;140;Traitée;Médecin
ALT02313;M003606;PAT0168;2024-02-08 15:03:00;Douleur intense;MODÉRÉE;37.6;Traitée;Médecin
ALT02314;M003607;PAT0005;2024-08-27 06:24:00;Tachycardie;MODÉRÉE;38.2;Ignorée;Médecin
ALT02315;M003608;PAT0100;2024-08-24 06:46:00;Hypoxémie;CRITIQUE;38.3;Traitée;Infirmier
ALT02316;M003611;PAT0040;2024-06-04 14:49:00;Fièvre élevée;MODÉRÉE;38.6;En cours;Infirmier
ALT02317;M003613;PAT0172;2024-04-11 15:06:00;Fièvre élevée;CRITIQUE;39.2;Traitée;Médecin
ALT02318;M003614;PAT0094;2024-10-13 03:00:00;Douleur intense;MODÉRÉE;36.6;Ignorée;Famille
ALT02319;M003616;PAT0197;2024-01-30 23:49:00;Fièvre élevée;MODÉRÉE;38.6;Traitée;Famille
ALT02320;M003617;PAT0008;2024-07-18 13:22:00;Fièvre élevée;CRITIQUE;39.2;Traitée;Infirmier
ALT02321;M003618;PAT0190;2024-02-16 18:33:00;Fièvre élevée;CRITIQUE;39.2;Traitée;Famille
ALT02322;M003621;PAT0164;2024-04-23 09:49:00;Fièvre élevée;CRITIQUE;39;Traitée;Famille
ALT02323;M003625;PAT0110;2024-03-31 03:51:00;Hypertension modérée;MODÉRÉE;143;Traitée;Famille
ALT02324;M003626;PAT0104;2024-06-28 17:50:00;Hypertension modérée;MODÉRÉE;159;Traitée;Médecin
ALT02325;M003627;PAT0164;2024-06-03 03:20:00;Douleur intense;MODÉRÉE;37.6;Traitée;Médecin
ALT02326;M003629;PAT0007;2024-06-22 15:12:00;Fièvre élevée;MODÉRÉE;38.7;Traitée;Médecin
ALT02327;M003630;PAT0048;2024-06-30 14:06:00;Fièvre élevée;CRITIQUE;39.4;Ignorée;Infirmier
ALT02328;M003633;PAT0106;2024-02-11 16:27:00;Fièvre élevée;MODÉRÉE;38.7;Traitée;Médecin
ALT02329;M003634;PAT0080;2024-03-16 19:54:00;Hypoxémie;CRITIQUE;36.3;Traitée;Médecin
ALT02330;M003635;PAT0184;2024-07-06 00:31:00;Fièvre élevée;CRITIQUE;39.2;En cours;Médecin
ALT02331;M003636;PAT0057;2024-03-12 02:48:00;Douleur intense;MODÉRÉE;36.3;En cours;Médecin
ALT02332;M003637;PAT0198;2024-01-22 21:03:00;Fièvre élevée;CRITIQUE;39.3;Ignorée;Médecin
ALT02333;M003639;PAT0018;2024-04-02 13:50:00;Fièvre élevée;CRITIQUE;39.4;Traitée;Infirmier
ALT02334;M003640;PAT0100;2024-07-08 02:27:00;Tachycardie;MODÉRÉE;36.8;Ignorée;Infirmier
ALT02335;M003641;PAT0013;2024-02-02 17:05:00;Fièvre élevée;CRITIQUE;39.1;Traitée;Infirmier
ALT02336;M003643;PAT0191;2024-09-10 18:46:00;Fièvre élevée;CRITIQUE;39.2;Ignorée;Médecin
ALT02337;M003644;PAT0170;2024-08-08 17:42:00;Hypertension modérée;MODÉRÉE;153;Traitée;Famille
ALT02338;M003645;PAT0150;2024-11-20 03:36:00;Fièvre élevée;MODÉRÉE;38.6;En cours;Famille
ALT02339;M003647;PAT0071;2024-12-18 17:49:00;Hyperglycémie;CRITIQUE;35.6;Ignorée;Médecin
ALT02340;M003648;PAT0139;2024-12-20 19:31:00;Fièvre élevée;CRITIQUE;39.1;Traitée;Infirmier
ALT02341;M003649;PAT0070;2024-06-15 08:17:00;Douleur intense;MODÉRÉE;37.8;En cours;Famille
ALT02342;M003650;PAT0190;2024-09-13 01:26:00;Fièvre élevée;MODÉRÉE;38.8;Ignorée;Médecin
ALT02343;M003653;PAT0167;2024-08-08 05:20:00;Fièvre élevée;MODÉRÉE;38.9;Traitée;Médecin
ALT02344;M003654;PAT0193;2024-02-13 19:51:00;Hypertension modérée;MODÉRÉE;144;En cours;Médecin
ALT02345;M003656;PAT0150;2024-03-09 21:24:00;Douleur intense;MODÉRÉE;36;En cours;Médecin
ALT02346;M003657;PAT0100;2024-10-03 12:27:00;Hypoxémie;CRITIQUE;35.5;Traitée;Infirmier
ALT02347;M003660;PAT0053;2024-03-16 10:09:00;Hypertension critique;CRITIQUE;171;En cours;Médecin
ALT02348;M003661;PAT0100;2024-01-01 16:20:00;Fièvre élevée;MODÉRÉE;38.5;En cours;Infirmier
ALT02349;M003662;PAT0116;2024-07-04 01:21:00;Fièvre élevée;MODÉRÉE;38.6;Traitée;Médecin
ALT02350;M003663;PAT0085;2024-02-14 06:46:00;Hypertension modérée;MODÉRÉE;140;En cours;Médecin
ALT02351;M003666;PAT0179;2024-02-08 08:55:00;Hypertension modérée;MODÉRÉE;153;Ignorée;Infirmier
ALT02352;M003667;PAT0068;2024-04-10 21:53:00;Hypertension modérée;MODÉRÉE;142;Traitée;Médecin
ALT02353;M003668;PAT0177;2024-01-24 04:06:00;Fièvre élevée;CRITIQUE;39.2;Traitée;Infirmier
ALT02354;M003669;PAT0126;2024-10-16 21:57:00;Fièvre élevée;MODÉRÉE;38.5;Traitée;Famille
ALT02355;M003670;PAT0175;2024-03-18 09:10:00;Fièvre élevée;CRITIQUE;39.4;Traitée;Médecin
ALT02356;M003672;PAT0033;2024-12-25 09:32:00;Hypertension modérée;MODÉRÉE;151;Traitée;Médecin
ALT02357;M003675;PAT0189;2024-09-18 15:10:00;Hypertension modérée;MODÉRÉE;143;Traitée;SAMU
ALT02358;M003676;PAT0182;2024-03-06 17:34:00;Fièvre élevée;CRITIQUE;39.4;En cours;Famille
ALT02359;M003678;PAT0100;2024-11-05 06:06:00;Hypoxémie;CRITIQUE;37;Traitée;Médecin
ALT02360;M003679;PAT0168;2024-05-31 22:57:00;Fièvre élevée;CRITIQUE;39.3;Traitée;Médecin
ALT02361;M003680;PAT0032;2024-07-17 02:17:00;Fièvre élevée;CRITIQUE;39.2;Traitée;Médecin
ALT02362;M003681;PAT0079;2024-08-24 09:17:00;Fièvre élevée;CRITIQUE;39.2;En cours;SAMU
ALT02363;M003682;PAT0025;2024-12-15 11:14:00;Hypertension critique;CRITIQUE;166;Traitée;Famille
ALT02364;M003683;PAT0043;2024-11-11 14:01:00;Hyperglycémie;CRITIQUE;35.9;En cours;Médecin
ALT02365;M003685;PAT0106;2024-09-28 16:32:00;Hypertension modérée;MODÉRÉE;140;Ignorée;Médecin
ALT02366;M003689;PAT0031;2024-09-25 06:51:00;Hypertension modérée;MODÉRÉE;144;En cours;Médecin
ALT02367;M003690;PAT0066;2024-01-10 07:25:00;Douleur intense;MODÉRÉE;37;Traitée;Infirmier
ALT02368;M003691;PAT0001;2024-08-18 12:45:00;Hyperglycémie;CRITIQUE;36.1;En cours;Médecin
ALT02369;M003692;PAT0176;2024-03-06 03:37:00;Fièvre élevée;MODÉRÉE;38.8;Traitée;Infirmier
ALT02370;M003694;PAT0077;2024-07-03 20:37:00;Fièvre élevée;CRITIQUE;39.5;Traitée;Infirmier
ALT02371;M003695;PAT0103;2024-07-22 01:56:00;Tachycardie;MODÉRÉE;36.6;En cours;Famille
ALT02372;M003696;PAT0168;2024-04-15 10:33:00;Fièvre élevée;MODÉRÉE;38.7;En cours;SAMU
ALT02373;M003697;PAT0134;2024-08-09 11:06:00;Hyperglycémie;CRITIQUE;36.1;En cours;SAMU
ALT02374;M003698;PAT0061;2024-12-15 02:30:00;Fièvre élevée;MODÉRÉE;38.5;Traitée;Infirmier
ALT02375;M003699;PAT0097;2024-09-27 03:05:00;Hypertension modérée;MODÉRÉE;157;Ignorée;Infirmier
ALT02376;M003700;PAT0142;2024-12-29 11:36:00;Fièvre élevée;CRITIQUE;39.2;En cours;Médecin
ALT02377;M003701;PAT0051;2024-04-16 13:12:00;Fièvre élevée;CRITIQUE;39.1;En cours;Infirmier
ALT02378;M003702;PAT0119;2024-09-09 15:31:00;Hypertension modérée;MODÉRÉE;141;Traitée;Médecin
ALT02379;M003704;PAT0141;2024-06-01 05:27:00;Fièvre élevée;MODÉRÉE;38.6;Traitée;SAMU
ALT02380;M003705;PAT0174;2024-07-26 03:23:00;Fièvre élevée;CRITIQUE;39;En cours;SAMU
ALT02381;M003706;PAT0086;2024-01-01 09:18:00;Hypertension modérée;MODÉRÉE;140;Traitée;SAMU
ALT02382;M003707;PAT0195;2024-10-26 19:00:00;Hypertension critique;CRITIQUE;167;Traitée;Médecin
ALT02383;M003710;PAT0098;2024-04-28 12:28:00;Douleur intense;MODÉRÉE;36.2;Traitée;SAMU
ALT02384;M003711;PAT0195;2024-04-02 13:19:00;Hypertension modérée;MODÉRÉE;152;Traitée;Médecin
ALT02385;M003712;PAT0145;2024-03-22 08:58:00;Hypertension modérée;MODÉRÉE;140;Traitée;Médecin
ALT02386;M003713;PAT0094;2024-12-15 14:39:00;Hypoxémie;CRITIQUE;36.3;En cours;Infirmier
ALT02387;M003714;PAT0175;2024-12-13 19:06:00;Fièvre élevée;MODÉRÉE;38.8;En cours;SAMU
ALT02388;M003715;PAT0187;2024-07-30 00:52:00;Fièvre élevée;CRITIQUE;39.4;Traitée;Famille
ALT02389;M003716;PAT0138;2024-12-17 17:26:00;Fièvre élevée;MODÉRÉE;38.5;Traitée;SAMU
ALT02390;M003717;PAT0122;2024-06-26 16:24:00;Fièvre élevée;CRITIQUE;39.4;Traitée;Famille
ALT02391;M003719;PAT0039;2024-09-09 21:27:00;Fièvre élevée;CRITIQUE;39;En cours;Médecin
ALT02392;M003720;PAT0189;2024-08-15 20:47:00;Douleur intense;MODÉRÉE;37;Traitée;Médecin
ALT02393;M003721;PAT0191;2024-06-30 20:51:00;Fièvre élevée;MODÉRÉE;38.5;Traitée;Infirmier
ALT02394;M003722;PAT0166;2024-11-22 04:16:00;Hypertension modérée;MODÉRÉE;140;Ignorée;Infirmier
ALT02395;M003723;PAT0002;2024-05-19 21:53:00;Fièvre élevée;MODÉRÉE;38.5;Traitée;Médecin
ALT02396;M003724;PAT0067;2024-01-14 07:28:00;Fièvre élevée;MODÉRÉE;38.7;Traitée;Infirmier
ALT02397;M003725;PAT0124;2024-07-10 07:34:00;Douleur intense;MODÉRÉE;36.4;Ignorée;Famille
ALT02398;M003728;PAT0099;2024-12-27 08:53:00;Hypoxémie;CRITIQUE;35.6;Traitée;Infirmier
ALT02399;M003729;PAT0093;2024-09-29 14:40:00;Douleur intense;MODÉRÉE;37.8;Traitée;Infirmier
ALT02400;M003730;PAT0072;2024-05-16 22:50:00;Fièvre élevée;CRITIQUE;39.3;En cours;Famille
ALT02401;M003732;PAT0195;2024-02-05 01:56:00;Hypertension critique;CRITIQUE;177;Traitée;SAMU
ALT02402;M003734;PAT0145;2024-04-13 16:12:00;Fièvre élevée;CRITIQUE;39.5;Traitée;Infirmier
ALT02403;M003736;PAT0006;2024-06-25 21:48:00;Fièvre élevée;MODÉRÉE;38.6;Ignorée;Infirmier
ALT02404;M003737;PAT0008;2024-09-27 15:21:00;Hypoxémie;CRITIQUE;37.2;Traitée;Médecin
ALT02405;M003738;PAT0139;2024-03-02 05:38:00;Hypertension modérée;MODÉRÉE;151;Traitée;Médecin
ALT02406;M003739;PAT0146;2024-04-06 15:29:00;Hypertension modérée;MODÉRÉE;140;Traitée;Médecin
ALT02407;M003740;PAT0027;2024-04-16 07:31:00;Hyperglycémie;CRITIQUE;37.1;En cours;Médecin
ALT02408;M003741;PAT0200;2024-09-07 18:04:00;Fièvre élevée;MODÉRÉE;38.5;En cours;Infirmier
ALT02409;M003743;PAT0166;2024-09-28 23:17:00;Hypertension critique;CRITIQUE;173;Traitée;Médecin
ALT02410;M003744;PAT0090;2024-08-09 10:42:00;Hypoxémie;CRITIQUE;36.6;En cours;Infirmier
ALT02411;M003745;PAT0034;2024-09-20 01:39:00;Douleur intense;MODÉRÉE;35.5;Traitée;Famille
ALT02412;M003746;PAT0063;2024-07-18 08:15:00;Fièvre élevée;MODÉRÉE;38.5;En cours;Médecin
ALT02413;M003747;PAT0160;2024-05-16 08:17:00;Fièvre élevée;CRITIQUE;39.1;En cours;Infirmier
ALT02414;M003749;PAT0088;2024-11-13 19:49:00;Hypertension critique;CRITIQUE;177;Traitée;Médecin
ALT02415;M003750;PAT0010;2024-11-06 19:42:00;Hyperglycémie;CRITIQUE;38;Ignorée;Infirmier
ALT02416;M003751;PAT0063;2024-07-23 11:16:00;Fièvre élevée;CRITIQUE;39.4;Ignorée;Infirmier
ALT02417;M003753;PAT0161;2024-04-20 02:35:00;Fièvre élevée;CRITIQUE;39.4;Traitée;Médecin
ALT02418;M003754;PAT0171;2024-03-12 22:02:00;Fièvre élevée;MODÉRÉE;38.5;En cours;Infirmier
ALT02419;M003755;PAT0078;2024-03-04 22:02:00;Douleur intense;MODÉRÉE;37.8;Traitée;Infirmier
ALT02420;M003756;PAT0136;2024-08-17 06:58:00;Tachycardie;MODÉRÉE;37.6;En cours;Famille
ALT02421;M003757;PAT0151;2024-03-17 08:53:00;Hyperglycémie;CRITIQUE;38.4;Traitée;Médecin
ALT02422;M003758;PAT0096;2024-10-01 05:31:00;Hypertension modérée;MODÉRÉE;153;Ignorée;Famille
ALT02423;M003759;PAT0071;2024-10-27 11:55:00;Fièvre élevée;CRITIQUE;39.3;Traitée;Famille
ALT02424;M003760;PAT0120;2024-09-27 16:42:00;Hypertension critique;CRITIQUE;172;Traitée;Médecin
ALT02425;M003761;PAT0132;2024-08-04 23:46:00;Fièvre élevée;MODÉRÉE;38.9;Traitée;Médecin
ALT02426;M003762;PAT0117;2024-12-11 10:00:00;Fièvre élevée;MODÉRÉE;38.8;En cours;Infirmier
ALT02427;M003763;PAT0030;2024-06-15 23:01:00;Hypertension critique;CRITIQUE;177;Traitée;Famille
ALT02428;M003764;PAT0011;2024-06-19 00:28:00;Fièvre élevée;CRITIQUE;39.2;En cours;Médecin
ALT02429;M003765;PAT0154;2024-04-17 11:55:00;Douleur intense;MODÉRÉE;36.8;En cours;Famille
ALT02430;M003766;PAT0035;2024-08-16 14:49:00;Douleur intense;MODÉRÉE;36.8;En cours;Famille
ALT02431;M003767;PAT0070;2024-04-02 11:18:00;Fièvre élevée;CRITIQUE;39;Traitée;Médecin
ALT02432;M003768;PAT0189;2024-05-07 15:38:00;Hyperglycémie;CRITIQUE;37.4;En cours;Famille
ALT02433;M003769;PAT0094;2024-05-25 17:53:00;Hypoxémie;CRITIQUE;36.7;Traitée;Médecin
ALT02434;M003770;PAT0028;2024-03-08 06:43:00;Hypertension modérée;MODÉRÉE;143;En cours;Médecin
ALT02435;M003772;PAT0188;2024-07-11 09:07:00;Fièvre élevée;MODÉRÉE;38.6;Traitée;Médecin
ALT02436;M003773;PAT0124;2024-04-11 02:18:00;Fièvre élevée;MODÉRÉE;38.8;Traitée;Médecin
ALT02437;M003774;PAT0128;2024-11-22 01:03:00;Hypoxémie;CRITIQUE;36.9;Traitée;Médecin
ALT02438;M003776;PAT0055;2024-12-02 15:44:00;Fièvre élevée;CRITIQUE;39.4;Ignorée;SAMU
ALT02439;M003777;PAT0092;2024-06-03 23:37:00;Douleur intense;MODÉRÉE;35.9;Ignorée;Famille
ALT02440;M003778;PAT0021;2024-07-08 10:43:00;Douleur intense;MODÉRÉE;37.4;En cours;Médecin
ALT02441;M003779;PAT0117;2024-04-24 12:35:00;Hyperglycémie;CRITIQUE;37;Traitée;Médecin
ALT02442;M003780;PAT0018;2024-08-03 01:33:00;Douleur intense;MODÉRÉE;37.8;Traitée;Infirmier
ALT02443;M003786;PAT0192;2024-03-10 23:00:00;Hypertension modérée;MODÉRÉE;141;Ignorée;Infirmier
ALT02444;M003790;PAT0070;2024-03-27 09:24:00;Hypertension modérée;MODÉRÉE;141;Traitée;Infirmier
ALT02445;M003793;PAT0003;2024-10-16 12:17:00;Fièvre élevée;MODÉRÉE;38.6;Traitée;SAMU
ALT02446;M003797;PAT0106;2024-06-03 22:56:00;Fièvre élevée;CRITIQUE;39.5;Traitée;Médecin
ALT02447;M003798;PAT0085;2024-07-16 21:51:00;Fièvre élevée;CRITIQUE;39.2;Ignorée;Infirmier
ALT02448;M003799;PAT0171;2024-07-09 14:32:00;Hypertension modérée;MODÉRÉE;143;Traitée;Infirmier
ALT02449;M003802;PAT0065;2024-03-31 01:03:00;Hypertension modérée;MODÉRÉE;149;En cours;Médecin
ALT02450;M003803;PAT0117;2024-07-07 04:03:00;Hyperglycémie;CRITIQUE;36.5;En cours;SAMU
ALT02451;M003805;PAT0082;2024-02-14 20:16:00;Fièvre élevée;CRITIQUE;39.5;Traitée;Infirmier
ALT02452;M003808;PAT0020;2024-09-08 01:02:00;Hypertension modérée;MODÉRÉE;144;En cours;Médecin
ALT02453;M003809;PAT0168;2024-05-31 18:53:00;Fièvre élevée;MODÉRÉE;38.6;Ignorée;Infirmier
ALT02454;M003811;PAT0129;2024-01-23 09:55:00;Hypertension modérée;MODÉRÉE;159;Traitée;Infirmier
ALT02455;M003813;PAT0141;2024-05-27 10:51:00;Fièvre élevée;CRITIQUE;39.2;Traitée;Médecin
ALT02456;M003816;PAT0006;2024-03-15 08:29:00;Hypertension critique;CRITIQUE;171;En cours;Infirmier
ALT02457;M003817;PAT0173;2024-11-18 15:47:00;Tachycardie;MODÉRÉE;35.7;En cours;Médecin
ALT02458;M003818;PAT0192;2024-12-16 13:35:00;Douleur intense;MODÉRÉE;37.4;Traitée;Famille
ALT02459;M003819;PAT0198;2024-04-01 02:44:00;Hypertension modérée;MODÉRÉE;141;Ignorée;Famille
ALT02460;M003820;PAT0047;2024-07-05 06:36:00;Fièvre élevée;MODÉRÉE;38.7;En cours;Médecin
ALT02461;M003821;PAT0070;2024-10-25 22:20:00;Fièvre élevée;CRITIQUE;39.4;En cours;Médecin
ALT02462;M003822;PAT0114;2024-04-06 04:55:00;Hypertension modérée;MODÉRÉE;141;Traitée;Médecin
ALT02463;M003823;PAT0175;2024-09-27 10:40:00;Fièvre élevée;CRITIQUE;39.2;En cours;Médecin
ALT02464;M003825;PAT0156;2024-05-25 12:49:00;Douleur intense;MODÉRÉE;37;Traitée;Médecin
ALT02465;M003826;PAT0002;2024-12-28 11:44:00;Douleur intense;MODÉRÉE;36.7;Traitée;Famille
ALT02466;M003827;PAT0073;2024-05-14 07:28:00;Fièvre élevée;CRITIQUE;39.2;Traitée;Infirmier
ALT02467;M003828;PAT0003;2024-05-18 14:03:00;Hyperglycémie;CRITIQUE;35.9;Traitée;Médecin
ALT02468;M003829;PAT0142;2024-04-24 06:58:00;Fièvre élevée;CRITIQUE;39.1;Traitée;Infirmier
ALT02469;M003830;PAT0139;2024-09-27 03:29:00;Hypertension critique;CRITIQUE;164;Traitée;Médecin
ALT02470;M003832;PAT0093;2024-10-28 02:49:00;Hypertension modérée;MODÉRÉE;143;En cours;SAMU
ALT02471;M003833;PAT0125;2024-07-11 09:41:00;Hyperglycémie;CRITIQUE;37.5;Traitée;Médecin
ALT02472;M003836;PAT0148;2024-04-02 00:30:00;Hypertension modérée;MODÉRÉE;157;En cours;Médecin
ALT02473;M003837;PAT0047;2024-10-24 21:52:00;Hypertension modérée;MODÉRÉE;145;Traitée;Médecin
ALT02474;M003838;PAT0169;2024-02-03 03:35:00;Douleur intense;MODÉRÉE;37.2;Ignorée;Infirmier
ALT02475;M003842;PAT0119;2024-07-16 16:08:00;Fièvre élevée;CRITIQUE;39;Traitée;Médecin
ALT02476;M003844;PAT0093;2024-10-15 21:07:00;Fièvre élevée;CRITIQUE;39.5;Traitée;Médecin
ALT02477;M003845;PAT0053;2024-05-02 23:53:00;Hypertension modérée;MODÉRÉE;140;Traitée;Famille
ALT02478;M003849;PAT0174;2024-12-01 17:19:00;Tachycardie;MODÉRÉE;36.4;Traitée;Médecin
ALT02479;M003851;PAT0110;2024-03-04 04:24:00;Fièvre élevée;MODÉRÉE;38.7;Traitée;Médecin
ALT02480;M003852;PAT0148;2024-07-08 07:43:00;Hypertension critique;CRITIQUE;176;Ignorée;Médecin
ALT02481;M003856;PAT0075;2024-03-03 14:14:00;Hyperglycémie;CRITIQUE;37.8;Traitée;Médecin
ALT02482;M003857;PAT0113;2024-09-18 13:21:00;Fièvre élevée;CRITIQUE;39.1;Traitée;SAMU
ALT02483;M003858;PAT0185;2024-08-12 11:53:00;Fièvre élevée;MODÉRÉE;38.5;Traitée;Infirmier
ALT02484;M003859;PAT0170;2024-09-04 18:05:00;Hypertension modérée;MODÉRÉE;150;Traitée;Famille
ALT02485;M003860;PAT0078;2024-04-15 11:15:00;Hyperglycémie;CRITIQUE;37.5;En cours;Infirmier
ALT02486;M003861;PAT0009;2024-03-13 14:10:00;Hypertension modérée;MODÉRÉE;144;Traitée;SAMU
ALT02487;M003862;PAT0152;2024-07-10 14:41:00;Hypertension modérée;MODÉRÉE;140;Traitée;Infirmier
ALT02488;M003863;PAT0148;2024-10-01 12:56:00;Fièvre élevée;MODÉRÉE;38.8;En cours;Infirmier
ALT02489;M003864;PAT0084;2024-10-20 08:14:00;Fièvre élevée;MODÉRÉE;38.6;Traitée;Médecin
ALT02490;M003866;PAT0050;2024-10-26 04:07:00;Fièvre élevée;CRITIQUE;39.2;Traitée;Infirmier
ALT02491;M003867;PAT0140;2024-11-10 13:39:00;Fièvre élevée;CRITIQUE;39.1;En cours;Médecin
ALT02492;M003868;PAT0161;2024-07-08 14:20:00;Hypertension modérée;MODÉRÉE;142;En cours;Famille
ALT02493;M003870;PAT0074;2024-12-17 05:24:00;Douleur intense;MODÉRÉE;36.2;Traitée;Médecin
ALT02494;M003872;PAT0044;2024-05-07 18:18:00;Hypoxémie;CRITIQUE;35.5;En cours;Infirmier
ALT02495;M003873;PAT0076;2024-07-16 12:58:00;Douleur intense;MODÉRÉE;35.7;Traitée;Infirmier
ALT02496;M003874;PAT0121;2024-12-04 01:26:00;Hyperglycémie;CRITIQUE;35.7;En cours;Infirmier
ALT02497;M003879;PAT0018;2024-08-08 22:48:00;Fièvre élevée;CRITIQUE;39;En cours;Infirmier
ALT02498;M003880;PAT0096;2024-10-07 05:36:00;Hypertension modérée;MODÉRÉE;154;En cours;Médecin
ALT02499;M003881;PAT0044;2024-10-26 03:41:00;Hypoxémie;CRITIQUE;38.2;En cours;SAMU
ALT02500;M003883;PAT0181;2024-10-22 18:12:00;Douleur intense;MODÉRÉE;37.8;Traitée;Famille
ALT02501;M003884;PAT0031;2024-12-29 00:06:00;Hypertension modérée;MODÉRÉE;143;Traitée;Médecin
ALT02502;M003885;PAT0166;2024-06-06 13:39:00;Fièvre élevée;CRITIQUE;39.4;Ignorée;Médecin
ALT02503;M003887;PAT0118;2024-06-16 19:06:00;Fièvre élevée;CRITIQUE;39.2;Traitée;Infirmier
ALT02504;M003889;PAT0081;2024-04-21 03:22:00;Hyperglycémie;CRITIQUE;37.1;Traitée;Infirmier
ALT02505;M003893;PAT0008;2024-03-09 19:58:00;Hypertension modérée;MODÉRÉE;141;Traitée;Médecin
ALT02506;M003894;PAT0193;2024-11-23 22:58:00;Fièvre élevée;CRITIQUE;39.1;Traitée;Infirmier
ALT02507;M003897;PAT0194;2024-09-09 04:18:00;Fièvre élevée;MODÉRÉE;38.7;Traitée;Infirmier
ALT02508;M003898;PAT0089;2024-02-03 13:47:00;Fièvre élevée;MODÉRÉE;38.7;Traitée;Médecin
ALT02509;M003899;PAT0125;2024-08-10 23:48:00;Hyperglycémie;CRITIQUE;38.3;En cours;Médecin
ALT02510;M003900;PAT0143;2024-10-09 05:50:00;Fièvre élevée;CRITIQUE;39.2;Traitée;Famille
ALT02511;M003901;PAT0161;2024-08-23 17:41:00;Douleur intense;MODÉRÉE;37.2;Traitée;Infirmier
ALT02512;M003902;PAT0071;2024-04-28 11:57:00;Fièvre élevée;CRITIQUE;39.2;Traitée;Infirmier
ALT02513;M003903;PAT0095;2024-02-06 02:46:00;Douleur intense;MODÉRÉE;37.2;Traitée;SAMU
ALT02514;M003904;PAT0082;2024-12-28 14:46:00;Hypertension critique;CRITIQUE;169;Traitée;Infirmier
ALT02515;M003906;PAT0148;2024-07-23 06:50:00;Hypertension modérée;MODÉRÉE;157;En cours;Infirmier
ALT02516;M003908;PAT0142;2024-07-02 08:47:00;Hypertension critique;CRITIQUE;172;Traitée;Infirmier
ALT02517;M003909;PAT0049;2024-06-16 19:04:00;Douleur intense;MODÉRÉE;36.9;Traitée;Famille
ALT02518;M003910;PAT0029;2024-12-26 03:01:00;Douleur intense;MODÉRÉE;37.9;Traitée;Famille
ALT02519;M003911;PAT0059;2024-07-01 23:38:00;Douleur intense;MODÉRÉE;35.5;Traitée;Famille
ALT02520;M003913;PAT0011;2024-04-11 21:11:00;Hypertension modérée;MODÉRÉE;143;Traitée;Famille
ALT02521;M003914;PAT0017;2024-09-26 19:41:00;Hypertension modérée;MODÉRÉE;143;Traitée;Famille
ALT02522;M003915;PAT0114;2024-06-12 04:52:00;Hyperglycémie;CRITIQUE;36;Traitée;Infirmier
ALT02523;M003917;PAT0005;2024-09-14 12:10:00;Fièvre élevée;CRITIQUE;39.4;En cours;Médecin
ALT02524;M003918;PAT0067;2024-01-14 00:15:00;Fièvre élevée;MODÉRÉE;38.8;Traitée;Médecin
ALT02525;M003919;PAT0107;2024-07-09 22:05:00;Douleur intense;MODÉRÉE;38.2;Traitée;Famille
ALT02526;M003921;PAT0163;2024-09-29 14:41:00;Fièvre élevée;MODÉRÉE;38.7;Traitée;Infirmier
ALT02527;M003922;PAT0147;2024-01-06 06:42:00;Hypertension modérée;MODÉRÉE;140;En cours;Médecin
ALT02528;M003923;PAT0066;2024-04-14 09:19:00;Douleur intense;MODÉRÉE;36;Ignorée;Infirmier
ALT02529;M003926;PAT0174;2024-07-01 13:48:00;Fièvre élevée;MODÉRÉE;38.9;Traitée;Médecin
ALT02530;M003927;PAT0200;2024-09-24 19:57:00;Fièvre élevée;MODÉRÉE;38.5;Traitée;Médecin
ALT02531;M003928;PAT0126;2024-08-12 11:55:00;Hypertension modérée;MODÉRÉE;142;Traitée;Médecin
ALT02532;M003933;PAT0082;2024-11-13 06:58:00;Hypertension modérée;MODÉRÉE;147;Traitée;Infirmier
ALT02533;M003936;PAT0003;2024-01-28 23:29:00;Fièvre élevée;CRITIQUE;39.4;Traitée;Infirmier
ALT02534;M003938;PAT0069;2024-01-19 14:48:00;Fièvre élevée;CRITIQUE;39.3;Ignorée;SAMU
ALT02535;M003941;PAT0197;2024-06-07 15:48:00;Fièvre élevée;CRITIQUE;39.4;En cours;Famille
ALT02536;M003944;PAT0033;2024-06-02 15:03:00;Hypertension critique;CRITIQUE;172;Traitée;Médecin
ALT02537;M003947;PAT0158;2024-12-02 08:38:00;Fièvre élevée;MODÉRÉE;38.7;Traitée;Infirmier
ALT02538;M003948;PAT0067;2024-04-26 16:06:00;Fièvre élevée;MODÉRÉE;38.7;En cours;Médecin
ALT02539;M003949;PAT0147;2024-07-25 18:10:00;Hypoxémie;CRITIQUE;36.6;Traitée;Infirmier
ALT02540;M003950;PAT0050;2024-09-18 13:49:00;Fièvre élevée;CRITIQUE;39.4;Traitée;Infirmier
ALT02541;M003951;PAT0177;2024-07-09 03:32:00;Fièvre élevée;MODÉRÉE;38.6;Traitée;SAMU
ALT02542;M003952;PAT0015;2024-05-18 07:57:00;Fièvre élevée;MODÉRÉE;38.5;Traitée;Infirmier
ALT02543;M003953;PAT0175;2024-01-15 22:21:00;Hypertension critique;CRITIQUE;162;Traitée;Infirmier
ALT02544;M003954;PAT0053;2024-06-21 08:06:00;Hypertension critique;CRITIQUE;178;Traitée;Médecin
ALT02545;M003955;PAT0036;2024-01-06 15:06:00;Hypertension modérée;MODÉRÉE;144;Traitée;Médecin
ALT02546;M003956;PAT0093;2024-03-31 02:43:00;Hyperglycémie;CRITIQUE;36.7;Traitée;Médecin
ALT02547;M003960;PAT0082;2024-03-19 12:33:00;Hypertension modérée;MODÉRÉE;154;En cours;Médecin
ALT02548;M003963;PAT0044;2024-01-16 10:01:00;Fièvre élevée;CRITIQUE;39.2;Traitée;Famille
ALT02549;M003967;PAT0146;2024-09-18 04:24:00;Hypertension critique;CRITIQUE;178;Traitée;Médecin
ALT02550;M003968;PAT0094;2024-09-11 14:37:00;Hypoxémie;CRITIQUE;36.4;Traitée;Famille
ALT02551;M003969;PAT0075;2024-07-13 00:37:00;Hyperglycémie;CRITIQUE;35.9;En cours;Médecin
ALT02552;M003970;PAT0041;2024-05-09 11:46:00;Hypertension modérée;MODÉRÉE;142;En cours;Infirmier
ALT02553;M003971;PAT0158;2024-04-23 04:53:00;Hypertension critique;CRITIQUE;163;Ignorée;Médecin
ALT02554;M003973;PAT0096;2024-04-28 23:43:00;Fièvre élevée;CRITIQUE;39.4;En cours;Médecin
ALT02555;M003974;PAT0131;2024-05-12 08:09:00;Hypertension modérée;MODÉRÉE;140;Traitée;Médecin
ALT02556;M003975;PAT0024;2024-09-12 18:58:00;Hyperglycémie;CRITIQUE;36.6;En cours;Infirmier
ALT02557;M003977;PAT0186;2024-02-25 15:45:00;Fièvre élevée;CRITIQUE;39;Traitée;Infirmier
ALT02558;M003980;PAT0197;2024-01-21 08:46:00;Fièvre élevée;CRITIQUE;39.2;En cours;Famille
ALT02559;M003981;PAT0097;2024-02-10 03:01:00;Hypertension modérée;MODÉRÉE;157;Traitée;Infirmier
ALT02560;M003983;PAT0184;2024-08-14 13:31:00;Hypertension modérée;MODÉRÉE;142;Traitée;Infirmier
ALT02561;M003985;PAT0156;2024-10-23 05:05:00;Fièvre élevée;MODÉRÉE;38.8;En cours;Infirmier
ALT02562;M003987;PAT0099;2024-10-18 21:50:00;Hypoxémie;CRITIQUE;37;En cours;Médecin
ALT02563;M003989;PAT0050;2024-08-20 07:01:00;Douleur intense;MODÉRÉE;38.2;En cours;Médecin
ALT02564;M003990;PAT0060;2024-04-26 03:08:00;Douleur intense;MODÉRÉE;37.9;Ignorée;Médecin
ALT02565;M003991;PAT0190;2024-06-23 01:57:00;Fièvre élevée;CRITIQUE;39.4;En cours;Famille
ALT02566;M003993;PAT0039;2024-10-14 20:40:00;Douleur intense;MODÉRÉE;37.4;Ignorée;Infirmier
ALT02567;M003994;PAT0193;2024-06-26 05:15:00;Hypertension modérée;MODÉRÉE;142;Traitée;Infirmier
ALT02568;M003996;PAT0030;2024-08-16 19:01:00;Hypertension critique;CRITIQUE;172;Traitée;Infirmier
ALT02569;M003997;PAT0015;2024-01-02 19:18:00;Fièvre élevée;CRITIQUE;39.3;Ignorée;Médecin
ALT02570;M004000;PAT0025;2024-01-23 09:39:00;Fièvre élevée;MODÉRÉE;38.8;Traitée;Famille
ALT02571;M004001;PAT0075;2024-03-06 14:11:00;Hyperglycémie;CRITIQUE;37.5;Traitée;Infirmier
ALT02572;M004002;PAT0197;2024-01-21 09:50:00;Fièvre élevée;CRITIQUE;39.4;En cours;SAMU
ALT02573;M004003;PAT0012;2024-12-18 08:58:00;Hyperglycémie;CRITIQUE;37.1;Traitée;Médecin
ALT02574;M004005;PAT0097;2024-01-18 14:35:00;Fièvre élevée;CRITIQUE;39.1;Traitée;Infirmier
ALT02575;M004006;PAT0189;2024-12-22 11:34:00;Hyperglycémie;CRITIQUE;36.8;Traitée;Médecin
ALT02576;M004007;PAT0102;2024-08-11 14:41:00;Hypertension modérée;MODÉRÉE;142;En cours;Famille
ALT02577;M004008;PAT0061;2024-08-18 17:39:00;Fièvre élevée;CRITIQUE;39.1;En cours;Médecin
ALT02578;M004011;PAT0100;2024-09-17 14:23:00;Hypertension modérée;MODÉRÉE;140;Traitée;Famille
ALT02579;M004012;PAT0036;2024-04-22 21:46:00;Douleur intense;MODÉRÉE;36.1;En cours;Famille
ALT02580;M004018;PAT0069;2024-12-13 19:54:00;Hypertension modérée;MODÉRÉE;140;Ignorée;Famille
ALT02581;M004019;PAT0128;2024-08-06 01:01:00;Hypoxémie;CRITIQUE;37.5;Traitée;Médecin
ALT02582;M004022;PAT0180;2024-04-05 02:58:00;Hypertension modérée;MODÉRÉE;140;Traitée;Infirmier
ALT02583;M004023;PAT0190;2024-07-10 16:27:00;Hypertension modérée;MODÉRÉE;143;Traitée;Famille
ALT02584;M004028;PAT0002;2024-05-19 16:16:00;Fièvre élevée;CRITIQUE;39.2;Traitée;Famille
ALT02585;M004029;PAT0094;2024-12-07 08:07:00;Hypoxémie;CRITIQUE;38.4;Traitée;Infirmier
ALT02586;M004030;PAT0081;2024-10-28 07:36:00;Hypertension modérée;MODÉRÉE;143;En cours;Médecin
ALT02587;M004031;PAT0113;2024-09-08 21:28:00;Fièvre élevée;MODÉRÉE;38.5;Traitée;Médecin
ALT02588;M004033;PAT0165;2024-08-11 09:21:00;Fièvre élevée;CRITIQUE;39;En cours;Famille
ALT02589;M004034;PAT0147;2024-09-22 15:33:00;Hypoxémie;CRITIQUE;36;Ignorée;Famille
ALT02590;M004037;PAT0016;2024-09-02 04:19:00;Douleur intense;MODÉRÉE;37.2;En cours;Médecin
ALT02591;M004039;PAT0006;2024-02-25 03:51:00;Fièvre élevée;CRITIQUE;39;Traitée;Infirmier
ALT02592;M004041;PAT0088;2024-04-08 13:38:00;Hypertension modérée;MODÉRÉE;154;Traitée;Famille
ALT02593;M004042;PAT0082;2024-08-19 18:56:00;Hypertension critique;CRITIQUE;160;Traitée;Médecin
ALT02594;M004044;PAT0183;2024-06-30 22:56:00;Fièvre élevée;MODÉRÉE;38.5;Traitée;Médecin
ALT02595;M004046;PAT0199;2024-08-09 04:16:00;Fièvre élevée;MODÉRÉE;38.9;En cours;Infirmier
ALT02596;M004047;PAT0044;2024-07-20 21:59:00;Hypoxémie;CRITIQUE;37.6;En cours;Médecin
ALT02597;M004048;PAT0125;2024-08-22 06:27:00;Hyperglycémie;CRITIQUE;37.4;Ignorée;Médecin
ALT02598;M004049;PAT0002;2024-09-10 02:38:00;Fièvre élevée;MODÉRÉE;38.5;Traitée;Infirmier
ALT02599;M004053;PAT0162;2024-11-04 06:43:00;Hypertension critique;CRITIQUE;175;Traitée;Médecin
ALT02600;M004054;PAT0033;2024-12-10 17:05:00;Fièvre élevée;CRITIQUE;39.3;Traitée;Infirmier
ALT02601;M004055;PAT0153;2024-05-25 02:43:00;Hypertension modérée;MODÉRÉE;142;En cours;Infirmier
ALT02602;M004056;PAT0049;2024-06-26 01:31:00;Hypertension modérée;MODÉRÉE;143;En cours;Médecin
ALT02603;M004058;PAT0036;2024-01-03 09:59:00;Fièvre élevée;MODÉRÉE;38.7;Traitée;Médecin
ALT02604;M004059;PAT0025;2024-03-30 07:43:00;Hypertension critique;CRITIQUE;178;En cours;Médecin
ALT02605;M004060;PAT0122;2024-04-22 15:27:00;Hypertension modérée;MODÉRÉE;143;Ignorée;Médecin
ALT02606;M004062;PAT0100;2024-02-24 10:57:00;Hypoxémie;CRITIQUE;38.2;En cours;SAMU
ALT02607;M004063;PAT0156;2024-08-24 22:03:00;Fièvre élevée;MODÉRÉE;38.8;Traitée;Famille
ALT02608;M004065;PAT0157;2024-06-18 16:11:00;Fièvre élevée;CRITIQUE;39.1;Traitée;Médecin
ALT02609;M004066;PAT0018;2024-11-04 19:55:00;Hypertension modérée;MODÉRÉE;142;Traitée;Famille
ALT02610;M004067;PAT0114;2024-05-04 18:44:00;Fièvre élevée;MODÉRÉE;38.7;Traitée;Médecin
ALT02611;M004068;PAT0047;2024-02-15 13:43:00;Hypertension modérée;MODÉRÉE;140;Ignorée;Médecin
ALT02612;M004069;PAT0185;2024-11-02 02:02:00;Hypertension modérée;MODÉRÉE;140;Traitée;SAMU
ALT02613;M004071;PAT0065;2024-12-19 22:00:00;Hypertension modérée;MODÉRÉE;144;Traitée;Médecin
ALT02614;M004072;PAT0102;2024-05-02 10:10:00;Douleur intense;MODÉRÉE;37.3;En cours;Médecin
ALT02615;M004073;PAT0140;2024-09-03 03:03:00;Douleur intense;MODÉRÉE;37.9;Traitée;Infirmier
ALT02616;M004077;PAT0074;2024-06-30 20:50:00;Fièvre élevée;CRITIQUE;39.4;En cours;Médecin
ALT02617;M004079;PAT0018;2024-09-20 11:06:00;Fièvre élevée;MODÉRÉE;38.7;Traitée;Médecin
ALT02618;M004080;PAT0092;2024-10-16 11:58:00;Hypertension modérée;MODÉRÉE;144;Traitée;Infirmier
ALT02619;M004084;PAT0059;2024-07-30 01:17:00;Douleur intense;MODÉRÉE;35.8;Traitée;Infirmier
ALT02620;M004086;PAT0005;2024-04-12 11:40:00;Fièvre élevée;MODÉRÉE;38.5;Traitée;Médecin
ALT02621;M004087;PAT0043;2024-07-08 01:05:00;Hyperglycémie;CRITIQUE;38.4;Traitée;Médecin
ALT02622;M004089;PAT0014;2024-08-27 17:59:00;Hypertension modérée;MODÉRÉE;141;Traitée;Infirmier
ALT02623;M004095;PAT0106;2024-11-06 22:10:00;Hyperglycémie;CRITIQUE;37.4;En cours;Médecin
ALT02624;M004096;PAT0200;2024-05-03 08:40:00;Douleur intense;MODÉRÉE;36.5;En cours;SAMU
ALT02625;M004097;PAT0091;2024-06-01 19:46:00;Fièvre élevée;MODÉRÉE;38.5;Traitée;Infirmier
ALT02626;M004098;PAT0102;2024-10-08 12:48:00;Fièvre élevée;MODÉRÉE;38.5;En cours;Médecin
ALT02627;M004099;PAT0044;2024-05-08 19:57:00;Fièvre élevée;CRITIQUE;39.4;En cours;SAMU
ALT02628;M004100;PAT0167;2024-11-14 11:05:00;Hypertension modérée;MODÉRÉE;143;Traitée;Famille
ALT02629;M004102;PAT0140;2024-01-15 03:25:00;Douleur intense;MODÉRÉE;37.8;Traitée;Médecin
ALT02630;M004103;PAT0166;2024-04-14 15:31:00;Hypertension critique;CRITIQUE;167;Traitée;Médecin
ALT02631;M004104;PAT0024;2024-03-21 05:59:00;Fièvre élevée;MODÉRÉE;38.7;Traitée;Médecin
ALT02632;M004105;PAT0047;2024-11-17 04:15:00;Hypertension critique;CRITIQUE;171;En cours;Infirmier
ALT02633;M004109;PAT0179;2024-01-04 22:00:00;Hypertension critique;CRITIQUE;172;Traitée;Médecin
ALT02634;M004110;PAT0119;2024-06-24 06:52:00;Fièvre élevée;MODÉRÉE;38.5;Traitée;Médecin
ALT02635;M004112;PAT0159;2024-08-26 20:03:00;Fièvre élevée;CRITIQUE;39.1;En cours;Médecin
ALT02636;M004114;PAT0140;2024-04-13 09:40:00;Douleur intense;MODÉRÉE;38.4;En cours;Médecin
ALT02637;M004115;PAT0098;2024-01-07 00:23:00;Fièvre élevée;MODÉRÉE;38.9;En cours;Infirmier
ALT02638;M004117;PAT0011;2024-02-15 07:07:00;Douleur intense;MODÉRÉE;35.9;Traitée;Infirmier
ALT02639;M004121;PAT0158;2024-02-12 15:43:00;Fièvre élevée;MODÉRÉE;38.7;Traitée;Famille
ALT02640;M004122;PAT0173;2024-04-11 02:38:00;Hypoxémie;CRITIQUE;37.6;En cours;Infirmier
ALT02641;M004123;PAT0083;2024-01-02 16:16:00;Douleur intense;MODÉRÉE;37.5;En cours;Famille
ALT02642;M004126;PAT0060;2024-01-04 02:31:00;Fièvre élevée;CRITIQUE;39.1;Traitée;Médecin
ALT02643;M004128;PAT0003;2024-02-16 05:04:00;Fièvre élevée;MODÉRÉE;38.8;Traitée;Médecin
ALT02644;M004129;PAT0137;2024-11-12 19:02:00;Hypertension modérée;MODÉRÉE;141;Traitée;Infirmier
ALT02645;M004131;PAT0091;2024-08-13 18:27:00;Fièvre élevée;CRITIQUE;39.1;En cours;Infirmier
ALT02646;M004132;PAT0042;2024-05-10 01:28:00;Fièvre élevée;MODÉRÉE;38.5;En cours;Médecin
ALT02647;M004136;PAT0020;2024-09-04 14:48:00;Fièvre élevée;MODÉRÉE;38.7;Traitée;Infirmier
ALT02648;M004137;PAT0065;2024-06-28 07:19:00;Hypertension critique;CRITIQUE;169;Traitée;Famille
ALT02649;M004138;PAT0049;2024-01-31 19:58:00;Hypertension modérée;MODÉRÉE;141;Traitée;Médecin
ALT02650;M004140;PAT0049;2024-06-22 22:30:00;Fièvre élevée;CRITIQUE;39.1;Traitée;Infirmier
ALT02651;M004145;PAT0015;2024-07-29 13:12:00;Hypertension modérée;MODÉRÉE;144;Traitée;Infirmier
ALT02652;M004146;PAT0024;2024-12-19 06:16:00;Fièvre élevée;CRITIQUE;39;Traitée;Médecin
ALT02653;M004147;PAT0103;2024-09-27 17:26:00;Hypoxémie;CRITIQUE;36.2;Traitée;Infirmier
ALT02654;M004148;PAT0069;2024-03-01 23:58:00;Fièvre élevée;CRITIQUE;39;En cours;Médecin
ALT02655;M004149;PAT0022;2024-08-27 10:16:00;Fièvre élevée;CRITIQUE;39.1;Traitée;Famille
ALT02656;M004151;PAT0061;2024-07-06 02:10:00;Douleur intense;MODÉRÉE;38;En cours;Médecin
ALT02657;M004153;PAT0065;2024-04-14 10:13:00;Hypertension critique;CRITIQUE;169;Traitée;Médecin
ALT02658;M004154;PAT0166;2024-03-01 11:15:00;Fièvre élevée;MODÉRÉE;38.9;Traitée;Infirmier
ALT02659;M004155;PAT0167;2024-09-27 07:54:00;Hypertension critique;CRITIQUE;168;Ignorée;Infirmier
ALT02660;M004157;PAT0024;2024-07-26 09:57:00;Fièvre élevée;CRITIQUE;39.3;Ignorée;Infirmier
ALT02661;M004158;PAT0044;2024-01-25 20:04:00;Fièvre élevée;CRITIQUE;39.2;En cours;Médecin
ALT02662;M004159;PAT0152;2024-01-14 12:51:00;Fièvre élevée;CRITIQUE;39;Traitée;Famille
ALT02663;M004160;PAT0156;2024-03-16 02:33:00;Fièvre élevée;CRITIQUE;39.2;Traitée;Médecin
ALT02664;M004162;PAT0036;2024-04-07 02:26:00;Hypertension modérée;MODÉRÉE;143;En cours;Médecin
ALT02665;M004163;PAT0043;2024-11-13 17:26:00;Fièvre élevée;MODÉRÉE;38.7;Traitée;Médecin
ALT02666;M004164;PAT0029;2024-01-31 17:25:00;Fièvre élevée;CRITIQUE;39.1;En cours;Médecin
ALT02667;M004165;PAT0096;2024-08-24 19:25:00;Fièvre élevée;MODÉRÉE;38.6;Traitée;Médecin
ALT02668;M004166;PAT0130;2024-03-24 01:59:00;Hypertension modérée;MODÉRÉE;144;En cours;Infirmier
ALT02669;M004167;PAT0066;2024-11-24 15:14:00;Fièvre élevée;MODÉRÉE;38.9;Traitée;Médecin
ALT02670;M004172;PAT0151;2024-05-19 23:43:00;Hypertension modérée;MODÉRÉE;143;Traitée;Infirmier
ALT02671;M004174;PAT0162;2024-11-19 12:27:00;Hypertension critique;CRITIQUE;161;Traitée;Médecin
ALT02672;M004175;PAT0120;2024-07-20 00:58:00;Hypertension modérée;MODÉRÉE;155;En cours;Famille
ALT02673;M004176;PAT0129;2024-07-18 05:42:00;Hypertension critique;CRITIQUE;175;Traitée;Infirmier
ALT02674;M004177;PAT0006;2024-03-07 08:22:00;Hypertension critique;CRITIQUE;170;Traitée;Infirmier
ALT02675;M004180;PAT0199;2024-04-24 15:56:00;Fièvre élevée;MODÉRÉE;38.9;Traitée;Médecin
ALT02676;M004181;PAT0192;2024-02-08 05:10:00;Fièvre élevée;CRITIQUE;39.3;Traitée;Infirmier
ALT02677;M004182;PAT0118;2024-11-23 01:05:00;Hypoxémie;CRITIQUE;38.1;En cours;Médecin
ALT02678;M004183;PAT0151;2024-03-30 19:17:00;Hyperglycémie;CRITIQUE;37.8;Traitée;Médecin
ALT02679;M004186;PAT0088;2024-02-12 04:18:00;Hypertension modérée;MODÉRÉE;146;En cours;Médecin
ALT02680;M004193;PAT0136;2024-05-07 13:41:00;Fièvre élevée;MODÉRÉE;38.7;Traitée;Famille
ALT02681;M004194;PAT0155;2024-02-14 07:30:00;Fièvre élevée;CRITIQUE;39.1;En cours;Infirmier
ALT02682;M004195;PAT0009;2024-07-31 15:46:00;Fièvre élevée;CRITIQUE;39.4;Traitée;Famille
ALT02683;M004196;PAT0117;2024-08-01 10:48:00;Fièvre élevée;CRITIQUE;39.3;En cours;Famille
ALT02684;M004197;PAT0015;2024-09-15 03:39:00;Douleur intense;MODÉRÉE;36.8;Traitée;Médecin
ALT02685;M004198;PAT0185;2024-01-26 04:24:00;Douleur intense;MODÉRÉE;38;En cours;SAMU
ALT02686;M004201;PAT0065;2024-03-11 13:00:00;Hypertension modérée;MODÉRÉE;147;En cours;Famille
ALT02687;M004203;PAT0144;2024-05-10 21:08:00;Hyperglycémie;CRITIQUE;37.3;Traitée;Médecin
ALT02688;M004208;PAT0071;2024-07-20 21:18:00;Fièvre élevée;CRITIQUE;39.5;En cours;Famille
ALT02689;M004210;PAT0097;2024-07-06 10:16:00;Hypertension critique;CRITIQUE;163;En cours;SAMU
ALT02690;M004211;PAT0125;2024-06-26 01:07:00;Fièvre élevée;CRITIQUE;39.1;Traitée;Médecin
ALT02691;M004212;PAT0174;2024-08-04 15:09:00;Fièvre élevée;MODÉRÉE;38.5;Ignorée;Médecin
ALT02692;M004213;PAT0179;2024-12-19 09:42:00;Hypertension critique;CRITIQUE;161;En cours;Famille
ALT02693;M004215;PAT0125;2024-03-06 21:47:00;Hyperglycémie;CRITIQUE;35.9;Traitée;Famille
ALT02694;M004217;PAT0144;2024-09-07 21:57:00;Hyperglycémie;CRITIQUE;37.5;Traitée;Famille
ALT02695;M004219;PAT0174;2024-08-03 13:35:00;Fièvre élevée;CRITIQUE;39.4;Traitée;Infirmier
ALT02696;M004221;PAT0030;2024-02-06 07:13:00;Hypertension critique;CRITIQUE;165;En cours;Infirmier
ALT02697;M004223;PAT0110;2024-08-18 23:57:00;Douleur intense;MODÉRÉE;36.7;En cours;SAMU
ALT02698;M004224;PAT0142;2024-09-03 18:48:00;Fièvre élevée;MODÉRÉE;38.8;En cours;SAMU
ALT02699;M004225;PAT0147;2024-04-24 01:22:00;Tachycardie;MODÉRÉE;36.1;Traitée;Infirmier
ALT02700;M004226;PAT0047;2024-06-26 18:46:00;Hypertension modérée;MODÉRÉE;143;Traitée;SAMU
ALT02701;M004228;PAT0024;2024-09-14 13:15:00;Hyperglycémie;CRITIQUE;37.4;Traitée;Médecin
ALT02702;M004229;PAT0089;2024-07-17 00:26:00;Fièvre élevée;MODÉRÉE;38.7;Traitée;Médecin
ALT02703;M004230;PAT0121;2024-06-29 15:29:00;Hypertension modérée;MODÉRÉE;143;Ignorée;Médecin
ALT02704;M004231;PAT0080;2024-01-01 09:56:00;Douleur intense;MODÉRÉE;35.5;Ignorée;Infirmier
ALT02705;M004232;PAT0121;2024-04-21 04:19:00;Fièvre élevée;MODÉRÉE;38.6;En cours;Infirmier
ALT02706;M004234;PAT0132;2024-03-18 00:15:00;Fièvre élevée;MODÉRÉE;38.8;Traitée;Infirmier
ALT02707;M004235;PAT0181;2024-06-17 16:42:00;Fièvre élevée;CRITIQUE;39.4;Traitée;Médecin
ALT02708;M004236;PAT0167;2024-02-02 22:06:00;Hypertension modérée;MODÉRÉE;148;Traitée;Médecin
ALT02709;M004237;PAT0155;2024-04-17 20:25:00;Douleur intense;MODÉRÉE;37.2;Traitée;Infirmier
ALT02710;M004238;PAT0078;2024-09-16 02:41:00;Hypertension modérée;MODÉRÉE;144;Traitée;Famille
ALT02711;M004240;PAT0058;2024-04-21 11:40:00;Douleur intense;MODÉRÉE;38.3;Ignorée;Médecin
ALT02712;M004241;PAT0065;2024-03-05 22:28:00;Fièvre élevée;CRITIQUE;39.3;Traitée;Médecin
ALT02713;M004242;PAT0088;2024-05-07 01:23:00;Hypertension critique;CRITIQUE;170;Traitée;Famille
ALT02714;M004243;PAT0180;2024-07-22 10:09:00;Hypoxémie;CRITIQUE;36.6;Traitée;Médecin
ALT02715;M004246;PAT0105;2024-08-13 13:53:00;Hypertension modérée;MODÉRÉE;145;Traitée;Famille
ALT02716;M004249;PAT0118;2024-07-28 12:04:00;Tachycardie;MODÉRÉE;38.4;En cours;SAMU
ALT02717;M004252;PAT0152;2024-07-15 00:59:00;Hypertension modérée;MODÉRÉE;141;Ignorée;Médecin
ALT02718;M004253;PAT0107;2024-10-14 10:42:00;Douleur intense;MODÉRÉE;36.4;Traitée;Médecin
ALT02719;M004254;PAT0035;2024-03-12 00:57:00;Fièvre élevée;MODÉRÉE;38.9;Traitée;Infirmier
ALT02720;M004255;PAT0026;2024-03-21 00:48:00;Fièvre élevée;CRITIQUE;39.2;Traitée;Médecin
ALT02721;M004258;PAT0126;2024-04-09 18:26:00;Douleur intense;MODÉRÉE;37.5;Traitée;Famille
ALT02722;M004261;PAT0137;2024-03-23 10:13:00;Fièvre élevée;CRITIQUE;39.4;Ignorée;Médecin
ALT02723;M004262;PAT0033;2024-09-10 16:57:00;Hypertension critique;CRITIQUE;172;Traitée;Médecin
ALT02724;M004263;PAT0024;2024-07-16 03:53:00;Hyperglycémie;CRITIQUE;36.8;En cours;SAMU
ALT02725;M004264;PAT0019;2024-12-09 01:56:00;Fièvre élevée;CRITIQUE;39.2;Traitée;Médecin
ALT02726;M004266;PAT0060;2024-11-21 01:35:00;Hyperglycémie;CRITIQUE;37.9;Traitée;Infirmier
ALT02727;M004267;PAT0097;2024-09-25 07:09:00;Hypertension critique;CRITIQUE;174;En cours;Infirmier
ALT02728;M004268;PAT0139;2024-12-01 22:11:00;Hypertension modérée;MODÉRÉE;144;Ignorée;Médecin
ALT02729;M004269;PAT0011;2024-06-29 19:19:00;Fièvre élevée;MODÉRÉE;38.9;En cours;Médecin
ALT02730;M004271;PAT0195;2024-05-06 17:34:00;Hypertension critique;CRITIQUE;171;Traitée;Famille
ALT02731;M004272;PAT0010;2024-07-17 05:53:00;Hyperglycémie;CRITIQUE;38.4;Ignorée;Famille
ALT02732;M004276;PAT0193;2024-09-18 05:56:00;Hypoxémie;CRITIQUE;35.5;En cours;Famille
ALT02733;M004277;PAT0084;2024-04-24 03:04:00;Fièvre élevée;MODÉRÉE;38.8;Traitée;Famille
ALT02734;M004278;PAT0104;2024-09-09 02:37:00;Hypertension critique;CRITIQUE;167;En cours;Infirmier
ALT02735;M004279;PAT0156;2024-01-18 07:03:00;Fièvre élevée;CRITIQUE;39.2;Traitée;Famille
ALT02736;M004280;PAT0070;2024-09-14 19:48:00;Fièvre élevée;CRITIQUE;39.1;En cours;Médecin
ALT02737;M004281;PAT0097;2024-09-28 15:07:00;Hypertension modérée;MODÉRÉE;152;En cours;Famille
ALT02738;M004283;PAT0179;2024-12-21 23:19:00;Hypertension modérée;MODÉRÉE;140;Traitée;Famille
ALT02739;M004284;PAT0077;2024-06-01 21:51:00;Fièvre élevée;CRITIQUE;39.3;Traitée;Médecin
ALT02740;M004285;PAT0185;2024-11-05 18:03:00;Douleur intense;MODÉRÉE;38.3;Traitée;SAMU
ALT02741;M004287;PAT0110;2024-08-03 15:02:00;Douleur intense;MODÉRÉE;38.1;Traitée;Famille
ALT02742;M004288;PAT0003;2024-10-05 06:32:00;Hyperglycémie;CRITIQUE;38.4;Traitée;Famille
ALT02743;M004291;PAT0160;2024-07-03 04:17:00;Fièvre élevée;MODÉRÉE;38.6;En cours;Famille
ALT02744;M004295;PAT0047;2024-04-20 20:30:00;Hypertension modérée;MODÉRÉE;145;En cours;Famille
ALT02745;M004296;PAT0144;2024-12-21 05:26:00;Hyperglycémie;CRITIQUE;37.6;Traitée;Médecin
ALT02746;M004297;PAT0040;2024-10-19 08:05:00;Fièvre élevée;MODÉRÉE;38.6;Traitée;Famille
ALT02747;M004298;PAT0036;2024-12-22 00:55:00;Fièvre élevée;CRITIQUE;39.3;Traitée;Médecin
ALT02748;M004299;PAT0149;2024-02-18 16:23:00;Hypoxémie;CRITIQUE;36.6;En cours;Famille
ALT02749;M004302;PAT0079;2024-10-23 17:24:00;Hyperglycémie;CRITIQUE;36.9;En cours;Médecin
ALT02750;M004303;PAT0112;2024-02-17 06:09:00;Fièvre élevée;MODÉRÉE;38.6;Traitée;Médecin
ALT02751;M004304;PAT0105;2024-06-09 12:18:00;Fièvre élevée;CRITIQUE;39.3;Traitée;Médecin
ALT02752;M004305;PAT0135;2024-10-02 05:13:00;Douleur intense;MODÉRÉE;35.6;Traitée;Médecin
ALT02753;M004306;PAT0154;2024-11-23 09:25:00;Douleur intense;MODÉRÉE;37.4;Traitée;Médecin
ALT02754;M004308;PAT0132;2024-04-30 06:44:00;Fièvre élevée;CRITIQUE;39.1;Traitée;Famille
ALT02755;M004310;PAT0057;2024-12-14 01:14:00;Fièvre élevée;CRITIQUE;39.3;En cours;Famille
ALT02756;M004311;PAT0061;2024-08-08 05:48:00;Fièvre élevée;CRITIQUE;39.4;Traitée;SAMU
ALT02757;M004312;PAT0075;2024-09-30 20:21:00;Hyperglycémie;CRITIQUE;37.3;Ignorée;Infirmier
ALT02758;M004313;PAT0148;2024-02-23 20:00:00;Hypertension modérée;MODÉRÉE;152;Traitée;Médecin
ALT02759;M004314;PAT0107;2024-12-03 01:11:00;Fièvre élevée;CRITIQUE;39;En cours;Infirmier
ALT02760;M004315;PAT0027;2024-11-09 21:21:00;Hypertension modérée;MODÉRÉE;144;Ignorée;Infirmier
ALT02761;M004316;PAT0098;2024-03-09 09:17:00;Douleur intense;MODÉRÉE;35.8;Ignorée;Famille
ALT02762;M004317;PAT0074;2024-08-28 07:54:00;Fièvre élevée;MODÉRÉE;38.8;Ignorée;Médecin
ALT02763;M004318;PAT0175;2024-04-18 16:36:00;Hypertension critique;CRITIQUE;162;Traitée;Famille
ALT02764;M004320;PAT0170;2024-06-26 20:59:00;Fièvre élevée;MODÉRÉE;38.5;En cours;Médecin
ALT02765;M004321;PAT0087;2024-04-23 21:12:00;Fièvre élevée;MODÉRÉE;38.6;En cours;Infirmier
ALT02766;M004322;PAT0082;2024-02-03 05:36:00;Fièvre élevée;CRITIQUE;39.2;Traitée;Infirmier
ALT02767;M004323;PAT0149;2024-01-03 05:32:00;Fièvre élevée;CRITIQUE;39.3;Ignorée;Infirmier
ALT02768;M004324;PAT0013;2024-12-14 11:08:00;Douleur intense;MODÉRÉE;35.9;En cours;Médecin
ALT02769;M004325;PAT0107;2024-03-26 10:02:00;Fièvre élevée;MODÉRÉE;38.9;En cours;SAMU
ALT02770;M004326;PAT0035;2024-11-03 02:14:00;Fièvre élevée;CRITIQUE;39;Traitée;Médecin
ALT02771;M004327;PAT0193;2024-01-24 23:48:00;Hypertension modérée;MODÉRÉE;144;En cours;SAMU
ALT02772;M004328;PAT0144;2024-05-24 09:03:00;Fièvre élevée;MODÉRÉE;38.5;Traitée;Infirmier
ALT02773;M004329;PAT0124;2024-06-30 08:13:00;Hyperglycémie;CRITIQUE;37.9;Traitée;Infirmier
ALT02774;M004330;PAT0092;2024-01-10 06:14:00;Fièvre élevée;CRITIQUE;39.4;Traitée;SAMU
ALT02775;M004334;PAT0121;2024-04-28 18:06:00;Hyperglycémie;CRITIQUE;38.3;Traitée;Infirmier
ALT02776;M004335;PAT0003;2024-12-29 08:22:00;Douleur intense;MODÉRÉE;37.1;En cours;Médecin
ALT02777;M004339;PAT0034;2024-12-13 18:40:00;Hypertension modérée;MODÉRÉE;142;En cours;Famille
ALT02778;M004340;PAT0103;2024-07-21 19:49:00;Hypoxémie;CRITIQUE;38.3;Traitée;Médecin
ALT02779;M004341;PAT0108;2024-10-13 01:13:00;Douleur intense;MODÉRÉE;38.2;Traitée;Médecin
ALT02780;M004342;PAT0118;2024-05-13 20:35:00;Douleur intense;MODÉRÉE;35.8;Traitée;SAMU
ALT02781;M004344;PAT0062;2024-03-10 23:44:00;Fièvre élevée;CRITIQUE;39;Traitée;Famille
ALT02782;M004348;PAT0100;2024-06-21 18:30:00;Fièvre élevée;CRITIQUE;39.3;Traitée;SAMU
ALT02783;M004349;PAT0170;2024-12-17 08:01:00;Hypertension critique;CRITIQUE;173;En cours;Famille
ALT02784;M004350;PAT0149;2024-01-27 16:55:00;Fièvre élevée;MODÉRÉE;38.5;Traitée;Infirmier
ALT02785;M004352;PAT0129;2024-09-16 14:42:00;Hypertension critique;CRITIQUE;160;Traitée;Famille
ALT02786;M004353;PAT0151;2024-06-12 16:29:00;Hypertension modérée;MODÉRÉE;142;En cours;Médecin
ALT02787;M004354;PAT0068;2024-06-18 14:35:00;Fièvre élevée;CRITIQUE;39.2;Ignorée;SAMU
ALT02788;M004355;PAT0099;2024-09-01 22:10:00;Hypoxémie;CRITIQUE;37.7;Traitée;Médecin
ALT02789;M004357;PAT0148;2024-10-25 02:39:00;Fièvre élevée;CRITIQUE;39;En cours;Infirmier
ALT02790;M004358;PAT0090;2024-10-13 10:56:00;Hypoxémie;CRITIQUE;37;En cours;Famille
ALT02791;M004360;PAT0032;2024-11-14 08:16:00;Hypertension modérée;MODÉRÉE;143;Traitée;Infirmier
ALT02792;M004362;PAT0014;2024-06-08 01:28:00;Fièvre élevée;MODÉRÉE;38.6;Traitée;SAMU
ALT02793;M004363;PAT0042;2024-10-14 16:42:00;Fièvre élevée;CRITIQUE;39.1;Traitée;Médecin
ALT02794;M004365;PAT0165;2024-09-02 22:12:00;Fièvre élevée;MODÉRÉE;38.7;En cours;Médecin
ALT02795;M004366;PAT0115;2024-07-06 16:57:00;Fièvre élevée;MODÉRÉE;38.8;En cours;Médecin
ALT02796;M004370;PAT0090;2024-01-31 01:18:00;Hypoxémie;CRITIQUE;36;Traitée;Infirmier
ALT02797;M004371;PAT0120;2024-09-02 00:28:00;Hypertension modérée;MODÉRÉE;144;Traitée;SAMU
ALT02798;M004372;PAT0177;2024-08-12 13:13:00;Fièvre élevée;MODÉRÉE;38.5;Traitée;Médecin
ALT02799;M004373;PAT0046;2024-08-22 05:36:00;Douleur intense;MODÉRÉE;38.4;Traitée;Infirmier
ALT02800;M004374;PAT0162;2024-07-27 14:25:00;Hypertension critique;CRITIQUE;164;Traitée;Médecin
ALT02801;M004377;PAT0041;2024-01-23 21:13:00;Hypertension modérée;MODÉRÉE;143;Ignorée;Infirmier
ALT02802;M004378;PAT0180;2024-12-05 05:25:00;Fièvre élevée;CRITIQUE;39.1;Traitée;Infirmier
ALT02803;M004379;PAT0058;2024-03-10 04:50:00;Fièvre élevée;MODÉRÉE;38.6;Traitée;Médecin
ALT02804;M004380;PAT0112;2024-06-14 09:41:00;Douleur intense;MODÉRÉE;35.5;Traitée;Médecin
ALT02805;M004381;PAT0167;2024-07-29 18:17:00;Hypertension critique;CRITIQUE;165;Traitée;Infirmier
ALT02806;M004383;PAT0009;2024-08-19 07:11:00;Douleur intense;MODÉRÉE;36;En cours;Infirmier
ALT02807;M004384;PAT0168;2024-05-31 11:21:00;Fièvre élevée;MODÉRÉE;38.8;Traitée;SAMU
ALT02808;M004385;PAT0003;2024-06-27 21:23:00;Fièvre élevée;CRITIQUE;39.4;En cours;SAMU
ALT02809;M004386;PAT0010;2024-09-29 15:56:00;Fièvre élevée;MODÉRÉE;38.7;Traitée;Infirmier
ALT02810;M004387;PAT0151;2024-12-23 17:37:00;Hypertension modérée;MODÉRÉE;144;Traitée;Famille
ALT02811;M004389;PAT0094;2024-10-27 14:44:00;Fièvre élevée;CRITIQUE;39.3;Traitée;Médecin
ALT02812;M004390;PAT0065;2024-04-21 02:53:00;Fièvre élevée;CRITIQUE;39.4;Traitée;Infirmier
ALT02813;M004393;PAT0198;2024-03-18 04:08:00;Fièvre élevée;MODÉRÉE;38.9;Traitée;Médecin
ALT02814;M004394;PAT0190;2024-02-18 00:06:00;Douleur intense;MODÉRÉE;36.6;Traitée;SAMU
ALT02815;M004395;PAT0158;2024-05-19 01:49:00;Fièvre élevée;MODÉRÉE;38.9;En cours;Infirmier
ALT02816;M004396;PAT0197;2024-06-03 17:42:00;Fièvre élevée;MODÉRÉE;38.6;Traitée;Médecin
ALT02817;M004397;PAT0035;2024-09-20 03:31:00;Fièvre élevée;MODÉRÉE;38.5;Traitée;Médecin
ALT02818;M004398;PAT0083;2024-10-30 19:55:00;Douleur intense;MODÉRÉE;35.5;Traitée;Famille
ALT02819;M004399;PAT0031;2024-04-08 06:18:00;Douleur intense;MODÉRÉE;38.3;Traitée;Médecin
ALT02820;M004400;PAT0029;2024-01-25 10:24:00;Fièvre élevée;CRITIQUE;39.4;Traitée;Médecin
ALT02821;M004402;PAT0106;2024-10-18 09:26:00;Hyperglycémie;CRITIQUE;35.6;En cours;Médecin
ALT02822;M004404;PAT0135;2024-07-22 05:03:00;Hypertension modérée;MODÉRÉE;141;Traitée;Infirmier
ALT02823;M004405;PAT0150;2024-06-13 19:04:00;Fièvre élevée;MODÉRÉE;38.9;Traitée;Médecin
ALT02824;M004407;PAT0195;2024-06-30 15:54:00;Fièvre élevée;MODÉRÉE;38.9;Traitée;Médecin
ALT02825;M004408;PAT0160;2024-01-30 09:15:00;Fièvre élevée;CRITIQUE;39.2;Traitée;Famille
ALT02826;M004410;PAT0034;2024-04-25 00:30:00;Fièvre élevée;CRITIQUE;39.5;Traitée;Infirmier
ALT02827;M004412;PAT0093;2024-06-13 17:25:00;Douleur intense;MODÉRÉE;36;Ignorée;Infirmier
ALT02828;M004413;PAT0148;2024-01-19 16:14:00;Hypertension modérée;MODÉRÉE;150;Ignorée;Médecin
ALT02829;M004414;PAT0164;2024-09-28 11:36:00;Hypertension modérée;MODÉRÉE;142;En cours;Infirmier
ALT02830;M004415;PAT0099;2024-11-09 06:11:00;Tachycardie;MODÉRÉE;37;En cours;Médecin
ALT02831;M004418;PAT0144;2024-01-17 05:57:00;Fièvre élevée;CRITIQUE;39.3;Traitée;Médecin
ALT02832;M004419;PAT0005;2024-08-20 15:05:00;Tachycardie;MODÉRÉE;38.2;Ignorée;Infirmier
ALT02833;M004422;PAT0136;2024-12-05 23:27:00;Fièvre élevée;CRITIQUE;39.4;Ignorée;Médecin
ALT02834;M004423;PAT0164;2024-05-11 15:30:00;Hypertension critique;CRITIQUE;167;Traitée;Médecin
ALT02835;M004424;PAT0170;2024-05-31 00:35:00;Hypertension critique;CRITIQUE;161;Traitée;Famille
ALT02836;M004427;PAT0033;2024-09-09 15:28:00;Fièvre élevée;MODÉRÉE;38.6;Traitée;SAMU
ALT02837;M004430;PAT0137;2024-09-15 09:11:00;Fièvre élevée;MODÉRÉE;38.7;Traitée;Infirmier
ALT02838;M004431;PAT0085;2024-11-16 22:56:00;Douleur intense;MODÉRÉE;37.9;En cours;Médecin
ALT02839;M004432;PAT0080;2024-08-31 01:56:00;Douleur intense;MODÉRÉE;37;Traitée;Médecin
ALT02840;M004435;PAT0166;2024-12-06 02:33:00;Fièvre élevée;CRITIQUE;39.5;Traitée;SAMU
ALT02841;M004437;PAT0035;2024-02-03 03:45:00;Hypertension modérée;MODÉRÉE;141;Ignorée;Famille
ALT02842;M004438;PAT0162;2024-11-12 08:29:00;Hypertension modérée;MODÉRÉE;144;En cours;Médecin
ALT02843;M004439;PAT0130;2024-10-25 12:56:00;Fièvre élevée;MODÉRÉE;38.8;Traitée;Famille
ALT02844;M004440;PAT0174;2024-02-13 22:30:00;Douleur intense;MODÉRÉE;37.7;Traitée;Infirmier
ALT02845;M004441;PAT0012;2024-11-26 03:01:00;Fièvre élevée;MODÉRÉE;38.7;En cours;Infirmier
ALT02846;M004442;PAT0171;2024-01-30 12:11:00;Hypertension modérée;MODÉRÉE;142;Traitée;Famille
ALT02847;M004444;PAT0170;2024-01-01 22:16:00;Hypertension modérée;MODÉRÉE;159;Traitée;Famille
ALT02848;M004445;PAT0041;2024-09-04 21:57:00;Hypoxémie;CRITIQUE;38.1;Traitée;Médecin
ALT02849;M004447;PAT0030;2024-10-27 14:09:00;Fièvre élevée;MODÉRÉE;38.5;Traitée;Famille
ALT02850;M004448;PAT0053;2024-04-30 10:14:00;Fièvre élevée;CRITIQUE;39.3;Traitée;Infirmier
ALT02851;M004449;PAT0114;2024-03-07 12:51:00;Fièvre élevée;MODÉRÉE;38.8;Traitée;Infirmier
ALT02852;M004451;PAT0020;2024-12-17 20:11:00;Fièvre élevée;CRITIQUE;39;Traitée;Médecin
ALT02853;M004453;PAT0070;2024-02-16 14:07:00;Fièvre élevée;MODÉRÉE;38.5;Traitée;Médecin
ALT02854;M004454;PAT0129;2024-05-05 23:03:00;Hypertension modérée;MODÉRÉE;152;Traitée;Médecin
ALT02855;M004455;PAT0096;2024-07-04 10:34:00;Hypertension critique;CRITIQUE;164;Traitée;Médecin
ALT02856;M004456;PAT0003;2024-10-13 02:47:00;Douleur intense;MODÉRÉE;35.7;Traitée;SAMU
ALT02857;M004458;PAT0023;2024-12-23 20:50:00;Douleur intense;MODÉRÉE;37.9;Traitée;Infirmier
ALT02858;M004459;PAT0147;2024-08-13 10:25:00;Hypertension modérée;MODÉRÉE;144;Traitée;Famille
ALT02859;M004460;PAT0082;2024-11-05 10:25:00;Fièvre élevée;CRITIQUE;39.1;Ignorée;Infirmier
ALT02860;M004461;PAT0052;2024-12-30 03:50:00;Fièvre élevée;CRITIQUE;39.5;En cours;Médecin
ALT02861;M004462;PAT0131;2024-12-30 20:03:00;Fièvre élevée;CRITIQUE;39;Traitée;Médecin
ALT02862;M004466;PAT0023;2024-12-21 18:58:00;Hyperglycémie;CRITIQUE;37.9;Traitée;Médecin
ALT02863;M004469;PAT0112;2024-10-01 09:04:00;Douleur intense;MODÉRÉE;36.9;Traitée;Infirmier
ALT02864;M004471;PAT0122;2024-07-05 10:35:00;Douleur intense;MODÉRÉE;37.9;En cours;Médecin
ALT02865;M004476;PAT0093;2024-08-20 21:09:00;Fièvre élevée;CRITIQUE;39.1;Traitée;Infirmier
ALT02866;M004480;PAT0151;2024-09-29 23:35:00;Fièvre élevée;CRITIQUE;39.3;Traitée;Médecin
ALT02867;M004481;PAT0100;2024-05-04 07:14:00;Hypertension modérée;MODÉRÉE;141;Traitée;Infirmier
ALT02868;M004482;PAT0051;2024-10-22 04:09:00;Fièvre élevée;MODÉRÉE;38.7;Traitée;Famille
ALT02869;M004483;PAT0030;2024-02-08 11:00:00;Hypertension critique;CRITIQUE;171;Traitée;Médecin
ALT02870;M004484;PAT0063;2024-06-09 01:20:00;Fièvre élevée;CRITIQUE;39.4;Traitée;SAMU
ALT02871;M004487;PAT0190;2024-10-24 03:38:00;Hypertension modérée;MODÉRÉE;142;En cours;Médecin
ALT02872;M004488;PAT0100;2024-04-14 19:28:00;Tachycardie;MODÉRÉE;38.1;Traitée;Infirmier
ALT02873;M004491;PAT0082;2024-09-02 08:30:00;Hypertension critique;CRITIQUE;171;Traitée;Infirmier
ALT02874;M004494;PAT0033;2024-10-31 01:40:00;Fièvre élevée;MODÉRÉE;38.6;Traitée;Médecin
ALT02875;M004495;PAT0090;2024-08-12 07:24:00;Douleur intense;MODÉRÉE;36.8;Traitée;Famille
ALT02876;M004496;PAT0147;2024-06-04 05:18:00;Hypertension modérée;MODÉRÉE;141;Traitée;Famille
ALT02877;M004497;PAT0049;2024-05-06 01:49:00;Fièvre élevée;CRITIQUE;39.4;Traitée;Infirmier
ALT02878;M004498;PAT0183;2024-08-29 10:59:00;Fièvre élevée;CRITIQUE;39.1;Traitée;Médecin
ALT02879;M004499;PAT0129;2024-12-26 03:38:00;Hypertension modérée;MODÉRÉE;150;En cours;Famille
ALT02880;M004501;PAT0109;2024-10-28 15:29:00;Douleur intense;MODÉRÉE;36.4;Traitée;Famille
ALT02881;M004502;PAT0099;2024-10-18 15:42:00;Hypoxémie;CRITIQUE;37.8;En cours;Médecin
ALT02882;M004503;PAT0194;2024-11-25 09:17:00;Fièvre élevée;CRITIQUE;39.5;En cours;Infirmier
ALT02883;M004505;PAT0104;2024-08-17 16:10:00;Hypertension modérée;MODÉRÉE;149;En cours;Infirmier
ALT02884;M004506;PAT0021;2024-08-05 15:07:00;Hypertension modérée;MODÉRÉE;143;Traitée;Famille
ALT02885;M004507;PAT0186;2024-08-14 05:17:00;Fièvre élevée;MODÉRÉE;38.7;Traitée;Médecin
ALT02886;M004508;PAT0118;2024-09-16 21:32:00;Tachycardie;MODÉRÉE;36.7;En cours;Famille
ALT02887;M004511;PAT0105;2024-08-17 05:04:00;Fièvre élevée;MODÉRÉE;38.6;Traitée;Médecin
ALT02888;M004512;PAT0116;2024-04-03 15:55:00;Fièvre élevée;CRITIQUE;39.3;En cours;Médecin
ALT02889;M004514;PAT0110;2024-10-16 01:53:00;Fièvre élevée;CRITIQUE;39.3;Traitée;Médecin
ALT02890;M004515;PAT0175;2024-04-14 13:49:00;Fièvre élevée;CRITIQUE;39.2;Traitée;Médecin
ALT02891;M004517;PAT0145;2024-05-04 23:58:00;Fièvre élevée;MODÉRÉE;38.5;En cours;Infirmier
ALT02892;M004518;PAT0194;2024-08-14 15:57:00;Douleur intense;MODÉRÉE;38.1;Traitée;Médecin
ALT02893;M004522;PAT0196;2024-05-05 03:25:00;Douleur intense;MODÉRÉE;37;Traitée;Médecin
ALT02894;M004523;PAT0023;2024-07-06 20:24:00;Fièvre élevée;CRITIQUE;39.4;Traitée;Infirmier
ALT02895;M004525;PAT0142;2024-03-07 20:30:00;Hypertension modérée;MODÉRÉE;149;Traitée;Famille
ALT02896;M004528;PAT0043;2024-06-15 16:58:00;Fièvre élevée;MODÉRÉE;38.5;En cours;Infirmier
ALT02897;M004530;PAT0182;2024-12-25 07:42:00;Hypertension critique;CRITIQUE;175;Traitée;Famille
ALT02898;M004531;PAT0152;2024-12-29 17:01:00;Hypertension modérée;MODÉRÉE;140;En cours;SAMU
ALT02899;M004532;PAT0140;2024-08-01 15:40:00;Douleur intense;MODÉRÉE;36.2;Traitée;SAMU
ALT02900;M004534;PAT0129;2024-07-22 13:34:00;Fièvre élevée;CRITIQUE;39.1;Traitée;Infirmier
ALT02901;M004537;PAT0033;2024-10-30 16:28:00;Hypertension modérée;MODÉRÉE;150;Traitée;Infirmier
ALT02902;M004539;PAT0130;2024-08-19 03:29:00;Fièvre élevée;CRITIQUE;39.1;En cours;Médecin
ALT02903;M004540;PAT0025;2024-01-19 08:11:00;Hypertension critique;CRITIQUE;171;En cours;Infirmier
ALT02904;M004541;PAT0065;2024-08-01 10:02:00;Fièvre élevée;MODÉRÉE;38.9;Ignorée;Médecin
ALT02905;M004542;PAT0073;2024-12-15 21:32:00;Fièvre élevée;MODÉRÉE;38.5;En cours;Infirmier
ALT02906;M004547;PAT0001;2024-08-10 22:07:00;Hyperglycémie;CRITIQUE;36.3;Traitée;Famille
ALT02907;M004551;PAT0166;2024-03-29 22:00:00;Hypertension critique;CRITIQUE;162;Traitée;Médecin
ALT02908;M004553;PAT0105;2024-08-19 07:15:00;Hypertension critique;CRITIQUE;165;En cours;Infirmier
ALT02909;M004555;PAT0196;2024-08-16 20:45:00;Douleur intense;MODÉRÉE;37.3;Traitée;Infirmier
ALT02910;M004556;PAT0069;2024-04-09 02:12:00;Douleur intense;MODÉRÉE;37.2;Traitée;Infirmier
ALT02911;M004557;PAT0193;2024-07-28 16:16:00;Tachycardie;MODÉRÉE;38.3;Traitée;Infirmier
ALT02912;M004559;PAT0183;2024-04-15 03:30:00;Douleur intense;MODÉRÉE;37.3;En cours;Famille
ALT02913;M004560;PAT0142;2024-04-23 06:12:00;Hypertension modérée;MODÉRÉE;142;En cours;Infirmier
ALT02914;M004561;PAT0025;2024-02-23 12:25:00;Hypertension critique;CRITIQUE;173;Traitée;Médecin
ALT02915;M004563;PAT0050;2024-06-30 08:49:00;Fièvre élevée;CRITIQUE;39;Traitée;Médecin
ALT02916;M004565;PAT0004;2024-04-03 07:45:00;Hypertension modérée;MODÉRÉE;143;En cours;Famille
ALT02917;M004566;PAT0168;2024-03-14 09:55:00;Fièvre élevée;CRITIQUE;39.3;Traitée;Médecin
ALT02918;M004567;PAT0027;2024-10-08 22:09:00;Fièvre élevée;CRITIQUE;39;Traitée;Famille
ALT02919;M004569;PAT0149;2024-11-29 00:25:00;Tachycardie;MODÉRÉE;36;En cours;Médecin
ALT02920;M004570;PAT0123;2024-04-04 13:33:00;Hyperglycémie;CRITIQUE;37.1;En cours;Médecin
ALT02921;M004571;PAT0142;2024-07-19 17:59:00;Fièvre élevée;MODÉRÉE;38.7;Traitée;Médecin
ALT02922;M004572;PAT0121;2024-01-28 16:43:00;Fièvre élevée;CRITIQUE;39.4;Traitée;Médecin
ALT02923;M004573;PAT0050;2024-11-04 04:01:00;Fièvre élevée;CRITIQUE;39.2;Traitée;Médecin
ALT02924;M004575;PAT0168;2024-09-24 22:34:00;Fièvre élevée;MODÉRÉE;38.9;Traitée;Infirmier
ALT02925;M004576;PAT0137;2024-06-18 05:09:00;Douleur intense;MODÉRÉE;37.9;Traitée;Famille
ALT02926;M004577;PAT0174;2024-06-16 08:02:00;Hypoxémie;CRITIQUE;35.9;Traitée;Médecin
ALT02927;M004579;PAT0069;2024-01-27 01:30:00;Fièvre élevée;MODÉRÉE;38.8;Traitée;Médecin
ALT02928;M004580;PAT0193;2024-07-23 13:38:00;Fièvre élevée;MODÉRÉE;38.8;Traitée;Médecin
ALT02929;M004581;PAT0167;2024-01-09 08:53:00;Fièvre élevée;CRITIQUE;39.2;En cours;Infirmier
ALT02930;M004582;PAT0190;2024-08-25 01:39:00;Hypertension modérée;MODÉRÉE;141;En cours;Médecin
ALT02931;M004583;PAT0162;2024-04-26 11:37:00;Hypertension critique;CRITIQUE;167;Traitée;Médecin
ALT02932;M004584;PAT0096;2024-10-24 13:16:00;Hypertension critique;CRITIQUE;160;En cours;SAMU
ALT02933;M004585;PAT0174;2024-04-16 10:11:00;Tachycardie;MODÉRÉE;35.5;En cours;Médecin
ALT02934;M004586;PAT0014;2024-04-16 02:24:00;Fièvre élevée;MODÉRÉE;38.5;Traitée;Médecin
ALT02935;M004587;PAT0060;2024-02-18 09:03:00;Fièvre élevée;CRITIQUE;39.1;Traitée;Médecin
ALT02936;M004588;PAT0022;2024-03-02 19:50:00;Hypertension modérée;MODÉRÉE;146;Traitée;Médecin
ALT02937;M004590;PAT0194;2024-07-30 14:51:00;Fièvre élevée;MODÉRÉE;38.7;Traitée;Infirmier
ALT02938;M004591;PAT0094;2024-02-14 15:51:00;Hypoxémie;CRITIQUE;37.2;En cours;Médecin
ALT02939;M004592;PAT0039;2024-09-26 12:30:00;Fièvre élevée;CRITIQUE;39.5;Traitée;Infirmier
ALT02940;M004593;PAT0044;2024-03-26 06:23:00;Fièvre élevée;CRITIQUE;39;Traitée;Médecin
ALT02941;M004594;PAT0012;2024-02-13 15:21:00;Douleur intense;MODÉRÉE;36.3;En cours;Médecin
ALT02942;M004595;PAT0127;2024-12-12 11:10:00;Hyperglycémie;CRITIQUE;37.1;Traitée;Infirmier
ALT02943;M004597;PAT0123;2024-06-11 03:05:00;Hyperglycémie;CRITIQUE;35.8;Traitée;Infirmier
ALT02944;M004598;PAT0129;2024-07-05 09:26:00;Hypertension critique;CRITIQUE;168;Traitée;Médecin
ALT02945;M004599;PAT0190;2024-05-15 02:36:00;Fièvre élevée;CRITIQUE;39.1;Ignorée;Médecin
ALT02946;M004600;PAT0082;2024-10-04 11:30:00;Fièvre élevée;MODÉRÉE;38.5;En cours;Médecin
ALT02947;M004601;PAT0024;2024-07-25 02:29:00;Hyperglycémie;CRITIQUE;35.6;Traitée;Médecin
ALT02948;M004602;PAT0173;2024-04-19 17:14:00;Fièvre élevée;MODÉRÉE;38.9;En cours;Famille
ALT02949;M004605;PAT0015;2024-08-12 17:52:00;Fièvre élevée;CRITIQUE;39.3;Traitée;Médecin
ALT02950;M004606;PAT0053;2024-12-18 05:19:00;Fièvre élevée;CRITIQUE;39.3;Ignorée;Famille
ALT02951;M004607;PAT0122;2024-05-29 21:25:00;Fièvre élevée;CRITIQUE;39.3;Traitée;Infirmier
ALT02952;M004608;PAT0059;2024-02-01 20:27:00;Fièvre élevée;CRITIQUE;39.1;En cours;Médecin
ALT02953;M004610;PAT0161;2024-11-10 04:15:00;Douleur intense;MODÉRÉE;36.6;En cours;Infirmier
ALT02954;M004611;PAT0127;2024-05-11 10:12:00;Fièvre élevée;MODÉRÉE;38.5;En cours;Médecin
ALT02955;M004612;PAT0149;2024-01-05 13:02:00;Fièvre élevée;MODÉRÉE;38.6;Traitée;Infirmier
ALT02956;M004614;PAT0162;2024-12-16 00:31:00;Hypertension modérée;MODÉRÉE;142;En cours;Infirmier
ALT02957;M004615;PAT0148;2024-06-13 14:47:00;Douleur intense;MODÉRÉE;37;En cours;Famille
ALT02958;M004616;PAT0071;2024-12-10 10:40:00;Fièvre élevée;MODÉRÉE;38.9;Traitée;Médecin
ALT02959;M004617;PAT0062;2024-12-25 07:23:00;Fièvre élevée;CRITIQUE;39.4;En cours;Famille
ALT02960;M004618;PAT0195;2024-01-18 03:42:00;Hypertension modérée;MODÉRÉE;142;Traitée;Infirmier
ALT02961;M004619;PAT0020;2024-12-25 15:51:00;Fièvre élevée;CRITIQUE;39;Traitée;Médecin
ALT02962;M004621;PAT0189;2024-03-27 18:01:00;Hyperglycémie;CRITIQUE;36.8;En cours;Infirmier
ALT02963;M004622;PAT0124;2024-03-19 16:04:00;Hyperglycémie;CRITIQUE;37.6;En cours;Famille
ALT02964;M004623;PAT0102;2024-11-06 19:40:00;Fièvre élevée;CRITIQUE;39.1;Traitée;Médecin
ALT02965;M004624;PAT0153;2024-05-17 01:51:00;Douleur intense;MODÉRÉE;38.3;En cours;Infirmier
ALT02966;M004625;PAT0046;2024-09-19 20:57:00;Fièvre élevée;CRITIQUE;39.1;Traitée;Famille
ALT02967;M004626;PAT0168;2024-09-14 06:05:00;Fièvre élevée;MODÉRÉE;38.5;En cours;Infirmier
ALT02968;M004627;PAT0086;2024-10-10 04:49:00;Fièvre élevée;MODÉRÉE;38.8;En cours;Médecin
ALT02969;M004628;PAT0100;2024-03-11 11:00:00;Fièvre élevée;MODÉRÉE;38.8;Traitée;Famille
ALT02970;M004631;PAT0047;2024-02-21 21:57:00;Hypertension modérée;MODÉRÉE;143;En cours;Médecin
ALT02971;M004634;PAT0001;2024-10-21 11:22:00;Hyperglycémie;CRITIQUE;38.3;Traitée;Infirmier
ALT02972;M004636;PAT0134;2024-02-20 13:43:00;Fièvre élevée;MODÉRÉE;38.6;Traitée;Infirmier
ALT02973;M004637;PAT0027;2024-11-21 02:15:00;Douleur intense;MODÉRÉE;38.1;Traitée;Médecin
ALT02974;M004638;PAT0196;2024-04-01 08:25:00;Fièvre élevée;CRITIQUE;39.4;En cours;Médecin
ALT02975;M004642;PAT0091;2024-08-13 16:13:00;Hypertension modérée;MODÉRÉE;144;Traitée;Famille
ALT02976;M004644;PAT0018;2024-11-15 07:04:00;Fièvre élevée;CRITIQUE;39.2;En cours;Infirmier
ALT02977;M004645;PAT0144;2024-05-06 17:00:00;Hyperglycémie;CRITIQUE;36.3;Traitée;Médecin
ALT02978;M004647;PAT0079;2024-06-09 09:01:00;Hyperglycémie;CRITIQUE;37.3;Traitée;Médecin
ALT02979;M004648;PAT0092;2024-09-16 16:08:00;Fièvre élevée;MODÉRÉE;38.9;Traitée;Infirmier
ALT02980;M004649;PAT0200;2024-12-07 17:51:00;Douleur intense;MODÉRÉE;36.2;Traitée;Médecin
ALT02981;M004651;PAT0125;2024-04-22 14:04:00;Fièvre élevée;CRITIQUE;39.5;Traitée;SAMU
ALT02982;M004653;PAT0179;2024-04-29 02:06:00;Hypertension modérée;MODÉRÉE;145;Ignorée;Infirmier
ALT02983;M004654;PAT0152;2024-04-22 00:38:00;Hypertension critique;CRITIQUE;171;En cours;Infirmier
ALT02984;M004655;PAT0015;2024-09-09 19:04:00;Fièvre élevée;CRITIQUE;39.4;Traitée;Médecin
ALT02985;M004656;PAT0167;2024-07-31 03:51:00;Hypertension modérée;MODÉRÉE;152;Traitée;Infirmier
ALT02986;M004658;PAT0033;2024-10-13 08:59:00;Hypertension modérée;MODÉRÉE;154;Traitée;SAMU
ALT02987;M004659;PAT0197;2024-06-17 04:36:00;Hypertension modérée;MODÉRÉE;143;En cours;Famille
ALT02988;M004661;PAT0089;2024-12-04 19:01:00;Fièvre élevée;MODÉRÉE;38.9;En cours;Famille
ALT02989;M004662;PAT0026;2024-07-31 17:55:00;Fièvre élevée;MODÉRÉE;38.7;Traitée;Médecin
ALT02990;M004663;PAT0181;2024-12-22 23:34:00;Fièvre élevée;MODÉRÉE;38.6;Traitée;Infirmier
ALT02991;M004664;PAT0009;2024-05-13 01:59:00;Fièvre élevée;CRITIQUE;39.3;Traitée;Famille
ALT02992;M004665;PAT0177;2024-08-02 15:51:00;Fièvre élevée;CRITIQUE;39.4;Ignorée;Infirmier
ALT02993;M004666;PAT0101;2024-06-10 19:47:00;Hypertension modérée;MODÉRÉE;140;Traitée;Famille
ALT02994;M004669;PAT0076;2024-05-29 22:26:00;Douleur intense;MODÉRÉE;36.5;Traitée;Médecin
ALT02995;M004672;PAT0011;2024-11-04 10:47:00;Hypertension modérée;MODÉRÉE;141;En cours;Famille
ALT02996;M004674;PAT0079;2024-06-22 00:28:00;Fièvre élevée;CRITIQUE;39;Traitée;Famille
ALT02997;M004675;PAT0162;2024-05-20 15:51:00;Hypertension modérée;MODÉRÉE;157;Traitée;Infirmier
ALT02998;M004678;PAT0075;2024-10-30 13:18:00;Hypertension modérée;MODÉRÉE;140;En cours;Médecin
ALT02999;M004680;PAT0114;2024-05-19 23:43:00;Hyperglycémie;CRITIQUE;38.2;Traitée;SAMU
ALT03000;M004681;PAT0041;2024-08-22 23:45:00;Douleur intense;MODÉRÉE;36.8;Traitée;Médecin
ALT03001;M004682;PAT0136;2024-10-21 09:01:00;Fièvre élevée;CRITIQUE;39.1;Traitée;Médecin
ALT03002;M004683;PAT0140;2024-07-26 07:56:00;Fièvre élevée;CRITIQUE;39.4;En cours;Médecin
ALT03003;M004684;PAT0129;2024-01-10 20:30:00;Fièvre élevée;MODÉRÉE;38.5;En cours;Médecin
ALT03004;M004687;PAT0112;2024-08-09 13:44:00;Fièvre élevée;CRITIQUE;39.3;En cours;Infirmier
ALT03005;M004688;PAT0154;2024-07-05 05:24:00;Fièvre élevée;MODÉRÉE;38.9;Traitée;SAMU
ALT03006;M004689;PAT0029;2024-10-23 15:54:00;Fièvre élevée;CRITIQUE;39.2;Traitée;Infirmier
ALT03007;M004690;PAT0082;2024-01-14 20:23:00;Fièvre élevée;MODÉRÉE;38.9;Ignorée;Infirmier
ALT03008;M004692;PAT0029;2024-06-30 14:54:00;Fièvre élevée;MODÉRÉE;38.9;En cours;Médecin
ALT03009;M004693;PAT0005;2024-07-03 11:18:00;Hypoxémie;CRITIQUE;36.5;Traitée;Médecin
ALT03010;M004694;PAT0160;2024-06-13 14:51:00;Hypertension modérée;MODÉRÉE;141;Ignorée;SAMU
ALT03011;M004695;PAT0069;2024-10-08 08:22:00;Douleur intense;MODÉRÉE;36.8;Traitée;Médecin
ALT03012;M004697;PAT0145;2024-04-20 00:43:00;Douleur intense;MODÉRÉE;37.3;Traitée;Médecin
ALT03013;M004699;PAT0143;2024-05-19 05:47:00;Fièvre élevée;CRITIQUE;39;Traitée;Famille
ALT03014;M004701;PAT0139;2024-11-03 09:12:00;Hypertension modérée;MODÉRÉE;156;En cours;Famille
ALT03015;M004702;PAT0027;2024-04-24 15:31:00;Fièvre élevée;CRITIQUE;39;En cours;Famille
ALT03016;M004704;PAT0006;2024-12-17 15:51:00;Hypertension critique;CRITIQUE;179;En cours;Infirmier
ALT03017;M004706;PAT0012;2024-02-02 06:13:00;Fièvre élevée;MODÉRÉE;38.5;Traitée;Médecin
ALT03018;M004708;PAT0200;2024-05-24 03:35:00;Hypertension modérée;MODÉRÉE;142;En cours;SAMU
ALT03019;M004709;PAT0157;2024-11-26 22:11:00;Hypertension modérée;MODÉRÉE;140;Traitée;SAMU
ALT03020;M004710;PAT0028;2024-10-10 14:38:00;Fièvre élevée;CRITIQUE;39.1;Traitée;Famille
ALT03021;M004711;PAT0022;2024-01-15 06:52:00;Hypertension modérée;MODÉRÉE;143;En cours;Infirmier
ALT03022;M004714;PAT0136;2024-07-16 07:30:00;Tachycardie;MODÉRÉE;38.4;Ignorée;Infirmier
ALT03023;M004715;PAT0014;2024-01-05 23:11:00;Fièvre élevée;CRITIQUE;39;Traitée;Médecin
ALT03024;M004716;PAT0148;2024-02-08 12:10:00;Hypertension critique;CRITIQUE;176;Traitée;SAMU
ALT03025;M004717;PAT0114;2024-03-15 08:55:00;Fièvre élevée;MODÉRÉE;38.9;Traitée;Infirmier
ALT03026;M004719;PAT0171;2024-05-17 19:05:00;Fièvre élevée;MODÉRÉE;38.7;En cours;Médecin
ALT03027;M004720;PAT0125;2024-09-11 17:24:00;Fièvre élevée;CRITIQUE;39.2;Traitée;Médecin
ALT03028;M004721;PAT0043;2024-11-13 12:20:00;Hypertension modérée;MODÉRÉE;144;Traitée;Médecin
ALT03029;M004723;PAT0146;2024-10-31 08:15:00;Fièvre élevée;MODÉRÉE;38.6;Traitée;Médecin
ALT03030;M004724;PAT0094;2024-02-21 09:39:00;Douleur intense;MODÉRÉE;37.1;En cours;Infirmier
ALT03031;M004726;PAT0114;2024-02-16 07:30:00;Hyperglycémie;CRITIQUE;35.7;En cours;Infirmier
ALT03032;M004727;PAT0178;2024-10-17 06:05:00;Fièvre élevée;CRITIQUE;39.1;Ignorée;Famille
ALT03033;M004728;PAT0060;2024-02-23 22:59:00;Hypertension modérée;MODÉRÉE;141;Ignorée;Médecin
ALT03034;M004729;PAT0061;2024-09-03 20:42:00;Hyperglycémie;CRITIQUE;35.7;En cours;Famille
ALT03035;M004730;PAT0145;2024-03-21 02:52:00;Fièvre élevée;MODÉRÉE;38.7;Traitée;Médecin
ALT03036;M004732;PAT0152;2024-07-25 01:10:00;Fièvre élevée;CRITIQUE;39.2;En cours;Médecin
ALT03037;M004733;PAT0088;2024-01-22 08:53:00;Hypertension modérée;MODÉRÉE;158;Traitée;Infirmier
ALT03038;M004735;PAT0161;2024-03-18 15:25:00;Douleur intense;MODÉRÉE;37.9;En cours;SAMU
ALT03039;M004736;PAT0127;2024-11-06 13:26:00;Hypertension modérée;MODÉRÉE;144;Traitée;Infirmier
ALT03040;M004737;PAT0097;2024-08-29 11:00:00;Fièvre élevée;MODÉRÉE;38.8;Traitée;Infirmier
ALT03041;M004738;PAT0015;2024-05-14 21:47:00;Douleur intense;MODÉRÉE;38.3;Traitée;Famille
ALT03042;M004739;PAT0087;2024-02-24 23:33:00;Hyperglycémie;CRITIQUE;36.1;Traitée;Infirmier
ALT03043;M004740;PAT0143;2024-02-19 12:03:00;Hypertension modérée;MODÉRÉE;144;Traitée;Famille
ALT03044;M004743;PAT0197;2024-07-26 15:50:00;Hypoxémie;CRITIQUE;38;Ignorée;Médecin
ALT03045;M004744;PAT0017;2024-03-04 07:28:00;Hypertension modérée;MODÉRÉE;143;Traitée;Famille
ALT03046;M004746;PAT0030;2024-01-03 14:24:00;Hypertension critique;CRITIQUE;177;En cours;Infirmier
ALT03047;M004748;PAT0120;2024-02-23 21:03:00;Hypertension critique;CRITIQUE;171;Traitée;Médecin
ALT03048;M004749;PAT0008;2024-08-09 00:05:00;Hypoxémie;CRITIQUE;38.3;Traitée;Infirmier
ALT03049;M004750;PAT0191;2024-01-04 00:57:00;Douleur intense;MODÉRÉE;37.3;Traitée;Médecin
ALT03050;M004751;PAT0093;2024-02-22 16:40:00;Douleur intense;MODÉRÉE;37.2;En cours;SAMU
ALT03051;M004752;PAT0034;2024-11-05 23:10:00;Fièvre élevée;MODÉRÉE;38.7;Ignorée;Infirmier
ALT03052;M004754;PAT0160;2024-04-23 06:27:00;Fièvre élevée;CRITIQUE;39.3;En cours;Médecin
ALT03053;M004755;PAT0135;2024-02-22 05:43:00;Fièvre élevée;MODÉRÉE;38.6;En cours;Médecin
ALT03054;M004756;PAT0177;2024-07-19 18:47:00;Fièvre élevée;MODÉRÉE;38.9;En cours;SAMU
ALT03055;M004758;PAT0010;2024-09-08 21:02:00;Fièvre élevée;MODÉRÉE;38.7;En cours;Infirmier
ALT03056;M004759;PAT0189;2024-05-03 14:03:00;Hypertension modérée;MODÉRÉE;141;En cours;SAMU
ALT03057;M004760;PAT0028;2024-07-19 14:57:00;Hypertension modérée;MODÉRÉE;140;Traitée;Famille
ALT03058;M004761;PAT0104;2024-06-26 17:55:00;Hypertension modérée;MODÉRÉE;145;Traitée;Famille
ALT03059;M004764;PAT0157;2024-08-25 06:52:00;Fièvre élevée;CRITIQUE;39.3;Traitée;Médecin
ALT03060;M004765;PAT0052;2024-05-27 03:48:00;Douleur intense;MODÉRÉE;35.7;En cours;Médecin
ALT03061;M004766;PAT0075;2024-05-03 22:48:00;Fièvre élevée;MODÉRÉE;38.7;Traitée;Infirmier
ALT03062;M004768;PAT0128;2024-07-15 08:36:00;Fièvre élevée;MODÉRÉE;38.9;En cours;Médecin
ALT03063;M004769;PAT0073;2024-11-08 01:40:00;Fièvre élevée;MODÉRÉE;38.8;En cours;Famille
ALT03064;M004770;PAT0121;2024-09-07 20:33:00;Douleur intense;MODÉRÉE;37.8;Traitée;Infirmier
ALT03065;M004772;PAT0084;2024-06-17 09:30:00;Douleur intense;MODÉRÉE;36.3;Traitée;Médecin
ALT03066;M004774;PAT0058;2024-07-08 22:08:00;Fièvre élevée;CRITIQUE;39.3;Traitée;Médecin
ALT03067;M004775;PAT0030;2024-03-21 08:29:00;Hypertension modérée;MODÉRÉE;153;Traitée;Médecin
ALT03068;M004776;PAT0199;2024-07-04 03:13:00;Fièvre élevée;CRITIQUE;39.4;En cours;Infirmier
ALT03069;M004777;PAT0069;2024-01-13 11:47:00;Douleur intense;MODÉRÉE;35.9;Ignorée;Médecin
ALT03070;M004778;PAT0127;2024-01-22 08:47:00;Fièvre élevée;CRITIQUE;39.4;Traitée;Infirmier
ALT03071;M004781;PAT0053;2024-07-11 01:23:00;Hypertension critique;CRITIQUE;179;Traitée;Famille
ALT03072;M004783;PAT0146;2024-08-08 12:37:00;Hypertension critique;CRITIQUE;164;Traitée;Infirmier
ALT03073;M004784;PAT0174;2024-02-13 21:19:00;Fièvre élevée;CRITIQUE;39.1;Traitée;Médecin
ALT03074;M004785;PAT0096;2024-10-09 03:23:00;Hypertension critique;CRITIQUE;178;Traitée;Médecin
ALT03075;M004788;PAT0178;2024-11-19 07:06:00;Douleur intense;MODÉRÉE;38.1;Traitée;Infirmier
ALT03076;M004790;PAT0112;2024-08-07 16:19:00;Douleur intense;MODÉRÉE;37.4;Traitée;Famille
ALT03077;M004792;PAT0053;2024-09-05 06:33:00;Hypertension critique;CRITIQUE;167;Traitée;Médecin
ALT03078;M004795;PAT0145;2024-11-16 20:53:00;Fièvre élevée;CRITIQUE;39.1;Traitée;Médecin
ALT03079;M004797;PAT0103;2024-09-15 21:58:00;Tachycardie;MODÉRÉE;37.6;Traitée;Médecin
ALT03080;M004801;PAT0140;2024-06-26 23:16:00;Douleur intense;MODÉRÉE;36.5;Traitée;Médecin
ALT03081;M004802;PAT0137;2024-05-10 13:57:00;Fièvre élevée;MODÉRÉE;38.7;En cours;Famille
ALT03082;M004803;PAT0163;2024-01-31 05:06:00;Hypoxémie;CRITIQUE;36.4;Traitée;Médecin
ALT03083;M004807;PAT0006;2024-02-11 10:50:00;Fièvre élevée;CRITIQUE;39.3;En cours;Famille
ALT03084;M004808;PAT0188;2024-02-09 09:52:00;Douleur intense;MODÉRÉE;36.2;Ignorée;Médecin
ALT03085;M004809;PAT0036;2024-10-31 19:17:00;Fièvre élevée;CRITIQUE;39.4;Traitée;Famille
ALT03086;M004810;PAT0041;2024-01-20 11:41:00;Fièvre élevée;CRITIQUE;39;En cours;Médecin
ALT03087;M004813;PAT0088;2024-06-10 10:42:00;Fièvre élevée;MODÉRÉE;38.9;En cours;Médecin
ALT03088;M004814;PAT0117;2024-04-01 18:38:00;Douleur intense;MODÉRÉE;35.7;Traitée;Infirmier
ALT03089;M004815;PAT0158;2024-08-09 21:01:00;Hypertension critique;CRITIQUE;164;Traitée;Famille
ALT03090;M004816;PAT0113;2024-04-29 17:26:00;Hypertension modérée;MODÉRÉE;144;En cours;Famille
ALT03091;M004820;PAT0149;2024-03-15 15:14:00;Hypoxémie;CRITIQUE;38;Traitée;Médecin
ALT03092;M004824;PAT0034;2024-09-08 23:19:00;Fièvre élevée;MODÉRÉE;38.9;Traitée;Infirmier
ALT03093;M004825;PAT0081;2024-03-07 10:42:00;Douleur intense;MODÉRÉE;38.2;En cours;Médecin
ALT03094;M004826;PAT0015;2024-04-11 05:06:00;Douleur intense;MODÉRÉE;37.1;Traitée;Infirmier
ALT03095;M004828;PAT0127;2024-12-08 08:00:00;Douleur intense;MODÉRÉE;38.1;Traitée;Infirmier
ALT03096;M004829;PAT0038;2024-08-03 08:15:00;Douleur intense;MODÉRÉE;36.7;Traitée;Famille
ALT03097;M004830;PAT0036;2024-12-10 21:58:00;Hypertension modérée;MODÉRÉE;143;En cours;Médecin
ALT03098;M004833;PAT0145;2024-04-05 01:16:00;Douleur intense;MODÉRÉE;38.4;Traitée;Famille
ALT03099;M004834;PAT0189;2024-03-25 07:03:00;Fièvre élevée;MODÉRÉE;38.7;Traitée;Famille
ALT03100;M004835;PAT0006;2024-05-06 20:08:00;Hypertension critique;CRITIQUE;173;Traitée;Infirmier
ALT03101;M004838;PAT0163;2024-07-20 23:17:00;Fièvre élevée;CRITIQUE;39.2;Ignorée;Infirmier
ALT03102;M004839;PAT0055;2024-05-31 03:36:00;Fièvre élevée;MODÉRÉE;38.7;Traitée;Médecin
ALT03103;M004840;PAT0006;2024-10-20 14:35:00;Hypertension modérée;MODÉRÉE;145;Traitée;Infirmier
ALT03104;M004842;PAT0121;2024-01-26 05:18:00;Hyperglycémie;CRITIQUE;37.6;Traitée;Médecin
ALT03105;M004843;PAT0147;2024-07-04 16:47:00;Hypoxémie;CRITIQUE;36.5;Ignorée;Médecin
ALT03106;M004844;PAT0030;2024-04-24 09:13:00;Fièvre élevée;CRITIQUE;39.2;Traitée;Infirmier
ALT03107;M004845;PAT0132;2024-07-31 20:13:00;Hyperglycémie;CRITIQUE;35.8;Traitée;Infirmier
ALT03108;M004846;PAT0062;2024-08-18 17:47:00;Fièvre élevée;MODÉRÉE;38.6;Traitée;SAMU
ALT03109;M004847;PAT0121;2024-12-19 23:53:00;Douleur intense;MODÉRÉE;36;Traitée;Infirmier
ALT03110;M004848;PAT0047;2024-11-22 04:06:00;Fièvre élevée;CRITIQUE;39.4;En cours;Médecin
ALT03111;M004849;PAT0142;2024-04-21 14:40:00;Fièvre élevée;CRITIQUE;39.4;En cours;Infirmier
ALT03112;M004850;PAT0007;2024-11-26 23:01:00;Hypertension modérée;MODÉRÉE;144;En cours;Famille
ALT03113;M004851;PAT0104;2024-05-10 22:42:00;Fièvre élevée;CRITIQUE;39;En cours;Médecin
ALT03114;M004854;PAT0151;2024-04-09 12:36:00;Fièvre élevée;MODÉRÉE;38.7;En cours;Médecin
ALT03115;M004855;PAT0174;2024-10-06 21:14:00;Fièvre élevée;CRITIQUE;39.4;En cours;Médecin
ALT03116;M004856;PAT0040;2024-07-23 04:47:00;Douleur intense;MODÉRÉE;37.9;Traitée;Médecin
ALT03117;M004857;PAT0155;2024-06-09 05:30:00;Fièvre élevée;CRITIQUE;39.2;Traitée;Médecin
ALT03118;M004861;PAT0044;2024-08-05 09:42:00;Hypertension modérée;MODÉRÉE;142;En cours;Médecin
ALT03119;M004863;PAT0167;2024-11-28 13:12:00;Hypertension modérée;MODÉRÉE;151;En cours;Médecin
ALT03120;M004865;PAT0128;2024-07-16 05:11:00;Hypoxémie;CRITIQUE;37.1;Traitée;Infirmier
ALT03121;M004866;PAT0020;2024-06-27 05:42:00;Hypertension modérée;MODÉRÉE;140;Traitée;Médecin
ALT03122;M004867;PAT0007;2024-08-16 19:12:00;Douleur intense;MODÉRÉE;38.4;Ignorée;Médecin
ALT03123;M004870;PAT0037;2024-08-16 21:04:00;Fièvre élevée;MODÉRÉE;38.9;En cours;Médecin
ALT03124;M004871;PAT0136;2024-11-27 14:03:00;Hypoxémie;CRITIQUE;36.8;En cours;Médecin
ALT03125;M004873;PAT0027;2024-07-10 13:27:00;Fièvre élevée;CRITIQUE;39.3;Ignorée;Médecin
ALT03126;M004875;PAT0021;2024-04-04 12:41:00;Hypertension modérée;MODÉRÉE;140;Traitée;Infirmier
ALT03127;M004877;PAT0078;2024-01-31 10:00:00;Douleur intense;MODÉRÉE;37.2;Traitée;Médecin
ALT03128;M004880;PAT0057;2024-01-07 10:13:00;Fièvre élevée;MODÉRÉE;38.6;Traitée;Famille
ALT03129;M004881;PAT0182;2024-11-21 13:09:00;Hypertension critique;CRITIQUE;166;Traitée;Infirmier
ALT03130;M004882;PAT0091;2024-09-02 03:54:00;Fièvre élevée;MODÉRÉE;38.9;Traitée;Infirmier
ALT03131;M004884;PAT0164;2024-08-28 14:38:00;Hypertension critique;CRITIQUE;174;Traitée;Infirmier
ALT03132;M004887;PAT0116;2024-10-03 16:58:00;Tachycardie;MODÉRÉE;37.5;Traitée;Médecin
ALT03133;M004888;PAT0136;2024-10-02 21:27:00;Fièvre élevée;CRITIQUE;39.5;Traitée;SAMU
ALT03134;M004892;PAT0104;2024-11-07 20:53:00;Fièvre élevée;MODÉRÉE;38.8;Traitée;Médecin
ALT03135;M004894;PAT0096;2024-07-28 20:15:00;Hypertension critique;CRITIQUE;176;En cours;Médecin
ALT03136;M004896;PAT0071;2024-10-31 01:19:00;Hyperglycémie;CRITIQUE;37.2;En cours;SAMU
ALT03137;M004897;PAT0175;2024-02-03 10:06:00;Hypertension critique;CRITIQUE;165;Ignorée;Médecin
ALT03138;M004899;PAT0014;2024-09-13 13:43:00;Hypertension modérée;MODÉRÉE;142;Traitée;SAMU
ALT03139;M004900;PAT0079;2024-08-07 20:27:00;Fièvre élevée;CRITIQUE;39;Traitée;Infirmier
ALT03140;M004901;PAT0039;2024-05-22 05:00:00;Hypertension modérée;MODÉRÉE;141;Traitée;Médecin
ALT03141;M004902;PAT0190;2024-06-25 17:09:00;Douleur intense;MODÉRÉE;36.6;Ignorée;Famille
ALT03142;M004909;PAT0068;2024-05-22 08:34:00;Fièvre élevée;MODÉRÉE;38.7;Traitée;Famille
ALT03143;M004910;PAT0081;2024-06-22 15:25:00;Hyperglycémie;CRITIQUE;37.9;Traitée;Famille
ALT03144;M004911;PAT0054;2024-07-04 11:51:00;Fièvre élevée;CRITIQUE;39.4;Traitée;Médecin
ALT03145;M004912;PAT0130;2024-11-08 15:15:00;Hypertension modérée;MODÉRÉE;144;Traitée;Infirmier
ALT03146;M004914;PAT0124;2024-08-09 10:27:00;Hyperglycémie;CRITIQUE;36.2;Traitée;Médecin
ALT03147;M004915;PAT0004;2024-05-12 22:20:00;Fièvre élevée;MODÉRÉE;38.6;Ignorée;SAMU
ALT03148;M004916;PAT0044;2024-05-29 01:30:00;Fièvre élevée;MODÉRÉE;38.9;En cours;Famille
ALT03149;M004917;PAT0089;2024-04-02 18:12:00;Fièvre élevée;CRITIQUE;39;Ignorée;Infirmier
ALT03150;M004918;PAT0041;2024-07-03 16:29:00;Hypoxémie;CRITIQUE;38.4;Traitée;Famille
ALT03151;M004919;PAT0035;2024-03-10 13:09:00;Fièvre élevée;MODÉRÉE;38.5;Traitée;Médecin
ALT03152;M004920;PAT0096;2024-02-02 02:23:00;Hypertension modérée;MODÉRÉE;158;Traitée;Infirmier
ALT03153;M004921;PAT0056;2024-02-18 09:59:00;Fièvre élevée;CRITIQUE;39.3;Ignorée;Infirmier
ALT03154;M004923;PAT0138;2024-09-25 00:55:00;Fièvre élevée;MODÉRÉE;38.7;En cours;Famille
ALT03155;M004924;PAT0150;2024-02-08 05:45:00;Douleur intense;MODÉRÉE;36.1;Traitée;Famille
ALT03156;M004925;PAT0100;2024-06-18 14:44:00;Fièvre élevée;MODÉRÉE;38.5;Traitée;Infirmier
ALT03157;M004929;PAT0012;2024-08-09 18:37:00;Fièvre élevée;MODÉRÉE;38.7;En cours;Infirmier
ALT03158;M004932;PAT0193;2024-08-03 20:12:00;Tachycardie;MODÉRÉE;38;En cours;Médecin
ALT03159;M004934;PAT0082;2024-09-27 17:39:00;Hypertension modérée;MODÉRÉE;143;En cours;Médecin
ALT03160;M004935;PAT0132;2024-09-22 12:48:00;Hyperglycémie;CRITIQUE;35.6;Traitée;Infirmier
ALT03161;M004936;PAT0073;2024-03-30 06:45:00;Douleur intense;MODÉRÉE;37.1;Traitée;Médecin
ALT03162;M004937;PAT0167;2024-10-12 21:32:00;Hypertension critique;CRITIQUE;167;Traitée;Infirmier
ALT03163;M004938;PAT0035;2024-04-11 05:27:00;Fièvre élevée;MODÉRÉE;38.9;Traitée;Infirmier
ALT03164;M004940;PAT0132;2024-12-23 07:02:00;Fièvre élevée;MODÉRÉE;38.6;Traitée;SAMU
ALT03165;M004941;PAT0097;2024-05-13 05:07:00;Hypertension modérée;MODÉRÉE;149;Ignorée;Médecin
ALT03166;M004943;PAT0099;2024-12-20 14:19:00;Tachycardie;MODÉRÉE;37.1;Traitée;Infirmier
ALT03167;M004944;PAT0019;2024-02-28 14:50:00;Fièvre élevée;MODÉRÉE;38.5;Traitée;Médecin
ALT03168;M004946;PAT0007;2024-02-29 12:22:00;Douleur intense;MODÉRÉE;36;Traitée;Médecin
ALT03169;M004947;PAT0027;2024-06-25 07:06:00;Fièvre élevée;CRITIQUE;39.2;En cours;Médecin
ALT03170;M004950;PAT0153;2024-02-08 08:24:00;Douleur intense;MODÉRÉE;38;Traitée;Famille
ALT03171;M004951;PAT0120;2024-09-08 05:02:00;Hypertension modérée;MODÉRÉE;157;En cours;Famille
ALT03172;M004952;PAT0002;2024-04-14 22:43:00;Fièvre élevée;CRITIQUE;39;Traitée;Médecin
ALT03173;M004957;PAT0107;2024-05-01 18:03:00;Hypoxémie;CRITIQUE;36.4;Traitée;Médecin
ALT03174;M004960;PAT0166;2024-07-19 11:00:00;Fièvre élevée;CRITIQUE;39.4;Traitée;Famille
ALT03175;M004961;PAT0095;2024-07-03 16:45:00;Hypertension modérée;MODÉRÉE;141;Ignorée;Famille
ALT03176;M004962;PAT0165;2024-02-20 16:06:00;Fièvre élevée;MODÉRÉE;38.6;En cours;Infirmier
ALT03177;M004963;PAT0025;2024-06-27 03:38:00;Hypertension critique;CRITIQUE;177;En cours;SAMU
ALT03178;M004964;PAT0029;2024-06-27 01:29:00;Fièvre élevée;CRITIQUE;39.4;En cours;Médecin
ALT03179;M004965;PAT0100;2024-08-24 15:40:00;Hypertension modérée;MODÉRÉE;143;Traitée;Infirmier
ALT03180;M004966;PAT0041;2024-12-10 20:58:00;Hypertension modérée;MODÉRÉE;140;Traitée;SAMU
ALT03181;M004967;PAT0111;2024-10-02 23:55:00;Douleur intense;MODÉRÉE;38;En cours;Infirmier
ALT03182;M004968;PAT0003;2024-01-02 08:54:00;Fièvre élevée;CRITIQUE;39.4;Traitée;Infirmier
ALT03183;M004969;PAT0099;2024-06-22 07:18:00;Hypoxémie;CRITIQUE;37.5;Traitée;Famille
ALT03184;M004970;PAT0185;2024-08-28 03:43:00;Fièvre élevée;CRITIQUE;39.1;Traitée;SAMU
ALT03185;M004971;PAT0076;2024-07-07 11:00:00;Fièvre élevée;CRITIQUE;39.3;En cours;Infirmier
ALT03186;M004972;PAT0110;2024-06-28 09:30:00;Hypertension modérée;MODÉRÉE;140;Ignorée;SAMU
ALT03187;M004974;PAT0041;2024-01-30 20:33:00;Hypoxémie;CRITIQUE;36;Traitée;Famille
ALT03188;M004975;PAT0051;2024-08-13 09:07:00;Hypertension modérée;MODÉRÉE;144;Traitée;Infirmier
ALT03189;M004977;PAT0140;2024-10-21 11:19:00;Fièvre élevée;CRITIQUE;39.2;Traitée;Infirmier
ALT03190;M004980;PAT0140;2024-10-26 13:41:00;Hypertension modérée;MODÉRÉE;140;Traitée;Infirmier
ALT03191;M004981;PAT0098;2024-05-22 23:26:00;Fièvre élevée;MODÉRÉE;38.8;En cours;Infirmier
ALT03192;M004982;PAT0098;2024-01-25 17:16:00;Fièvre élevée;CRITIQUE;39.2;Traitée;Famille
ALT03193;M004984;PAT0132;2024-01-05 04:33:00;Douleur intense;MODÉRÉE;36.9;Traitée;Infirmier
ALT03194;M004985;PAT0174;2024-06-14 21:21:00;Hypoxémie;CRITIQUE;36.1;Ignorée;Médecin
ALT03195;M004986;PAT0139;2024-06-21 18:07:00;Hypertension modérée;MODÉRÉE;140;Traitée;Infirmier
ALT03196;M004987;PAT0010;2024-04-05 16:54:00;Hyperglycémie;CRITIQUE;36.3;Traitée;Médecin
ALT03197;M004988;PAT0050;2024-08-09 15:14:00;Fièvre élevée;CRITIQUE;39.1;En cours;Médecin
ALT03198;M004989;PAT0144;2024-05-28 00:06:00;Fièvre élevée;MODÉRÉE;38.5;Traitée;Infirmier
ALT03199;M004990;PAT0179;2024-02-03 18:55:00;Hypertension modérée;MODÉRÉE;158;En cours;Famille
ALT03200;M004991;PAT0149;2024-11-04 11:31:00;Hypoxémie;CRITIQUE;36.7;En cours;Médecin
ALT03201;M004993;PAT0165;2024-02-29 22:59:00;Douleur intense;MODÉRÉE;38;En cours;Famille
ALT03202;M004994;PAT0081;2024-08-24 19:10:00;Hyperglycémie;CRITIQUE;37.8;Traitée;SAMU
ALT03203;M004995;PAT0056;2024-05-15 07:31:00;Fièvre élevée;MODÉRÉE;38.5;En cours;Médecin
ALT03204;M004996;PAT0171;2024-06-16 13:25:00;Fièvre élevée;MODÉRÉE;38.6;En cours;Famille
ALT03205;M004997;PAT0017;2024-06-06 06:01:00;Fièvre élevée;CRITIQUE;39.1;Traitée;Famille
ALT03206;M004998;PAT0200;2024-07-15 22:35:00;Hypertension modérée;MODÉRÉE;140;En cours;Infirmier