mesure_id;patient_id;timestamp;date;heure;temperature_C;tension_systolique_mmHg;tension_diastolique_mmHg;frequence_cardiaque_bpm;spo2_pct;frequence_respiratoire_rpm;glycemie_g_L;poids_kg;imc;activite_physique_steps;duree_sommeil_h;score_douleur_0_10;capteur_id;qualite_signal
M000001;PAT0141;2024-09-27 19:27:00;2024-09-27;19:27:00;39.4;113;87;84;96;16;0.82;96.1;30.8;7332;7.8;4;CAPT046;Bonne
M000002;PAT0080;2024-12-09 20:23:00;2024-12-09;20:23:00;37.3;113;85;93;88;24;0.98;73.5;20.1;1065;4.6;8;CAPT022;Bonne
M000003;PAT0006;2024-04-27 18:14:00;2024-04-27;18:14:00;35.5;142;91;94;99;14;1.11;83.9;19;7804;3.5;5;CAPT003;Bonne
M000004;PAT0085;2024-05-01 08:42:00;2024-05-01;08:42:00;37.4;114;60;79;94;12;0.75;74.7;30.3;3054;9.2;6;CAPT037;Bonne
M000005;PAT0122;2024-08-30 13:12:00;2024-08-30;13:12:00;35.9;139;67;93;96;17;0.87;81.2;24;5765;5.9;2;CAPT047;Bonne
M000006;PAT0014;2024-11-26 03:03:00;2024-11-26;03:03:00;37.1;107;69;69;98;12;2.75;63.7;32.6;2035;4.7;6;CAPT013;Bonne
M000007;PAT0138;2024-08-04 05:17:00;2024-08-04;05:17:00;37.4;128;65;87;98;16;1.01;93.1;19.3;7578;8.7;6;CAPT036;Bonne
M000008;PAT0026;2024-10-03 00:05:00;2024-10-03;00:05:00;39.2;103;81;56;95;16;0.74;91.7;20.8;5754;6.4;9;CAPT014;Bonne
M000009;PAT0103;2024-03-25 12:00:00;2024-03-25;12:00:00;39.4;137;72;120;94;15;1.33;59.6;31.3;5996;6.2;7;CAPT028;Bonne
M000010;PAT0179;2024-10-11 21:45:00;2024-10-11;21:45:00;37.4;149;92;59;98;15;1.37;55.4;21.7;2891;3.4;1;CAPT048;Bonne
M000011;PAT0139;2024-06-09 01:03:00;2024-06-09;01:03:00;37.8;170;88;80;96;22;0.74;72.7;32.5;2116;4.1;3;CAPT033;Bonne
M000012;PAT0021;2024-02-05 19:04:00;2024-02-05;19:04:00;38.2;109;67;92;99;19;1.3;57.9;20;6166;9.2;9;CAPT016;Mauvaise
M000013;PAT0149;2024-11-13 02:26:00;2024-11-13;02:26:00;38.1;111;85;102;95;13;1.12;76.1;23.4;984;4.8;0;CAPT043;Bonne
M000014;PAT0184;2024-05-15 12:08:00;2024-05-15;12:08:00;38.2;142;71;98;97;15;0.92;61.5;23.4;7300;8.3;7;CAPT005;Bonne
M000015;PAT0003;2024-10-15 03:04:00;2024-10-15;03:04:00;37.7;141;76;82;95;20;2.25;72.8;20.3;5109;5.4;2;CAPT005;Moyenne
M000016;PAT0063;2024-03-21 14:53:00;2024-03-21;14:53:00;37.7;139;68;76;96;18;0.96;61.6;34.7;1792;8.6;4;CAPT034;Mauvaise
M000017;PAT0003;2024-10-10 09:59:00;2024-10-10;09:59:00;38.2;135;81;77;94;12;2.74;96.6;20.3;1854;3.8;5;CAPT007;Bonne
M000018;PAT0191;2024-05-19 09:38:00;2024-05-19;09:38:00;36.3;139;74;75;94;16;1.09;63.9;29.7;7304;9;9;CAPT033;Moyenne
M000019;PAT0126;2024-01-27 02:40:00;2024-01-27;02:40:00;37.2;125;68;89;97;20;0.88;60.2;18.1;1625;8.4;5;CAPT041;Bonne
M000020;PAT0068;2024-08-14 17:45:00;2024-08-14;17:45:00;37.2;117;86;88;96;12;0.81;45.5;19.3;6783;9.2;2;CAPT010;Bonne
M000021;PAT0140;2024-07-08 18:35:00;2024-07-08;18:35:00;36.1;124;66;60;98;19;0.73;52;23.2;5280;9.3;0;CAPT003;Moyenne
M000022;PAT0092;2024-05-07 21:06:00;2024-05-07;21:06:00;36.9;142;81;80;97;13;0.85;75.8;32.9;5588;9.8;0;CAPT048;Bonne
M000023;PAT0040;2024-05-01 05:51:00;2024-05-01;05:51:00;38.7;119;68;74;99;17;1.35;93.5;18.4;6619;8.2;7;CAPT022;Bonne
M000024;PAT0106;2024-05-07 08:10:00;2024-05-07;08:10:00;38.6;100;72;84;96;22;3.05;50.9;32.8;951;9;2;CAPT015;Bonne
M000025;PAT0052;2024-08-23 11:19:00;2024-08-23;11:19:00;38.8;129;88;99;98;19;1.27;92.9;21.8;7186;7.6;1;CAPT026;Bonne
M000026;PAT0085;2024-02-05 08:22:00;2024-02-05;08:22:00;38.1;101;81;82;94;13;0.9;67;34.7;3293;6.8;5;CAPT002;Moyenne
M000027;PAT0030;2024-05-13 05:37:00;2024-05-13;05:37:00;39.4;138;85;62;98;18;1.31;59.6;19.8;7810;6;9;CAPT047;Bonne
M000028;PAT0081;2024-09-18 03:24:00;2024-09-18;03:24:00;39.1;133;87;87;97;13;2.2;55.5;18.8;3462;6.1;7;CAPT034;Bonne
M000029;PAT0138;2024-12-09 06:23:00;2024-12-09;06:23:00;37.2;102;83;77;96;24;1.18;97.2;33.7;327;7.4;5;CAPT043;Bonne
M000030;PAT0032;2024-06-02 16:19:00;2024-06-02;16:19:00;38.2;136;62;87;97;19;1.2;62.9;29.9;7585;6.9;2;CAPT013;Bonne
M000031;PAT0108;2024-07-13 21:47:00;2024-07-13;21:47:00;39.1;113;83;97;97;15;1.17;78.9;23.1;164;6.8;5;CAPT001;Bonne
M000032;PAT0078;2024-08-08 18:38:00;2024-08-08;18:38:00;38.1;130;82;72;95;18;1.86;70.6;25.5;7840;4.5;6;CAPT031;Moyenne
M000033;PAT0189;2024-02-13 09:32:00;2024-02-13;09:32:00;38.2;118;63;83;97;13;1.59;79.1;19.6;513;9.7;0;CAPT016;Moyenne
M000034;PAT0173;2024-04-11 04:01:00;2024-04-11;04:01:00;35.7;119;70;91;90;18;0.92;99.1;28.4;3190;8.4;3;CAPT030;Bonne
M000035;PAT0107;2024-10-21 06:45:00;2024-10-21;06:45:00;38.3;137;89;98;89;16;1.32;72.2;22.1;7083;7.6;2;CAPT001;Mauvaise
M000036;PAT0193;2024-02-24 13:14:00;2024-02-24;13:14:00;36.2;121;71;113;88;21;1.3;97.7;26.8;7325;3.4;7;CAPT016;Mauvaise
M000037;PAT0032;2024-08-25 21:33:00;2024-08-25;21:33:00;39.5;122;76;71;99;20;1.02;77.7;34.2;2599;9.2;1;CAPT040;Bonne
M000038;PAT0185;2024-08-06 17:28:00;2024-08-06;17:28:00;39.1;138;68;76;96;15;1.32;85.9;26.1;6809;4.8;9;CAPT016;Mauvaise
M000039;PAT0164;2024-09-23 15:40:00;2024-09-23;15:40:00;36.5;168;107;91;96;17;0.89;69.2;30.1;7313;4.6;4;CAPT022;Moyenne
M000040;PAT0082;2024-02-11 04:09:00;2024-02-11;04:09:00;36.4;175;90;88;94;16;1.33;83.2;30;7320;3.4;5;CAPT027;Moyenne
M000041;PAT0085;2024-07-31 01:13:00;2024-07-31;01:13:00;38.8;122;80;96;99;16;1.08;66.4;31.1;2074;9.6;8;CAPT002;Bonne
M000042;PAT0196;2024-09-01 00:22:00;2024-09-01;00:22:00;36.7;126;67;88;97;24;1.1;66.4;33.2;6136;8.9;4;CAPT035;Bonne
M000043;PAT0192;2024-11-04 07:31:00;2024-11-04;07:31:00;36.4;144;76;80;98;23;1.21;69;18.5;4797;5.4;9;CAPT044;Bonne
M000044;PAT0104;2024-08-27 04:39:00;2024-08-27;04:39:00;37.6;136;106;97;94;14;1.21;94.9;28.1;4788;7.6;3;CAPT006;Moyenne
M000045;PAT0165;2024-08-24 05:03:00;2024-08-24;05:03:00;36.5;128;80;65;96;15;1;63;25.7;1136;5.4;6;CAPT025;Bonne
M000046;PAT0072;2024-08-03 08:53:00;2024-08-03;08:53:00;35.8;133;82;78;99;17;1.23;46.1;27.2;6212;10;7;CAPT023;Bonne
M000047;PAT0058;2024-11-29 01:48:00;2024-11-29;01:48:00;35.6;135;74;74;96;14;1.16;58.6;32.3;7411;7.3;0;CAPT016;Bonne
M000048;PAT0033;2024-02-28 18:13:00;2024-02-28;18:13:00;37.4;179;95;88;94;21;1.03;59.1;24.3;7617;7.2;4;CAPT048;Bonne
M000049;PAT0184;2024-03-24 09:06:00;2024-03-24;09:06:00;37.8;139;76;55;94;24;0.78;96.1;27.8;938;9.4;7;CAPT025;Bonne
M000050;PAT0102;2024-04-11 02:37:00;2024-04-11;02:37:00;38.3;138;62;57;95;16;1.36;79.5;19.7;4203;8.4;2;CAPT044;Bonne
M000051;PAT0154;2024-10-16 01:22:00;2024-10-16;01:22:00;37.6;133;71;73;98;23;1.26;81.4;19.2;4090;7.5;0;CAPT001;Bonne
M000052;PAT0108;2024-02-24 13:23:00;2024-02-24;13:23:00;38;109;84;66;99;19;1.28;90.6;30;338;6;7;CAPT047;Bonne
M000053;PAT0134;2024-05-18 19:51:00;2024-05-18;19:51:00;39.2;116;82;91;99;17;3.42;87.6;25.9;5319;8.8;8;CAPT038;Mauvaise
M000054;PAT0069;2024-05-05 02:17:00;2024-05-05;02:17:00;39;111;74;80;94;24;0.93;58.4;25.9;5657;7.3;9;CAPT025;Bonne
M000055;PAT0087;2024-06-15 05:31:00;2024-06-15;05:31:00;36.3;116;82;80;98;17;1.27;88.9;23.8;4345;9.2;6;CAPT045;Bonne
M000056;PAT0071;2024-09-21 06:05:00;2024-09-21;06:05:00;36.5;106;68;62;95;22;2.48;67.4;27.4;4822;4.7;1;CAPT031;Moyenne
M000057;PAT0166;2024-08-17 00:05:00;2024-08-17;00:05:00;36.7;173;87;72;96;21;1.2;67.2;22.1;614;7.6;0;CAPT024;Bonne
M000058;PAT0122;2024-06-25 13:47:00;2024-06-25;13:47:00;37.7;123;62;98;97;24;1.09;64.3;25.7;5217;5.1;2;CAPT015;Bonne
M000059;PAT0031;2024-06-10 03:47:00;2024-06-10;03:47:00;37.6;139;85;77;97;18;1.2;86.9;21.1;7694;4.5;7;CAPT031;Bonne
M000060;PAT0071;2024-09-25 19:18:00;2024-09-25;19:18:00;39.4;128;81;79;98;13;2.87;90.8;23;7328;5.5;9;CAPT020;Moyenne
M000061;PAT0004;2024-03-05 08:02:00;2024-03-05;08:02:00;39.4;101;82;89;95;13;1.2;75.4;29.9;2461;3.9;6;CAPT049;Bonne
M000062;PAT0126;2024-01-07 18:18:00;2024-01-07;18:18:00;37.4;117;62;93;99;15;0.77;69.2;21.1;4124;3.4;0;CAPT031;Bonne
M000063;PAT0030;2024-07-24 15:04:00;2024-07-24;15:04:00;37.8;178;109;70;97;20;1.28;82.8;20.6;4361;8.7;8;CAPT020;Bonne
M000064;PAT0022;2024-03-01 17:48:00;2024-03-01;17:48:00;37.2;154;89;55;99;12;1.4;77.8;28.5;2050;8.4;7;CAPT025;Bonne
M000065;PAT0116;2024-06-01 18:27:00;2024-06-01;18:27:00;36.7;103;77;126;88;12;1.34;79.2;28.4;7092;8.2;8;CAPT049;Bonne
M000066;PAT0054;2024-05-15 21:05:00;2024-05-15;21:05:00;36.1;123;63;66;96;21;1.14;54.6;19.3;1828;3;4;CAPT029;Bonne
M000067;PAT0177;2024-05-29 01:14:00;2024-05-29;01:14:00;36.7;105;66;78;96;24;1.12;60.5;32.6;6369;3.5;8;CAPT015;Moyenne
M000068;PAT0068;2024-11-16 18:42:00;2024-11-16;18:42:00;38.7;103;86;62;97;24;1.25;55.9;20;7742;4.6;5;CAPT010;Bonne
M000069;PAT0069;2024-02-06 01:10:00;2024-02-06;01:10:00;38.7;144;73;64;96;13;1.28;77.7;32;824;9.4;9;CAPT029;Bonne
M000070;PAT0032;2024-06-04 22:25:00;2024-06-04;22:25:00;39.3;102;83;60;98;16;1.03;72.5;26.4;53;3.6;6;CAPT003;Moyenne
M000071;PAT0111;2024-11-05 08:01:00;2024-11-05;08:01:00;35.9;134;79;96;96;13;1.21;97.9;32.2;849;7;0;CAPT002;Bonne
M000072;PAT0196;2024-05-17 18:02:00;2024-05-17;18:02:00;38.6;131;62;92;98;19;1.17;54.6;26.8;892;6.1;8;CAPT018;Bonne
M000073;PAT0047;2024-08-11 20:52:00;2024-08-11;20:52:00;37.5;148;89;88;96;20;1.4;50;23.9;5047;5.3;2;CAPT043;Bonne
M000074;PAT0027;2024-06-17 13:44:00;2024-06-17;13:44:00;37.5;128;68;57;94;13;3.17;81.4;24.8;1355;8.3;9;CAPT003;Moyenne
M000075;PAT0117;2024-05-09 10:07:00;2024-05-09;10:07:00;39.4;139;84;59;96;22;1.4;67.2;26.7;7393;9.9;7;CAPT043;Bonne
M000076;PAT0139;2024-01-28 06:33:00;2024-01-28;06:33:00;36.9;172;92;59;95;13;1.02;86.6;28.6;4549;8.3;4;CAPT014;Bonne
M000077;PAT0069;2024-05-27 14:56:00;2024-05-27;14:56:00;38.3;112;87;59;98;12;1.08;51.7;34.5;5233;7.3;7;CAPT016;Moyenne
M000078;PAT0182;2024-10-09 00:35:00;2024-10-09;00:35:00;37.1;163;103;57;95;19;0.81;57.4;32.3;3930;3.8;0;CAPT008;Moyenne
M000079;PAT0166;2024-09-12 22:18:00;2024-09-12;22:18:00;37.5;153;100;94;97;12;1.28;60;32.2;6714;9.9;8;CAPT016;Bonne
M000080;PAT0117;2024-07-15 06:58:00;2024-07-15;06:58:00;37.9;144;84;96;97;22;2.47;86;20.3;2469;3.5;6;CAPT050;Moyenne
M000081;PAT0107;2024-09-16 08:52:00;2024-09-16;08:52:00;35.5;144;85;120;94;21;0.94;84.9;32.2;7561;7.1;4;CAPT043;Moyenne
M000082;PAT0126;2024-08-16 17:30:00;2024-08-16;17:30:00;36.9;130;77;90;95;24;1.31;75.4;27.2;2012;6.2;6;CAPT021;Bonne
M000083;PAT0049;2024-05-02 18:24:00;2024-05-02;18:24:00;36.4;112;73;81;94;20;1.39;87.7;18.7;2064;8.2;7;CAPT046;Bonne
M000084;PAT0098;2024-12-05 20:09:00;2024-12-05;20:09:00;37.5;123;72;89;99;14;0.97;47;26.5;6557;7.1;6;CAPT007;Bonne
M000085;PAT0113;2024-08-21 00:46:00;2024-08-21;00:46:00;36.1;131;61;82;97;16;0.77;92.9;34.5;5084;3.5;5;CAPT017;Mauvaise
M000086;PAT0087;2024-07-22 20:05:00;2024-07-22;20:05:00;38.9;131;63;58;96;12;2.63;91.9;32.6;6667;5.7;5;CAPT021;Moyenne
M000087;PAT0161;2024-09-06 17:02:00;2024-09-06;17:02:00;38;100;81;80;96;13;1.2;57.9;29.6;2353;5;3;CAPT015;Bonne
M000088;PAT0192;2024-02-20 20:45:00;2024-02-20;20:45:00;39;111;66;83;96;12;0.76;69.4;29.8;7813;9.3;2;CAPT003;Bonne
M000089;PAT0084;2024-05-30 11:23:00;2024-05-30;11:23:00;37.2;122;85;88;99;13;1.26;58.4;25;3356;7.8;3;CAPT012;Bonne
M000090;PAT0044;2024-11-08 12:39:00;2024-11-08;12:39:00;38.2;112;68;128;94;18;0.82;72.4;27.9;2844;4.6;3;CAPT041;Moyenne
M000091;PAT0066;2024-12-07 00:57:00;2024-12-07;00:57:00;38.7;113;79;76;96;22;1.02;94.6;29.5;3778;4.1;0;CAPT029;Mauvaise
M000092;PAT0089;2024-06-02 20:27:00;2024-06-02;20:27:00;38.3;127;88;75;98;22;1.39;70.1;23.1;4179;10;5;CAPT031;Moyenne
M000093;PAT0028;2024-10-19 11:36:00;2024-10-19;11:36:00;36.7;104;62;55;95;23;0.87;83.5;18.4;933;8.8;1;CAPT026;Bonne
M000094;PAT0071;2024-12-17 23:03:00;2024-12-17;23:03:00;39.1;124;83;66;95;23;1.22;86;32.2;2255;9.3;7;CAPT050;Bonne
M000095;PAT0059;2024-06-29 07:40:00;2024-06-29;07:40:00;36.3;124;76;83;98;19;1.12;58.8;30.8;590;8.4;1;CAPT044;Moyenne
M000096;PAT0036;2024-11-17 20:02:00;2024-11-17;20:02:00;36.7;102;88;98;98;19;1.14;69.2;27.9;3899;8.1;9;CAPT006;Bonne
M000097;PAT0076;2024-07-31 05:12:00;2024-07-31;05:12:00;36;114;84;84;99;18;0.93;74.7;34.5;3344;6.7;3;CAPT018;Bonne
M000098;PAT0043;2024-09-03 09:47:00;2024-09-03;09:47:00;39;137;75;76;99;16;1.79;89.2;26;116;3.5;1;CAPT049;Moyenne
M000099;PAT0058;2024-12-11 12:54:00;2024-12-11;12:54:00;38.7;110;72;71;98;13;1.3;65.1;31.4;2013;3.1;1;CAPT035;Bonne
M000100;PAT0032;2024-12-10 23:43:00;2024-12-10;23:43:00;36.5;130;65;86;96;24;1.02;66;28.9;728;5.6;0;CAPT044;Mauvaise
M000101;PAT0060;2024-11-13 17:20:00;2024-11-13;17:20:00;39.2;140;67;65;99;14;2.28;57.2;19.1;5207;8.8;8;CAPT045;Bonne
M000102;PAT0078;2024-02-29 04:02:00;2024-02-29;04:02:00;39.3;131;74;70;99;17;2.69;61.7;26.4;6235;3.7;3;CAPT035;Bonne
M000103;PAT0035;2024-07-08 21:47:00;2024-07-08;21:47:00;38.3;139;77;87;95;12;0.97;74.7;28;2848;8.1;8;CAPT027;Bonne
M000104;PAT0168;2024-09-07 19:26:00;2024-09-07;19:26:00;39.3;132;72;80;99;18;0.77;60.4;29.7;2241;4.5;5;CAPT029;Bonne
M000105;PAT0061;2024-02-20 21:23:00;2024-02-20;21:23:00;37.7;114;61;96;97;12;3.17;98.8;24.1;1895;5.8;2;CAPT013;Moyenne
M000106;PAT0032;2024-08-20 02:42:00;2024-08-20;02:42:00;36.3;108;65;63;94;13;1.36;80.2;34.5;715;3.4;7;CAPT022;Mauvaise
M000107;PAT0063;2024-10-16 06:04:00;2024-10-16;06:04:00;38.8;127;89;74;99;22;1.39;75.5;28;2430;8.7;6;CAPT015;Bonne
M000108;PAT0085;2024-11-01 00:17:00;2024-11-01;00:17:00;38.9;115;63;60;95;17;1.24;53;20.2;409;4.8;2;CAPT012;Bonne
M000109;PAT0029;2024-01-14 04:00:00;2024-01-14;04:00:00;36.9;141;73;65;95;17;1.16;88.4;28;7179;3.1;6;CAPT017;Bonne
M000110;PAT0014;2024-08-03 16:07:00;2024-08-03;16:07:00;38.5;124;72;73;99;15;1.49;71.2;31.2;4780;6.6;7;CAPT007;Moyenne
M000111;PAT0116;2024-11-10 01:46:00;2024-11-10;01:46:00;38.6;131;78;107;93;13;1.05;92.7;26.9;7890;6.2;5;CAPT002;Bonne
M000112;PAT0016;2024-07-24 13:43:00;2024-07-24;13:43:00;35.9;140;86;57;97;21;1.4;84.2;25.5;754;9.3;2;CAPT021;Bonne
M000113;PAT0156;2024-03-05 08:39:00;2024-03-05;08:39:00;38;114;60;61;97;12;0.8;75.2;23.5;7005;10;4;CAPT034;Moyenne
M000114;PAT0076;2024-11-05 13:06:00;2024-11-05;13:06:00;38.7;123;79;91;97;23;1.02;51.3;29.1;1387;9.1;3;CAPT036;Bonne
M000115;PAT0185;2024-08-08 14:56:00;2024-08-08;14:56:00;36.4;131;68;90;95;16;1.31;63.6;25.7;7009;5.9;3;CAPT007;Moyenne
M000116;PAT0081;2024-12-06 08:23:00;2024-12-06;08:23:00;39.3;133;63;60;95;14;2.18;82.8;26.1;1394;3.6;9;CAPT006;Mauvaise
M000117;PAT0024;2024-07-09 04:35:00;2024-07-09;04:35:00;35.7;111;62;99;95;19;2.19;97.6;27.5;6164;7.7;0;CAPT027;Bonne
M000118;PAT0091;2024-08-04 23:03:00;2024-08-04;23:03:00;39.4;107;63;84;95;23;1.31;78;24;525;7;1;CAPT014;Bonne
M000119;PAT0040;2024-04-24 03:22:00;2024-04-24;03:22:00;38.9;104;65;99;94;17;1.16;65.2;31;5947;7;7;CAPT028;Bonne
M000120;PAT0144;2024-11-14 19:43:00;2024-11-14;19:43:00;38.1;119;61;93;99;12;3.44;46.4;33.8;2938;8.8;8;CAPT018;Mauvaise
M000121;PAT0008;2024-12-25 09:58:00;2024-12-25;09:58:00;36.9;101;62;126;92;12;0.83;45.3;32.8;5543;7;7;CAPT026;Bonne
M000122;PAT0018;2024-11-20 00:05:00;2024-11-20;00:05:00;38.5;122;74;85;96;21;0.8;56.8;25.1;3778;5.4;5;CAPT024;Bonne
M000123;PAT0080;2024-10-17 19:05:00;2024-10-17;19:05:00;39;109;88;99;91;20;1.21;53.6;30.8;1280;3.3;4;CAPT006;Bonne
M000124;PAT0070;2024-08-05 15:38:00;2024-08-05;15:38:00;37.3;142;71;55;94;17;2.22;60;30.8;6099;3.8;8;CAPT028;Bonne
M000125;PAT0029;2024-12-13 18:31:00;2024-12-13;18:31:00;37.6;136;71;91;94;12;0.9;62;21.7;1655;9.9;7;CAPT004;Bonne
M000126;PAT0002;2024-04-18 04:48:00;2024-04-18;04:48:00;36.5;114;65;98;96;24;0.84;63;18.1;1939;8.2;1;CAPT012;Mauvaise
M000127;PAT0034;2024-12-26 07:32:00;2024-12-26;07:32:00;37.7;108;64;74;95;24;0.97;81.7;24;7168;5.8;6;CAPT048;Bonne
M000128;PAT0011;2024-08-23 02:55:00;2024-08-23;02:55:00;36.8;136;80;59;94;12;1.01;68.6;24.9;6834;7.5;9;CAPT019;Bonne
M000129;PAT0030;2024-06-15 05:51:00;2024-06-15;05:51:00;39.3;158;95;88;94;13;0.98;70.3;29.7;3868;5.5;8;CAPT028;Bonne
M000130;PAT0028;2024-10-28 12:33:00;2024-10-28;12:33:00;35.8;142;77;77;97;17;0.87;92.9;30.7;3923;4.6;6;CAPT050;Bonne
M000131;PAT0044;2024-11-20 03:33:00;2024-11-20;03:33:00;37.5;144;79;105;89;21;0.75;94.8;23.9;891;8.1;6;CAPT042;Bonne
M000132;PAT0038;2024-03-15 08:12:00;2024-03-15;08:12:00;36.2;120;60;62;98;17;0.87;53.4;30.9;4612;3.5;5;CAPT050;Bonne
M000133;PAT0161;2024-10-15 18:28:00;2024-10-15;18:28:00;38.2;100;82;80;96;21;1.05;93.5;28.9;3485;9.9;1;CAPT021;Bonne
M000134;PAT0161;2024-08-13 02:30:00;2024-08-13;02:30:00;37.3;125;67;94;94;23;0.92;61.7;22.7;986;3.4;7;CAPT033;Moyenne
M000135;PAT0019;2024-08-19 01:03:00;2024-08-19;01:03:00;37;138;85;55;96;16;0.92;60.8;29;1327;9.8;4;CAPT006;Bonne
M000136;PAT0158;2024-07-15 14:37:00;2024-07-15;14:37:00;37.7;162;86;60;94;12;1.12;88.5;33.2;7848;6.1;8;CAPT037;Moyenne
M000137;PAT0167;2024-11-05 15:32:00;2024-11-05;15:32:00;36.1;143;105;67;94;22;0.83;48.4;19.8;1347;9.3;1;CAPT022;Bonne
M000138;PAT0183;2024-11-26 05:02:00;2024-11-26;05:02:00;36.5;103;65;73;99;13;0.76;69.1;25.5;7761;6.7;8;CAPT011;Bonne
M000139;PAT0094;2024-05-24 12:26:00;2024-05-24;12:26:00;38.6;144;70;90;95;17;0.96;82.3;18.9;454;7.4;8;CAPT022;Bonne
M000140;PAT0017;2024-10-12 21:24:00;2024-10-12;21:24:00;36.6;100;71;61;98;14;0.93;84.8;29.2;2875;9.3;8;CAPT010;Bonne
M000141;PAT0086;2024-12-05 04:58:00;2024-12-05;04:58:00;36.9;131;76;89;97;17;0.76;98.2;29.9;6105;5.7;2;CAPT039;Bonne
M000142;PAT0182;2024-06-07 17:24:00;2024-06-07;17:24:00;38.1;148;94;56;99;20;1.36;63.1;20.2;1026;7.9;4;CAPT048;Moyenne
M000143;PAT0176;2024-02-17 20:42:00;2024-02-17;20:42:00;37.2;101;65;82;98;24;1.34;64.9;24.2;1177;4.3;8;CAPT014;Bonne
M000144;PAT0088;2024-09-05 06:14:00;2024-09-05;06:14:00;39.5;168;100;91;97;15;1.36;53.5;23;2830;8.5;6;CAPT033;Moyenne
M000145;PAT0198;2024-09-26 01:42:00;2024-09-26;01:42:00;36.8;143;86;97;98;16;1.08;87.1;20.2;406;5.6;6;CAPT011;Moyenne
M000146;PAT0047;2024-11-15 05:46:00;2024-11-15;05:46:00;37.3;149;109;90;96;14;1.28;67.6;29.5;3854;4.7;3;CAPT029;Mauvaise
M000147;PAT0157;2024-08-17 07:34:00;2024-08-17;07:34:00;36.5;121;78;88;99;24;0.9;98.1;31.3;963;9.3;4;CAPT013;Bonne
M000148;PAT0095;2024-10-19 14:29:00;2024-10-19;14:29:00;38.6;126;88;82;96;19;1.17;87.8;26.5;7311;5.9;9;CAPT011;Bonne
M000149;PAT0052;2024-03-11 08:03:00;2024-03-11;08:03:00;38.1;117;61;67;97;21;1.26;93.1;27.4;3416;3.7;6;CAPT034;Bonne
M000150;PAT0032;2024-03-23 08:28:00;2024-03-23;08:28:00;39.1;109;66;67;94;21;0.9;53.1;25.4;444;9.6;9;CAPT015;Mauvaise
M000151;PAT0116;2024-01-14 13:03:00;2024-01-14;13:03:00;37.1;119;63;96;93;12;1.32;65.6;24.6;5291;3.6;7;CAPT015;Bonne
M000152;PAT0008;2024-02-20 22:41:00;2024-02-20;22:41:00;36.8;112;82;111;93;16;0.92;53;18.7;6869;9.4;8;CAPT031;Moyenne
M000153;PAT0179;2024-12-27 15:28:00;2024-12-27;15:28:00;38;149;94;78;95;20;1.28;94.8;18.3;1660;4.5;9;CAPT010;Mauvaise
M000154;PAT0141;2024-11-07 16:27:00;2024-11-07;16:27:00;35.9;115;76;80;96;16;1.36;60.8;23.1;5699;3.3;1;CAPT027;Moyenne
M000155;PAT0164;2024-08-22 02:07:00;2024-08-22;02:07:00;38.8;170;91;64;94;13;1.26;72.5;27.1;5010;7.4;3;CAPT037;Bonne
M000156;PAT0062;2024-05-29 13:00:00;2024-05-29;13:00:00;38;104;74;89;97;13;1.2;58.2;25.1;4768;7.7;6;CAPT006;Bonne
M000157;PAT0135;2024-02-04 16:34:00;2024-02-04;16:34:00;37.5;121;75;91;96;23;1.38;99.4;27.4;7622;5.7;9;CAPT031;Bonne
M000158;PAT0012;2024-07-10 08:47:00;2024-07-10;08:47:00;35.6;112;88;79;95;14;2.66;88.4;23.9;4358;8.1;4;CAPT041;Bonne
M000159;PAT0027;2024-06-19 04:02:00;2024-06-19;04:02:00;36.9;141;81;93;94;12;2.97;63.6;28.9;6602;8.8;6;CAPT044;Bonne
M000160;PAT0119;2024-09-02 20:11:00;2024-09-02;20:11:00;38.7;118;63;80;99;21;1.39;48.5;31.2;6431;6.2;6;CAPT019;Moyenne
M000161;PAT0052;2024-04-12 01:20:00;2024-04-12;01:20:00;39.2;135;67;91;94;15;0.73;73.3;34.8;6018;6.8;8;CAPT017;Bonne
M000162;PAT0010;2024-04-07 09:22:00;2024-04-07;09:22:00;38.9;105;68;93;97;24;2.93;47.6;29.1;6704;4.9;1;CAPT024;Bonne
M000163;PAT0112;2024-08-13 12:21:00;2024-08-13;12:21:00;39.4;143;86;86;98;19;1.32;72.3;26.5;7397;9.5;7;CAPT034;Bonne
M000164;PAT0069;2024-08-05 02:27:00;2024-08-05;02:27:00;37.9;143;88;57;99;17;1.26;90.2;27.3;5249;5.2;6;CAPT006;Bonne
M000165;PAT0084;2024-06-05 14:38:00;2024-06-05;14:38:00;38.4;137;76;89;95;18;1.16;54.2;25.5;5917;6.1;3;CAPT047;Bonne
M000166;PAT0091;2024-08-10 08:40:00;2024-08-10;08:40:00;39.4;143;85;90;98;24;1.13;97.1;19.3;7644;7.5;8;CAPT024;Bonne
M000167;PAT0132;2024-12-13 05:01:00;2024-12-13;05:01:00;36.1;141;89;84;94;18;3.04;78.4;31.3;2959;3.2;0;CAPT005;Bonne
M000168;PAT0061;2024-07-06 11:24:00;2024-07-06;11:24:00;39.3;107;79;57;99;24;2.99;46.8;20.6;7446;6.1;2;CAPT024;Bonne
M000169;PAT0096;2024-02-09 18:08:00;2024-02-09;18:08:00;37.6;139;104;94;97;12;1.01;66.9;29;7800;4.7;4;CAPT008;Bonne
M000170;PAT0007;2024-09-12 16:24:00;2024-09-12;16:24:00;39.2;121;77;62;94;16;1.21;51.5;31.2;2831;7.9;5;CAPT014;Bonne
M000171;PAT0157;2024-09-08 06:07:00;2024-09-08;06:07:00;36;113;63;87;95;24;0.9;49.1;20.9;1601;8;8;CAPT006;Bonne
M000172;PAT0175;2024-06-12 21:22:00;2024-06-12;21:22:00;38.3;161;109;63;94;22;1.38;75.2;22.9;4930;5.1;3;CAPT011;Bonne
M000173;PAT0183;2024-12-24 20:11:00;2024-12-24;20:11:00;38.7;125;63;72;99;14;1.2;73;20.1;405;4.4;5;CAPT009;Bonne
M000174;PAT0061;2024-01-14 11:35:00;2024-01-14;11:35:00;37.8;141;71;96;99;13;3.02;70.7;34.7;5548;3.9;2;CAPT006;Bonne
M000175;PAT0017;2024-09-02 16:26:00;2024-09-02;16:26:00;38.6;141;89;68;99;14;0.92;90.3;19.3;3919;9.8;6;CAPT042;Bonne
M000176;PAT0019;2024-12-14 16:22:00;2024-12-14;16:22:00;36;143;99;75;96;13;1.01;90.6;27.4;7002;7.1;1;CAPT050;Bonne
M000177;PAT0034;2024-01-29 03:33:00;2024-01-29;03:33:00;36.1;113;79;72;95;20;1;54.1;23.5;1985;8;8;CAPT023;Bonne
M000178;PAT0133;2024-02-10 08:12:00;2024-02-10;08:12:00;38;132;63;85;99;12;1.33;75.3;20.1;1133;5.1;5;CAPT035;Moyenne
M000179;PAT0024;2024-03-27 18:37:00;2024-03-27;18:37:00;36.1;102;62;95;99;20;2.36;81.2;30.3;5772;7.2;4;CAPT037;Bonne
M000180;PAT0011;2024-01-15 02:02:00;2024-01-15;02:02:00;39.3;120;61;58;94;15;1.28;87.4;22.5;7340;4.5;3;CAPT037;Bonne
M000181;PAT0107;2024-01-16 15:56:00;2024-01-16;15:56:00;38;105;88;91;91;18;1.13;60.9;34.3;6610;6.4;2;CAPT044;Bonne
M000182;PAT0104;2024-02-07 22:03:00;2024-02-07;22:03:00;36.1;168;94;79;95;22;0.91;67.9;25.9;689;5.4;7;CAPT010;Bonne
M000183;PAT0081;2024-06-12 23:55:00;2024-06-12;23:55:00;36.9;122;78;63;96;16;3.18;66.9;30.9;5448;6.6;2;CAPT007;Bonne
M000184;PAT0082;2024-03-03 08:28:00;2024-03-03;08:28:00;36.5;150;85;58;97;18;0.87;50.3;22.9;5671;5.7;0;CAPT040;Bonne
M000185;PAT0108;2024-03-22 10:59:00;2024-03-22;10:59:00;37.8;128;79;90;97;17;0.87;62.2;31;3302;6.5;1;CAPT033;Bonne
M000186;PAT0120;2024-06-06 15:01:00;2024-06-06;15:01:00;35.9;169;91;81;97;17;1.05;66.6;25.8;1549;4.7;6;CAPT038;Moyenne
M000187;PAT0091;2024-05-24 15:38:00;2024-05-24;15:38:00;39;121;64;56;99;22;0.73;81;26;6548;6.8;5;CAPT007;Moyenne
M000188;PAT0111;2024-05-15 23:23:00;2024-05-15;23:23:00;38.6;120;69;77;95;19;0.79;65.1;24.8;5542;7;4;CAPT013;Bonne
M000189;PAT0093;2024-02-07 12:32:00;2024-02-07;12:32:00;37.3;120;85;99;98;16;2.47;75.2;32;2385;7.4;4;CAPT040;Mauvaise
M000190;PAT0031;2024-02-19 12:23:00;2024-02-19;12:23:00;38.7;135;76;89;94;23;0.79;63.6;34;2442;8.3;4;CAPT013;Moyenne
M000191;PAT0155;2024-09-13 01:02:00;2024-09-13;01:02:00;35.7;125;89;58;95;15;1.06;84.2;31.7;4719;6.6;1;CAPT010;Bonne
M000192;PAT0156;2024-03-12 10:59:00;2024-03-12;10:59:00;38;140;88;83;99;21;1.33;53.9;34.8;6164;8.2;9;CAPT020;Moyenne
M000193;PAT0152;2024-09-17 17:31:00;2024-09-17;17:31:00;38.3;175;101;63;94;12;0.94;61.5;31.9;7297;5.6;0;CAPT044;Moyenne
M000194;PAT0029;2024-10-25 09:50:00;2024-10-25;09:50:00;39.1;139;80;82;96;18;1.39;93;28.7;2849;7.2;7;CAPT017;Moyenne
M000195;PAT0168;2024-10-23 18:14:00;2024-10-23;18:14:00;38.4;107;76;69;94;23;1.25;77.1;20.9;3926;7.4;7;CAPT040;Moyenne
M000196;PAT0199;2024-03-16 21:15:00;2024-03-16;21:15:00;35.6;104;71;55;98;19;1.29;97.2;19.9;4940;3.1;7;CAPT021;Bonne
M000197;PAT0108;2024-12-19 06:26:00;2024-12-19;06:26:00;37.5;142;60;99;96;19;0.81;78.6;26;7650;8.9;7;CAPT047;Bonne
M000198;PAT0016;2024-09-22 06:35:00;2024-09-22;06:35:00;36.8;119;80;94;95;15;1.19;81.4;26.9;1674;5.2;3;CAPT012;Moyenne
M000199;PAT0118;2024-06-24 17:22:00;2024-06-24;17:22:00;38.2;106;78;117;90;22;1.34;92.7;29.6;2489;8.6;4;CAPT017;Bonne
M000200;PAT0157;2024-05-06 08:35:00;2024-05-06;08:35:00;36.7;131;67;64;99;23;1.04;96.8;34.7;7504;8.4;7;CAPT046;Moyenne
M000201;PAT0054;2024-09-07 10:30:00;2024-09-07;10:30:00;36.9;124;68;56;95;14;1.18;96.4;31.5;3632;4.9;3;CAPT008;Bonne
M000202;PAT0147;2024-07-13 12:52:00;2024-07-13;12:52:00;36.9;113;68;114;89;18;1.17;87.5;20.5;4285;3.3;1;CAPT046;Bonne
M000203;PAT0021;2024-08-14 20:16:00;2024-08-14;20:16:00;38.5;135;71;81;95;17;0.94;56.8;32.1;780;4.9;4;CAPT036;Mauvaise
M000204;PAT0179;2024-02-25 19:47:00;2024-02-25;19:47:00;37.8;150;86;65;95;12;0.89;58.3;29.4;935;6.7;1;CAPT041;Bonne
M000205;PAT0060;2024-07-30 10:45:00;2024-07-30;10:45:00;37.4;124;67;68;97;21;1.32;82.5;20.3;7128;9.8;1;CAPT011;Mauvaise
M000206;PAT0105;2024-08-31 15:41:00;2024-08-31;15:41:00;36.3;164;104;75;97;14;1.16;98;23.5;685;7.5;0;CAPT050;Bonne
M000207;PAT0023;2024-04-28 17:47:00;2024-04-28;17:47:00;38.4;134;85;86;99;18;2.7;96.5;33.5;38;4.2;0;CAPT012;Bonne
M000208;PAT0010;2024-07-22 15:11:00;2024-07-22;15:11:00;39.2;117;80;67;99;16;3.49;97.9;33.7;7805;9.1;7;CAPT001;Moyenne
M000209;PAT0077;2024-02-24 10:18:00;2024-02-24;10:18:00;37.3;106;82;98;96;17;1.1;80.3;26.9;661;9.2;8;CAPT009;Mauvaise
M000210;PAT0130;2024-04-08 03:21:00;2024-04-08;03:21:00;36.1;128;72;72;95;24;1.03;70.2;22.4;4308;4.3;3;CAPT048;Moyenne
M000211;PAT0087;2024-10-17 21:48:00;2024-10-17;21:48:00;36.3;130;74;77;97;24;3.02;78.6;28.9;2325;5.8;4;CAPT028;Bonne
M000212;PAT0132;2024-07-24 21:06:00;2024-07-24;21:06:00;36.2;102;81;73;98;18;1.95;52.7;23.5;6251;4.7;8;CAPT017;Moyenne
M000213;PAT0099;2024-05-16 10:19:00;2024-05-16;10:19:00;37.8;107;69;105;95;12;0.86;76.5;22.4;5995;5.5;4;CAPT016;Moyenne
M000214;PAT0016;2024-08-26 09:10:00;2024-08-26;09:10:00;37.1;103;67;89;95;13;1.17;72.6;33.2;3562;7.9;8;CAPT020;Bonne
M000215;PAT0177;2024-05-31 11:39:00;2024-05-31;11:39:00;36.4;138;86;81;95;20;0.78;97.7;26.1;2159;6.2;8;CAPT039;Bonne
M000216;PAT0096;2024-10-08 15:48:00;2024-10-08;15:48:00;37.7;156;94;80;95;17;0.99;81.5;21.7;3083;4.7;0;CAPT049;Bonne
M000217;PAT0153;2024-02-11 16:28:00;2024-02-11;16:28:00;37.6;133;80;74;96;14;1.31;64.9;33.6;7902;3.8;6;CAPT036;Bonne
M000218;PAT0130;2024-10-01 04:10:00;2024-10-01;04:10:00;36.8;118;64;58;98;15;0.84;73.6;20;1043;4.4;9;CAPT038;Moyenne
M000219;PAT0126;2024-09-18 14:51:00;2024-09-18;14:51:00;35.7;134;85;91;99;16;0.76;52.3;25.1;4917;6.9;7;CAPT036;Bonne
M000220;PAT0119;2024-06-06 23:01:00;2024-06-06;23:01:00;37.1;109;65;58;97;20;1.17;89.9;30.7;5036;7;3;CAPT003;Bonne
M000221;PAT0109;2024-02-02 17:03:00;2024-02-02;17:03:00;39.2;106;63;83;99;14;0.94;48.8;33.9;7895;3.2;4;CAPT027;Bonne
M000222;PAT0047;2024-11-24 23:41:00;2024-11-24;23:41:00;39.4;138;108;78;95;13;1.24;65.6;33.2;6034;6.1;2;CAPT025;Bonne
M000223;PAT0097;2024-12-04 17:08:00;2024-12-04;17:08:00;38.1;153;106;78;98;23;0.76;64.1;21;541;6.8;9;CAPT034;Moyenne
M000224;PAT0033;2024-04-24 00:48:00;2024-04-24;00:48:00;35.6;165;88;73;98;15;1.21;61.4;29.4;5469;6.8;6;CAPT035;Moyenne
M000225;PAT0098;2024-05-06 14:22:00;2024-05-06;14:22:00;36.1;132;77;82;96;22;1.28;55.4;32.9;7992;8.4;5;CAPT003;Bonne
M000226;PAT0170;2024-01-09 07:13:00;2024-01-09;07:13:00;35.8;151;90;58;97;22;0.99;77.7;25.6;398;7.7;5;CAPT004;Mauvaise
M000227;PAT0063;2024-07-24 14:14:00;2024-07-24;14:14:00;37.7;110;66;63;95;16;1.22;86.5;31.2;5624;4;3;CAPT019;Bonne
M000228;PAT0060;2024-10-21 10:36:00;2024-10-21;10:36:00;37.9;102;72;97;94;17;3.08;82;23.5;6124;5.1;5;CAPT010;Bonne
M000229;PAT0170;2024-07-30 09:17:00;2024-07-30;09:17:00;35.7;179;103;73;95;14;1.06;97.2;33;7469;9.4;9;CAPT041;Moyenne
M000230;PAT0174;2024-09-10 01:22:00;2024-09-10;01:22:00;39.3;128;64;109;88;16;1;81.9;31.4;7241;5.2;4;CAPT027;Moyenne
M000231;PAT0105;2024-07-11 05:48:00;2024-07-11;05:48:00;37.7;160;88;93;95;14;0.8;58.3;21.8;4736;9;7;CAPT010;Moyenne
M000232;PAT0119;2024-10-14 13:26:00;2024-10-14;13:26:00;37.7;105;68;98;97;20;1.34;52.4;22.1;7710;4.4;3;CAPT042;Bonne
M000233;PAT0021;2024-07-08 02:34:00;2024-07-08;02:34:00;38.4;135;80;84;97;21;1.35;55.5;22.6;2461;7.7;5;CAPT039;Bonne
M000234;PAT0011;2024-04-06 18:46:00;2024-04-06;18:46:00;38.2;134;82;82;99;19;1.31;56.9;21.6;905;9.3;5;CAPT020;Bonne
M000235;PAT0004;2024-04-07 23:07:00;2024-04-07;23:07:00;38.5;124;72;60;97;20;0.85;86.5;33.5;5932;7.9;3;CAPT046;Bonne
M000236;PAT0053;2024-05-02 17:20:00;2024-05-02;17:20:00;38.6;154;102;97;94;16;0.98;65.9;27.1;6339;5.5;1;CAPT017;Bonne
M000237;PAT0093;2024-09-11 14:06:00;2024-09-11;14:06:00;38.7;106;65;69;95;19;2.38;84.7;30.9;7370;5.2;3;CAPT014;Bonne
M000238;PAT0095;2024-01-24 18:55:00;2024-01-24;18:55:00;36.4;106;80;96;95;23;0.92;53;22.4;3959;9.5;8;CAPT038;Bonne
M000239;PAT0185;2024-03-19 06:21:00;2024-03-19;06:21:00;36.4;120;77;59;96;18;0.99;76.3;22.2;1753;6.9;4;CAPT044;Bonne
M000240;PAT0087;2024-09-07 23:41:00;2024-09-07;23:41:00;38.5;118;78;79;98;23;1.79;70.3;30.5;6588;5.5;8;CAPT009;Bonne
M000241;PAT0185;2024-04-04 17:41:00;2024-04-04;17:41:00;39.3;103;69;61;99;18;1.08;73.8;32.3;2336;3.5;0;CAPT043;Mauvaise
M000242;PAT0013;2024-07-30 04:53:00;2024-07-30;04:53:00;38;133;87;97;94;18;1.24;48.7;20.6;3669;4.5;0;CAPT030;Bonne
M000243;PAT0096;2024-11-22 21:59:00;2024-11-22;21:59:00;38;140;98;60;95;12;0.74;71.6;26.3;6985;3;4;CAPT036;Bonne
M000244;PAT0106;2024-09-28 23:17:00;2024-09-28;23:17:00;37.6;121;75;56;95;13;1.23;60.8;26.5;3215;7.9;2;CAPT028;Bonne
M000245;PAT0046;2024-02-19 16:09:00;2024-02-19;16:09:00;36.5;121;71;78;99;23;0.77;79.1;22.3;4666;5.5;9;CAPT026;Mauvaise
M000246;PAT0021;2024-07-26 14:36:00;2024-07-26;14:36:00;36.5;131;66;75;97;21;0.96;83.3;23.1;6526;8.8;3;CAPT006;Moyenne
M000247;PAT0168;2024-11-28 01:05:00;2024-11-28;01:05:00;37.1;121;74;94;98;17;1.39;65.7;26.1;2675;7.5;8;CAPT045;Bonne
M000248;PAT0044;2024-08-10 20:50:00;2024-08-10;20:50:00;36.8;127;85;91;88;19;0.76;98.8;34.6;5373;9.3;2;CAPT003;Mauvaise
M000249;PAT0059;2024-12-20 18:30:00;2024-12-20;18:30:00;36.6;132;69;89;99;18;0.85;95.8;29.6;7603;5;6;CAPT035;Moyenne
M000250;PAT0145;2024-04-01 10:01:00;2024-04-01;10:01:00;39.3;142;78;59;96;22;1.16;77.3;30.8;2551;8;9;CAPT026;Bonne
M000251;PAT0020;2024-10-15 07:36:00;2024-10-15;07:36:00;38.8;127;68;90;98;16;0.91;66.4;33.2;7239;5.3;6;CAPT049;Bonne
M000252;PAT0190;2024-12-18 23:05:00;2024-12-18;23:05:00;37.5;114;75;94;95;21;0.8;98.6;18.9;6971;6.1;3;CAPT005;Bonne
M000253;PAT0088;2024-11-10 19:25:00;2024-11-10;19:25:00;39.4;136;91;70;96;24;1.12;63;28.8;258;8.5;1;CAPT029;Bonne
M000254;PAT0126;2024-10-10 12:27:00;2024-10-10;12:27:00;36.2;137;60;82;94;18;0.86;77.2;24.5;7167;8.4;7;CAPT019;Moyenne
M000255;PAT0064;2024-02-12 08:09:00;2024-02-12;08:09:00;37;142;64;58;99;17;1.2;88.1;20.6;6509;5.7;5;CAPT024;Moyenne
M000256;PAT0028;2024-06-06 14:23:00;2024-06-06;14:23:00;38.5;108;71;65;99;18;0.76;50.6;19.5;7183;6;0;CAPT036;Bonne
M000257;PAT0143;2024-02-22 00:05:00;2024-02-22;00:05:00;36.9;120;89;67;95;15;1.06;50.1;28.2;923;5.3;5;CAPT025;Mauvaise
M000258;PAT0004;2024-07-17 02:46:00;2024-07-17;02:46:00;39.1;126;64;79;96;12;0.9;94.8;34.6;2243;7;8;CAPT011;Moyenne
M000259;PAT0176;2024-03-12 08:19:00;2024-03-12;08:19:00;36.6;125;89;59;96;24;0.97;53;20.8;3547;4.9;8;CAPT020;Moyenne
M000260;PAT0124;2024-07-03 08:15:00;2024-07-03;08:15:00;38.4;105;78;98;94;22;3;72.3;28.5;5569;6.2;8;CAPT009;Bonne
M000261;PAT0078;2024-07-21 10:53:00;2024-07-21;10:53:00;38;133;81;57;97;23;1.22;89.2;23.6;1821;5.3;9;CAPT042;Bonne
M000262;PAT0153;2024-06-13 19:44:00;2024-06-13;19:44:00;36.3;127;83;80;99;12;0.8;62.3;34.4;980;9.8;2;CAPT019;Bonne
M000263;PAT0189;2024-09-08 18:50:00;2024-09-08;18:50:00;36.5;140;78;72;95;22;2.8;65.7;31.9;7096;5.8;6;CAPT008;Bonne
M000264;PAT0145;2024-10-06 05:43:00;2024-10-06;05:43:00;38.6;121;76;59;97;22;0.84;46.5;30.4;2909;9.6;2;CAPT014;Bonne
M000265;PAT0113;2024-12-20 02:52:00;2024-12-20;02:52:00;38.9;115;61;56;96;19;1.26;88.7;29.4;2295;4;6;CAPT020;Bonne
M000266;PAT0062;2024-03-19 22:27:00;2024-03-19;22:27:00;38.7;119;87;55;96;15;0.88;49.1;34.8;441;6.4;8;CAPT026;Bonne
M000267;PAT0137;2024-12-20 13:34:00;2024-12-20;13:34:00;35.6;114;80;89;94;16;1.05;98.3;29.9;948;8.7;3;CAPT039;Mauvaise
M000268;PAT0164;2024-02-25 07:42:00;2024-02-25;07:42:00;38.2;146;101;93;94;14;1.34;54.1;28.4;1787;6.9;1;CAPT042;Bonne
M000269;PAT0174;2024-06-18 13:06:00;2024-06-18;13:06:00;35.5;105;86;116;94;22;1.15;59.2;26.7;3674;6.6;1;CAPT038;Bonne
M000270;PAT0177;2024-08-16 11:25:00;2024-08-16;11:25:00;37.4;137;73;90;98;19;1.1;82.4;29.7;6845;4.1;2;CAPT002;Bonne
M000271;PAT0124;2024-07-31 02:07:00;2024-07-31;02:07:00;38.8;113;86;74;94;20;1.44;85.2;23.9;423;5.4;7;CAPT014;Bonne
M000272;PAT0134;2024-08-31 03:28:00;2024-08-31;03:28:00;38.4;137;82;76;94;14;2.31;69.9;19.1;7789;3.3;2;CAPT046;Moyenne
M000273;PAT0030;2024-06-24 20:06:00;2024-06-24;20:06:00;38.2;153;93;82;97;24;0.72;54;34.7;7494;4.7;8;CAPT012;Bonne
M000274;PAT0142;2024-10-13 13:29:00;2024-10-13;13:29:00;36.4;153;99;68;99;16;0.81;67.3;21.1;5948;7.5;3;CAPT028;Bonne
M000275;PAT0102;2024-11-10 06:28:00;2024-11-10;06:28:00;37.9;129;68;87;97;20;0.72;66.4;30;5773;4.4;4;CAPT049;Bonne
M000276;PAT0181;2024-02-02 18:06:00;2024-02-02;18:06:00;38.7;113;89;95;97;22;1.27;74.5;24.2;67;4.4;7;CAPT008;Moyenne
M000277;PAT0068;2024-09-07 16:40:00;2024-09-07;16:40:00;36.8;121;68;70;98;12;1.17;66.4;24.7;2479;3.8;2;CAPT023;Bonne
M000278;PAT0118;2024-12-10 22:51:00;2024-12-10;22:51:00;36.7;120;80;94;95;15;1.13;78.8;19.4;3940;3.9;2;CAPT008;Bonne
M000279;PAT0062;2024-04-03 11:44:00;2024-04-03;11:44:00;36.1;108;88;63;97;14;0.91;66.4;28.1;976;7;1;CAPT028;Moyenne
M000280;PAT0048;2024-10-02 22:58:00;2024-10-02;22:58:00;38.1;100;67;99;97;17;1.04;100;27.4;3659;6.4;8;CAPT009;Bonne
M000281;PAT0048;2024-08-18 19:03:00;2024-08-18;19:03:00;39;128;81;94;98;14;0.92;97.4;26.2;1573;4.4;3;CAPT025;Moyenne
M000282;PAT0144;2024-09-10 13:43:00;2024-09-10;13:43:00;37.5;103;82;61;97;23;2.36;84.1;25.5;771;4.2;5;CAPT037;Moyenne
M000283;PAT0008;2024-04-22 09:02:00;2024-04-22;09:02:00;36.6;102;81;91;95;13;1.26;74.6;20.9;2394;6.2;6;CAPT048;Mauvaise
M000284;PAT0198;2024-10-08 16:07:00;2024-10-08;16:07:00;37.8;107;82;92;99;17;1.24;59.7;27.2;3736;9.9;1;CAPT035;Bonne
M000285;PAT0194;2024-08-13 17:13:00;2024-08-13;17:13:00;39.5;111;65;80;96;19;0.73;50.6;32.1;5586;8.3;9;CAPT020;Mauvaise
M000286;PAT0009;2024-06-27 02:28:00;2024-06-27;02:28:00;39;128;72;89;99;14;1.01;51.5;31.8;1455;4.5;3;CAPT048;Bonne
M000287;PAT0151;2024-12-29 19:40:00;2024-12-29;19:40:00;37.2;112;88;92;94;12;2.79;78.9;31.3;1213;8.7;7;CAPT004;Bonne
M000288;PAT0146;2024-05-23 19:34:00;2024-05-23;19:34:00;36.2;167;91;75;98;12;0.95;98.8;23;703;7;9;CAPT033;Bonne
M000289;PAT0174;2024-03-10 13:58:00;2024-03-10;13:58:00;35.7;140;68;113;92;12;1.27;60.3;29.2;4648;7.9;0;CAPT009;Bonne
M000290;PAT0064;2024-06-13 07:48:00;2024-06-13;07:48:00;38.9;138;82;95;98;22;0.8;66.6;20.4;1517;7.4;2;CAPT041;Bonne
M000291;PAT0107;2024-02-08 20:50:00;2024-02-08;20:50:00;39;144;60;129;91;14;0.96;50.1;26.8;3403;4.9;7;CAPT024;Mauvaise
M000292;PAT0117;2024-06-16 18:00:00;2024-06-16;18:00:00;39;144;71;87;98;21;3.39;91.6;19.6;6246;9.8;9;CAPT041;Moyenne
M000293;PAT0171;2024-02-02 17:25:00;2024-02-02;17:25:00;36.4;124;86;77;99;24;1.19;68.6;21.6;6574;4.9;6;CAPT019;Bonne
M000294;PAT0087;2024-03-07 18:54:00;2024-03-07;18:54:00;37.4;119;77;72;95;15;2.46;63.9;29.6;989;3.3;0;CAPT007;Bonne
M000295;PAT0161;2024-08-23 00:07:00;2024-08-23;00:07:00;39.2;117;64;73;97;19;1.25;53.7;25.8;5203;9.9;0;CAPT028;Bonne
M000296;PAT0052;2024-03-08 20:19:00;2024-03-08;20:19:00;36.1;114;68;93;95;24;1.4;96.3;22.7;4200;7.6;9;CAPT017;Bonne
M000297;PAT0022;2024-11-28 05:03:00;2024-11-28;05:03:00;37.1;145;97;64;99;13;0.96;61.8;29.9;4658;4.6;5;CAPT042;Bonne
M000298;PAT0024;2024-01-01 06:30:00;2024-01-01;06:30:00;35.8;138;87;57;97;17;2.82;77.7;26.8;2714;6.1;4;CAPT001;Mauvaise
M000299;PAT0179;2024-03-02 13:44:00;2024-03-02;13:44:00;36;172;87;70;99;19;0.94;48.9;24.5;6401;8.1;0;CAPT007;Bonne
M000300;PAT0027;2024-06-02 04:24:00;2024-06-02;04:24:00;38.6;111;62;97;94;18;1.92;86.4;20.3;7980;10;9;CAPT010;Mauvaise
M000301;PAT0018;2024-01-05 19:41:00;2024-01-05;19:41:00;36.2;130;84;77;94;17;1.07;64.3;21.6;1819;8.2;4;CAPT027;Bonne
M000302;PAT0158;2024-04-21 02:57:00;2024-04-21;02:57:00;35.9;152;88;89;98;18;1.18;86.4;28;2120;5.7;4;CAPT028;Moyenne
M000303;PAT0081;2024-05-06 08:41:00;2024-05-06;08:41:00;35.8;129;87;98;95;14;3.02;75.4;28.2;2242;7.3;8;CAPT050;Bonne
M000304;PAT0177;2024-12-03 09:13:00;2024-12-03;09:13:00;37.6;139;70;86;95;22;0.72;73;30.7;7992;5.1;5;CAPT004;Moyenne
M000305;PAT0062;2024-02-27 07:31:00;2024-02-27;07:31:00;38.1;132;83;93;95;19;1.05;48.9;33.1;7835;3.1;4;CAPT024;Bonne
M000306;PAT0082;2024-10-18 13:23:00;2024-10-18;13:23:00;37.7;171;108;55;94;15;0.79;54.5;26;5906;9.9;9;CAPT005;Bonne
M000307;PAT0005;2024-01-08 08:13:00;2024-01-08;08:13:00;35.7;127;62;120;90;22;1.11;48.3;31.4;4912;6.5;0;CAPT041;Bonne
M000308;PAT0183;2024-07-31 13:44:00;2024-07-31;13:44:00;37.1;104;67;88;97;19;1.05;80.2;27.1;3275;4.1;5;CAPT006;Bonne
M000309;PAT0080;2024-04-14 04:34:00;2024-04-14;04:34:00;36.8;103;76;94;93;19;0.76;77.3;31;3415;7.5;2;CAPT042;Mauvaise
M000310;PAT0017;2024-08-11 23:54:00;2024-08-11;23:54:00;36.5;103;85;81;99;17;0.92;58.4;33.7;4458;3.8;9;CAPT040;Bonne
M000311;PAT0156;2024-12-07 23:42:00;2024-12-07;23:42:00;38.5;105;86;69;98;21;0.74;51.6;30;6628;7.9;9;CAPT011;Bonne
M000312;PAT0128;2024-09-24 16:50:00;2024-09-24;16:50:00;38.8;141;87;126;90;18;1.37;59.3;24.3;6789;8.2;3;CAPT018;Mauvaise
M000313;PAT0188;2024-01-16 10:51:00;2024-01-16;10:51:00;37.2;108;76;118;92;22;1.32;73.8;22.5;6574;9.8;3;CAPT041;Bonne
M000314;PAT0020;2024-09-18 11:03:00;2024-09-18;11:03:00;37.5;131;75;76;97;16;1.05;76.2;24.3;3236;4.8;8;CAPT007;Bonne
M000315;PAT0147;2024-02-29 07:47:00;2024-02-29;07:47:00;37.5;133;72;111;92;22;1.17;47.4;32.7;2390;4.7;2;CAPT031;Bonne
M000316;PAT0094;2024-03-17 05:59:00;2024-03-17;05:59:00;39.3;133;72;110;93;23;0.97;46.9;31.7;1556;8;6;CAPT042;Bonne
M000317;PAT0108;2024-05-07 13:58:00;2024-05-07;13:58:00;38.4;100;87;78;98;14;0.86;59.9;19.3;5004;5.6;1;CAPT033;Bonne
M000318;PAT0173;2024-04-01 07:51:00;2024-04-01;07:51:00;37.6;116;62;107;95;17;1.33;47.5;24.8;5880;9.1;7;CAPT019;Bonne
M000319;PAT0199;2024-06-16 02:35:00;2024-06-16;02:35:00;37.3;136;66;75;97;16;1.29;65.3;23;656;8.5;4;CAPT048;Bonne
M000320;PAT0160;2024-07-07 18:31:00;2024-07-07;18:31:00;39.5;118;86;88;96;17;0.87;87.7;30.5;1708;6.8;5;CAPT016;Bonne
M000321;PAT0039;2024-07-28 00:14:00;2024-07-28;00:14:00;37.7;110;66;82;98;12;0.7;80;29.8;1207;3.1;3;CAPT022;Bonne
M000322;PAT0001;2024-07-11 23:46:00;2024-07-11;23:46:00;36.7;111;65;71;96;14;2.95;56.3;34.7;4761;5.9;3;CAPT004;Moyenne
M000323;PAT0037;2024-02-17 01:58:00;2024-02-17;01:58:00;36.4;135;65;65;94;19;1.2;91.5;25;2454;9.3;8;CAPT030;Bonne
M000324;PAT0192;2024-02-18 16:08:00;2024-02-18;16:08:00;38;116;78;68;96;13;0.76;66.7;28.1;4699;3.4;2;CAPT043;Bonne
M000325;PAT0034;2024-05-13 10:59:00;2024-05-13;10:59:00;38.7;103;66;99;96;20;0.87;83.5;30.5;1863;5.2;3;CAPT018;Bonne
M000326;PAT0060;2024-04-13 04:49:00;2024-04-13;04:49:00;38.6;116;76;87;96;17;1.37;51;19.8;5442;6.1;4;CAPT021;Bonne
M000327;PAT0105;2024-07-02 06:28:00;2024-07-02;06:28:00;36.7;165;107;70;95;17;0.78;59.6;20;3420;4.1;5;CAPT044;Moyenne
M000328;PAT0078;2024-12-22 19:02:00;2024-12-22;19:02:00;36.4;109;69;75;97;13;3.1;92.1;20.5;3752;8;7;CAPT023;Moyenne
M000329;PAT0102;2024-12-12 09:16:00;2024-12-12;09:16:00;38.8;129;84;84;96;14;1.06;54.6;34.2;7537;9;7;CAPT036;Mauvaise
M000330;PAT0192;2024-02-18 14:06:00;2024-02-18;14:06:00;38.7;139;66;84;96;12;1.09;52.7;18.2;3363;8.8;8;CAPT015;Bonne
M000331;PAT0034;2024-07-24 11:43:00;2024-07-24;11:43:00;38;114;64;67;98;23;0.84;80.5;27.9;7295;4.8;8;CAPT005;Moyenne
M000332;PAT0006;2024-04-11 20:28:00;2024-04-11;20:28:00;38.7;170;87;56;94;13;1.4;50.1;32.4;5037;8.7;3;CAPT008;Bonne
M000333;PAT0011;2024-01-26 05:59:00;2024-01-26;05:59:00;37.8;137;70;89;96;23;1.36;90.2;24.7;4044;3.2;1;CAPT044;Bonne
M000334;PAT0110;2024-04-19 05:17:00;2024-04-19;05:17:00;36.6;118;86;92;95;19;0.82;93.6;18.6;5776;7.3;6;CAPT016;Moyenne
M000335;PAT0166;2024-07-29 17:30:00;2024-07-29;17:30:00;35.7;150;90;56;95;21;0.91;60.4;20.3;5132;4.4;7;CAPT034;Bonne
M000336;PAT0064;2024-10-05 00:24:00;2024-10-05;00:24:00;38.6;133;66;57;99;19;1.14;64.8;27.3;3965;6.4;6;CAPT037;Mauvaise
M000337;PAT0129;2024-05-18 05:01:00;2024-05-18;05:01:00;36.8;163;91;93;94;12;0.93;57;33.2;7400;8.4;4;CAPT004;Bonne
M000338;PAT0121;2024-10-26 07:10:00;2024-10-26;07:10:00;35.9;118;80;73;94;20;2.42;81.1;22.5;6869;8.7;0;CAPT048;Moyenne
M000339;PAT0015;2024-04-22 18:54:00;2024-04-22;18:54:00;39.4;131;89;64;95;15;1.23;66.4;33.9;5575;9.9;5;CAPT012;Bonne
M000340;PAT0046;2024-06-11 23:44:00;2024-06-11;23:44:00;36.9;131;77;68;95;23;0.87;77.5;30;1011;5.5;4;CAPT037;Moyenne
M000341;PAT0145;2024-04-06 15:34:00;2024-04-06;15:34:00;36.7;121;89;58;98;22;0.8;72;19.5;5590;4.6;7;CAPT015;Bonne
M000342;PAT0006;2024-01-01 10:58:00;2024-01-01;10:58:00;38;165;98;88;95;19;1.07;89.4;23.8;4449;4.2;8;CAPT021;Moyenne
M000343;PAT0016;2024-10-27 22:58:00;2024-10-27;22:58:00;36.1;114;84;85;94;21;0.72;51.1;26.9;1884;5.6;9;CAPT005;Moyenne
M000344;PAT0096;2024-12-05 12:37:00;2024-12-05;12:37:00;35.9;156;90;71;95;19;1.19;61.6;20.3;6056;4.1;5;CAPT028;Bonne
M000345;PAT0164;2024-11-28 10:11:00;2024-11-28;10:11:00;38.3;163;95;55;96;14;1.37;75.9;33.1;4232;7.3;1;CAPT023;Bonne
M000346;PAT0058;2024-03-30 12:19:00;2024-03-30;12:19:00;38.4;135;77;69;96;24;1.17;61.2;21;1106;3;0;CAPT045;Bonne
M000347;PAT0147;2024-10-17 01:11:00;2024-10-17;01:11:00;37.9;111;78;126;88;21;0.97;95.7;34.4;470;4.5;9;CAPT037;Bonne
M000348;PAT0027;2024-03-13 10:47:00;2024-03-13;10:47:00;35.8;126;84;64;98;16;3.35;64.1;23.4;234;7.5;4;CAPT006;Mauvaise
M000349;PAT0182;2024-06-20 14:00:00;2024-06-20;14:00:00;36.6;178;95;71;97;20;1.17;58.7;19.2;1629;4.8;8;CAPT007;Bonne
M000350;PAT0185;2024-07-16 14:46:00;2024-07-16;14:46:00;37.2;118;78;66;98;21;0.7;54.1;25;5008;9.2;4;CAPT023;Bonne
M000351;PAT0140;2024-09-02 18:41:00;2024-09-02;18:41:00;38.5;138;87;95;96;13;0.96;57.4;25.7;7935;8.6;2;CAPT003;Bonne
M000352;PAT0076;2024-05-13 03:04:00;2024-05-13;03:04:00;36.9;106;68;67;95;16;0.71;93.8;20.7;396;3.5;3;CAPT006;Moyenne
M000353;PAT0087;2024-11-10 15:45:00;2024-11-10;15:45:00;35.6;115;68;63;99;22;2.57;96.8;20.8;3893;9.2;7;CAPT011;Bonne
M000354;PAT0014;2024-04-15 06:26:00;2024-04-15;06:26:00;38.3;135;72;77;98;24;1.43;84.7;30.4;161;4.9;8;CAPT019;Bonne
M000355;PAT0077;2024-01-26 12:36:00;2024-01-26;12:36:00;37.7;106;63;72;96;23;0.87;72;18.9;6469;3;4;CAPT006;Bonne
M000356;PAT0076;2024-11-16 19:30:00;2024-11-16;19:30:00;36.3;100;63;75;97;22;1.28;46.4;20.9;6370;5;8;CAPT006;Moyenne
M000357;PAT0122;2024-06-06 12:30:00;2024-06-06;12:30:00;37.5;109;80;98;98;21;1.29;81.4;19.5;4653;6.8;4;CAPT012;Mauvaise
M000358;PAT0095;2024-07-08 05:28:00;2024-07-08;05:28:00;35.7;101;81;71;97;21;1.32;69.2;22.5;674;8.9;8;CAPT037;Moyenne
M000359;PAT0016;2024-12-22 21:06:00;2024-12-22;21:06:00;35.8;137;76;66;99;15;0.81;63.9;27.2;7703;9.8;8;CAPT038;Mauvaise
M000360;PAT0059;2024-07-17 16:26:00;2024-07-17;16:26:00;39.4;125;65;55;97;18;1.09;82.8;33.9;3227;7;0;CAPT016;Bonne
M000361;PAT0122;2024-07-21 22:02:00;2024-07-21;22:02:00;37.5;111;86;96;96;20;0.91;94.5;31.6;1697;7.7;4;CAPT040;Bonne
M000362;PAT0038;2024-08-17 05:10:00;2024-08-17;05:10:00;39.4;131;80;79;94;18;0.78;89.5;20.1;4025;6;6;CAPT044;Bonne
M000363;PAT0112;2024-11-17 04:53:00;2024-11-17;04:53:00;37.9;111;75;70;96;16;0.84;62.6;30.4;4579;8.7;6;CAPT006;Moyenne
M000364;PAT0100;2024-10-09 10:54:00;2024-10-09;10:54:00;36.6;108;70;97;88;18;1.09;70.2;32.8;6872;8.5;7;CAPT040;Bonne
M000365;PAT0151;2024-08-02 03:26:00;2024-08-02;03:26:00;36.1;121;86;58;96;24;2.4;76.2;27.9;488;9.8;1;CAPT007;Bonne
M000366;PAT0028;2024-02-21 09:55:00;2024-02-21;09:55:00;37.6;112;74;77;97;21;1.09;63.9;25;515;5.7;9;CAPT032;Mauvaise
M000367;PAT0147;2024-01-20 05:17:00;2024-01-20;05:17:00;37.1;104;83;121;91;13;1.13;79;29.6;3402;5.8;5;CAPT026;Bonne
M000368;PAT0085;2024-01-26 23:30:00;2024-01-26;23:30:00;39.2;125;71;61;95;20;1.18;94.3;18.3;25;8.7;8;CAPT020;Moyenne
M000369;PAT0080;2024-09-08 22:43:00;2024-09-08;22:43:00;35.9;144;78;100;92;16;0.9;92.8;20.3;6599;9.8;7;CAPT029;Mauvaise
M000370;PAT0199;2024-05-17 23:26:00;2024-05-17;23:26:00;37.9;130;87;65;96;12;1.28;49.9;25.5;1072;9.4;3;CAPT027;Bonne
M000371;PAT0190;2024-09-21 11:52:00;2024-09-21;11:52:00;35.7;130;68;80;94;13;1.04;88.5;19.1;2052;8;3;CAPT026;Bonne
M000372;PAT0035;2024-09-25 18:01:00;2024-09-25;18:01:00;36.2;110;83;87;95;17;1.25;93.1;21.4;1946;3.4;1;CAPT003;Bonne
M000373;PAT0117;2024-07-03 22:12:00;2024-07-03;22:12:00;36.6;120;73;59;99;17;1.32;90.3;26.6;3645;7.4;5;CAPT008;Moyenne
M000374;PAT0175;2024-07-09 15:38:00;2024-07-09;15:38:00;37.3;148;94;67;99;14;0.72;97.8;26.1;5085;6.9;5;CAPT023;Bonne
M000375;PAT0042;2024-05-12 23:53:00;2024-05-12;23:53:00;38.3;143;72;97;97;12;1.29;60.7;24.6;7888;4.1;1;CAPT037;Moyenne
M000376;PAT0200;2024-04-23 20:14:00;2024-04-23;20:14:00;38.2;127;71;60;94;15;1.38;59.8;25;1890;3.1;7;CAPT050;Moyenne
M000377;PAT0197;2024-08-30 04:41:00;2024-08-30;04:41:00;36.2;125;89;101;90;16;1.18;89;21.8;5720;7.3;1;CAPT020;Bonne
M000378;PAT0183;2024-11-25 08:27:00;2024-11-25;08:27:00;39.1;137;81;72;95;17;1.38;91.8;25.8;1283;4.5;2;CAPT020;Moyenne
M000379;PAT0174;2024-11-15 12:37:00;2024-11-15;12:37:00;35.9;133;76;105;89;13;1.06;73.1;29.3;5366;8.9;7;CAPT024;Bonne
M000380;PAT0144;2024-11-07 09:19:00;2024-11-07;09:19:00;38.2;107;89;86;97;12;2.69;71.5;23.7;7594;4.9;6;CAPT021;Moyenne
M000381;PAT0071;2024-12-30 20:19:00;2024-12-30;20:19:00;36.3;119;83;76;98;17;1.8;73.5;22.1;3115;3.4;8;CAPT039;Moyenne
M000382;PAT0104;2024-12-14 04:46:00;2024-12-14;04:46:00;35.6;170;89;82;97;21;1.16;72.4;23;3326;9.3;4;CAPT026;Bonne
M000383;PAT0100;2024-10-25 22:36:00;2024-10-25;22:36:00;38.8;139;61;97;95;22;1.22;63.9;30.1;2837;7.8;4;CAPT041;Bonne
M000384;PAT0122;2024-12-09 11:32:00;2024-12-09;11:32:00;36.7;128;62;98;98;24;1.33;54.3;29.2;4105;6.9;3;CAPT019;Bonne
M000385;PAT0025;2024-05-12 23:51:00;2024-05-12;23:51:00;37.7;161;86;55;94;24;1.03;95.2;34.1;4422;9.3;0;CAPT042;Bonne
M000386;PAT0023;2024-04-24 23:55:00;2024-04-24;23:55:00;36.7;119;80;84;96;14;1.71;88.3;23.6;3696;4.8;6;CAPT019;Bonne
M000387;PAT0119;2024-08-28 01:55:00;2024-08-28;01:55:00;38;113;76;72;98;15;1.3;76.9;28.6;4956;6.3;3;CAPT013;Bonne
M000388;PAT0129;2024-12-14 12:33:00;2024-12-14;12:33:00;36.7;152;88;55;95;12;0.78;48;32.5;7225;4;9;CAPT013;Mauvaise
M000389;PAT0088;2024-10-18 14:09:00;2024-10-18;14:09:00;36.8;157;94;65;94;20;0.99;84.4;31.2;6020;6.4;9;CAPT041;Mauvaise
M000390;PAT0046;2024-01-30 00:28:00;2024-01-30;00:28:00;36.6;121;61;99;94;24;0.92;86.9;20.9;5699;8.4;4;CAPT032;Moyenne
M000391;PAT0196;2024-03-07 19:27:00;2024-03-07;19:27:00;38;120;62;66;95;14;1.25;67.2;34.4;2450;5.7;6;CAPT003;Moyenne
M000392;PAT0137;2024-07-10 00:57:00;2024-07-10;00:57:00;36.8;106;85;94;98;16;0.84;90.8;21.2;4557;7.7;3;CAPT041;Moyenne
M000393;PAT0188;2024-12-21 11:19:00;2024-12-21;11:19:00;36;119;74;118;95;20;0.87;66.1;28;1391;4.2;2;CAPT003;Bonne
M000394;PAT0077;2024-08-21 23:33:00;2024-08-21;23:33:00;37.9;127;73;81;97;21;1.36;63.6;33.1;270;10;2;CAPT022;Bonne
M000395;PAT0126;2024-04-06 05:58:00;2024-04-06;05:58:00;39.2;102;74;78;96;19;0.95;67.2;21.9;6078;8.1;3;CAPT009;Bonne
M000396;PAT0055;2024-10-28 16:10:00;2024-10-28;16:10:00;36;123;83;96;97;14;1.21;84.1;31.5;289;5.6;8;CAPT041;Bonne
M000397;PAT0066;2024-11-15 01:38:00;2024-11-15;01:38:00;39.5;122;72;59;99;16;1.24;81.4;29.1;7997;3.1;8;CAPT045;Bonne
M000398;PAT0030;2024-07-13 03:35:00;2024-07-13;03:35:00;36.5;140;89;64;99;16;0.99;83.6;21.5;3388;7.8;3;CAPT001;Bonne
M000399;PAT0078;2024-02-21 21:33:00;2024-02-21;21:33:00;36.6;121;74;58;97;23;2.17;78.3;20.3;3109;8.8;2;CAPT007;Bonne
M000400;PAT0131;2024-03-01 09:07:00;2024-03-01;09:07:00;38.6;140;64;67;95;13;1.2;72.4;28.4;3613;8.4;4;CAPT034;Moyenne
M000401;PAT0052;2024-07-28 09:10:00;2024-07-28;09:10:00;35.7;126;78;68;94;22;0.95;72.3;21.5;7214;9.5;5;CAPT022;Bonne
M000402;PAT0061;2024-12-09 02:58:00;2024-12-09;02:58:00;35.9;115;83;76;98;17;1.21;76.6;26.4;2708;9.6;7;CAPT050;Bonne
M000403;PAT0131;2024-02-21 08:41:00;2024-02-21;08:41:00;36.4;130;69;64;96;13;0.75;99.4;23;6910;6.2;8;CAPT007;Bonne
M000404;PAT0045;2024-05-28 11:51:00;2024-05-28;11:51:00;38.2;131;69;76;94;12;1.31;68.4;20;3907;9;3;CAPT003;Bonne
M000405;PAT0003;2024-12-05 20:10:00;2024-12-05;20:10:00;36.8;120;64;92;94;12;3.16;94.2;34.2;5310;4.9;8;CAPT047;Bonne
M000406;PAT0024;2024-06-24 05:07:00;2024-06-24;05:07:00;37.1;116;68;78;95;19;2.06;97.9;22.6;3854;5.7;6;CAPT031;Bonne
M000407;PAT0108;2024-03-26 03:08:00;2024-03-26;03:08:00;38.3;100;74;77;95;18;1.15;48.2;34;508;4.1;8;CAPT027;Bonne
M000408;PAT0152;2024-10-18 21:28:00;2024-10-18;21:28:00;36.2;175;93;67;99;17;1.04;65.9;24.1;1363;3.2;3;CAPT044;Bonne
M000409;PAT0187;2024-03-07 15:58:00;2024-03-07;15:58:00;37.5;116;76;66;98;18;1.38;93.8;25.5;4287;3.4;0;CAPT042;Bonne
M000410;PAT0081;2024-12-13 16:49:00;2024-12-13;16:49:00;38.5;125;74;90;97;13;1.23;84.8;21.8;368;9.7;2;CAPT022;Moyenne
M000411;PAT0133;2024-12-24 19:06:00;2024-12-24;19:06:00;37.2;134;67;68;95;12;1.07;85;26.2;1293;7.6;1;CAPT042;Bonne
M000412;PAT0099;2024-10-12 19:03:00;2024-10-12;19:03:00;35.5;103;83;118;90;17;0.8;96.4;26.6;7032;6.3;0;CAPT032;Mauvaise
M000413;PAT0043;2024-09-08 10:15:00;2024-09-08;10:15:00;36.8;118;80;55;98;22;1.37;60.3;26.6;3407;6.9;5;CAPT025;Bonne
M000414;PAT0104;2024-02-10 14:28:00;2024-02-10;14:28:00;38.7;169;103;66;96;22;1.27;69.6;32.6;1481;6.1;8;CAPT008;Bonne
M000415;PAT0128;2024-01-10 03:25:00;2024-01-10;03:25:00;37.1;103;71;112;89;19;1.22;75.6;18;3093;3.6;2;CAPT039;Bonne
M000416;PAT0159;2024-09-17 17:13:00;2024-09-17;17:13:00;38.1;107;66;68;96;13;1.15;70.1;23.8;7951;8.8;6;CAPT015;Mauvaise
M000417;PAT0117;2024-11-13 19:30:00;2024-11-13;19:30:00;38.4;117;79;70;97;12;1.96;65;25.7;112;3.7;4;CAPT043;Bonne
M000418;PAT0057;2024-06-30 20:51:00;2024-06-30;20:51:00;36.7;126;71;71;99;12;0.7;73.7;29.9;516;3.3;8;CAPT011;Moyenne
M000419;PAT0127;2024-07-28 03:16:00;2024-07-28;03:16:00;37.9;104;81;87;99;13;1.52;55.3;33.8;3951;5.8;8;CAPT030;Bonne
M000420;PAT0049;2024-02-25 13:02:00;2024-02-25;13:02:00;39.2;104;86;56;99;18;1.2;91.1;28;451;8.4;0;CAPT029;Bonne
M000421;PAT0118;2024-09-15 04:31:00;2024-09-15;04:31:00;35.5;106;74;112;93;18;1.16;85.5;27.4;3474;6;5;CAPT038;Bonne
M000422;PAT0124;2024-03-31 22:37:00;2024-03-31;22:37:00;36.2;119;88;78;95;21;3.33;89.8;19.8;4456;7.6;8;CAPT039;Bonne
M000423;PAT0083;2024-07-15 13:38:00;2024-07-15;13:38:00;39.2;128;69;71;95;17;1.05;86.9;22.7;7737;9.7;4;CAPT019;Mauvaise
M000424;PAT0116;2024-03-11 13:38:00;2024-03-11;13:38:00;38.3;140;64;107;89;15;1.26;86.2;23.1;4520;7.9;0;CAPT021;Bonne
M000425;PAT0183;2024-10-10 20:13:00;2024-10-10;20:13:00;36.3;111;66;57;95;13;1.22;79.3;22.9;7512;5.4;2;CAPT044;Bonne
M000426;PAT0034;2024-11-28 05:32:00;2024-11-28;05:32:00;37.7;123;69;92;99;21;1.39;80;30.1;6058;8.3;6;CAPT036;Bonne
M000427;PAT0123;2024-12-07 22:26:00;2024-12-07;22:26:00;38.2;128;74;92;97;22;2.54;94.2;27.1;2600;9.1;5;CAPT028;Bonne
M000428;PAT0004;2024-01-13 12:09:00;2024-01-13;12:09:00;35.7;118;79;89;95;16;1.07;48.1;22.5;2849;8.5;5;CAPT019;Mauvaise
M000429;PAT0175;2024-02-01 22:50:00;2024-02-01;22:50:00;36.7;149;94;63;94;17;0.88;86.4;18.5;4840;8.7;3;CAPT007;Bonne
M000430;PAT0158;2024-10-14 07:47:00;2024-10-14;07:47:00;38.1;136;88;55;96;21;1.31;66.4;26.7;6104;8.6;9;CAPT045;Bonne
M000431;PAT0074;2024-01-25 12:24:00;2024-01-25;12:24:00;37.2;121;78;75;96;19;1.19;88.3;29.6;1813;9.8;3;CAPT004;Moyenne
M000432;PAT0004;2024-04-13 19:55:00;2024-04-13;19:55:00;38.6;124;72;82;94;12;1.22;92.9;32.1;4396;9.4;3;CAPT046;Mauvaise
M000433;PAT0182;2024-10-28 17:47:00;2024-10-28;17:47:00;37.9;143;88;73;94;21;1.15;87.7;34.4;3491;5.1;8;CAPT012;Moyenne
M000434;PAT0175;2024-03-29 23:32:00;2024-03-29;23:32:00;36;176;90;92;94;21;0.75;47.2;22.7;369;4.8;5;CAPT011;Bonne
M000435;PAT0150;2024-01-03 10:29:00;2024-01-03;10:29:00;38.3;120;84;82;97;24;1.29;53.5;20.6;2426;5.3;8;CAPT004;Bonne
M000436;PAT0199;2024-11-11 21:19:00;2024-11-11;21:19:00;37.5;118;83;82;94;22;1.35;76.5;24.1;2424;8.5;8;CAPT021;Bonne
M000437;PAT0135;2024-04-04 16:04:00;2024-04-04;16:04:00;38.6;119;72;94;94;16;0.85;53.8;27.2;150;5.8;3;CAPT023;Bonne
M000438;PAT0057;2024-12-05 10:21:00;2024-12-05;10:21:00;36.9;132;84;59;96;13;1.32;57;30.8;6439;6.7;1;CAPT036;Moyenne
M000439;PAT0193;2024-01-05 03:42:00;2024-01-05;03:42:00;36.9;132;70;105;89;18;1.39;58.2;28.9;1673;9.4;1;CAPT016;Moyenne
M000440;PAT0011;2024-06-13 12:58:00;2024-06-13;12:58:00;38.7;118;63;67;99;14;1.18;51.2;22.4;1993;8.1;5;CAPT002;Moyenne
M000441;PAT0133;2024-07-10 16:51:00;2024-07-10;16:51:00;37.5;126;73;62;96;21;1.28;71.8;23;6864;7.6;8;CAPT021;Bonne
M000442;PAT0132;2024-02-19 05:49:00;2024-02-19;05:49:00;37.7;142;84;93;94;23;1.39;45.4;19.1;2843;7.7;0;CAPT050;Moyenne
M000443;PAT0055;2024-08-05 03:13:00;2024-08-05;03:13:00;37.7;108;77;75;95;24;1.31;83.7;34.6;3641;8.4;5;CAPT042;Bonne
M000444;PAT0019;2024-03-19 00:29:00;2024-03-19;00:29:00;38.4;170;102;97;98;23;1.22;47.1;19.2;7697;4.2;1;CAPT017;Bonne
M000445;PAT0143;2024-04-26 08:26:00;2024-04-26;08:26:00;37.1;110;85;67;97;17;0.75;79.7;25.4;4351;3.1;6;CAPT044;Bonne
M000446;PAT0031;2024-11-24 23:39:00;2024-11-24;23:39:00;35.8;123;63;82;94;18;1.07;86;18.8;3074;8.9;5;CAPT023;Bonne
M000447;PAT0129;2024-12-17 09:38:00;2024-12-17;09:38:00;35.8;135;90;92;98;24;0.77;87.1;25.4;644;5.8;0;CAPT043;Bonne
M000448;PAT0008;2024-09-30 07:08:00;2024-09-30;07:08:00;38.5;120;77;96;90;24;1.03;88.8;32.4;6446;5.1;3;CAPT041;Bonne
M000449;PAT0037;2024-11-27 11:00:00;2024-11-27;11:00:00;37.7;103;64;55;97;23;0.91;75.5;20.1;3515;3;7;CAPT039;Bonne
M000450;PAT0101;2024-02-13 09:13:00;2024-02-13;09:13:00;38.5;124;80;78;94;24;1.08;94.7;23.8;5430;5.9;6;CAPT042;Mauvaise
M000451;PAT0132;2024-04-04 07:39:00;2024-04-04;07:39:00;38.8;135;73;96;94;21;1.53;55.7;21.1;4409;8.6;6;CAPT004;Bonne
M000452;PAT0193;2024-10-08 14:41:00;2024-10-08;14:41:00;37.7;120;88;98;93;14;1.35;61;19.1;2156;3.7;2;CAPT047;Bonne
M000453;PAT0149;2024-06-18 11:08:00;2024-06-18;11:08:00;38.2;140;81;94;89;18;1.04;57.9;22.8;2512;3.5;6;CAPT013;Bonne
M000454;PAT0082;2024-06-17 19:42:00;2024-06-17;19:42:00;36.7;164;109;76;94;24;1.04;77.1;27.6;3310;5.6;4;CAPT021;Bonne
M000455;PAT0110;2024-06-09 07:50:00;2024-06-09;07:50:00;36.4;131;73;77;98;12;0.82;85.7;25.4;3318;8.9;7;CAPT009;Moyenne
M000456;PAT0174;2024-09-02 14:28:00;2024-09-02;14:28:00;36.9;136;65;107;93;17;1.21;61.8;27.4;4853;4.2;0;CAPT039;Bonne
M000457;PAT0021;2024-03-12 17:12:00;2024-03-12;17:12:00;36.6;142;69;68;95;21;1.29;93.7;19.3;6126;3.5;2;CAPT002;Bonne
M000458;PAT0130;2024-10-24 18:25:00;2024-10-24;18:25:00;38.6;108;69;82;96;18;1.14;56.7;18.6;2294;4.8;5;CAPT035;Bonne
M000459;PAT0121;2024-03-17 11:25:00;2024-03-17;11:25:00;36.4;114;89;82;96;24;2.7;87.5;30.5;136;5;0;CAPT030;Bonne
M000460;PAT0129;2024-07-22 11:32:00;2024-07-22;11:32:00;35.5;153;87;64;95;12;1.06;58.1;34.4;1948;9.9;1;CAPT044;Bonne
M000461;PAT0043;2024-03-12 14:10:00;2024-03-12;14:10:00;36.2;112;81;55;95;24;2.94;97.2;29.2;4015;9.8;0;CAPT048;Bonne
M000462;PAT0188;2024-07-02 01:14:00;2024-07-02;01:14:00;38.5;128;66;113;89;12;1.04;57.7;22.5;4166;4.6;4;CAPT043;Moyenne
M000463;PAT0053;2024-07-03 12:30:00;2024-07-03;12:30:00;39.2;137;91;93;98;12;1.06;93.5;18.7;1776;7.5;0;CAPT007;Moyenne
M000464;PAT0181;2024-11-20 08:53:00;2024-11-20;08:53:00;38.5;102;74;83;98;22;1.38;76.8;27.7;2463;5.6;9;CAPT025;Bonne
M000465;PAT0094;2024-02-09 16:16:00;2024-02-09;16:16:00;37;124;81;117;88;19;1.11;94.9;26.8;1847;5.5;0;CAPT023;Bonne
M000466;PAT0125;2024-11-05 00:32:00;2024-11-05;00:32:00;39;121;75;95;96;23;3.02;69.2;21.9;2994;6.6;5;CAPT018;Moyenne
M000467;PAT0055;2024-03-21 11:38:00;2024-03-21;11:38:00;38.4;113;88;73;96;13;0.81;51.5;21.9;4008;8.7;2;CAPT047;Bonne
M000468;PAT0030;2024-09-02 15:13:00;2024-09-02;15:13:00;37.9;164;109;94;95;14;1.04;80.6;25;383;4.7;1;CAPT009;Bonne
M000469;PAT0147;2024-03-09 20:32:00;2024-03-09;20:32:00;35.7;121;65;101;94;20;1.11;76.5;19;5991;4.8;3;CAPT012;Moyenne
M000470;PAT0133;2024-11-02 18:40:00;2024-11-02;18:40:00;35.6;144;77;56;98;24;1.37;84.6;29.2;2382;5;3;CAPT006;Mauvaise
M000471;PAT0056;2024-08-29 15:10:00;2024-08-29;15:10:00;36.4;141;88;57;96;14;1.01;67.6;20.4;5813;7.1;7;CAPT050;Bonne
M000472;PAT0047;2024-09-18 08:10:00;2024-09-18;08:10:00;38.4;138;104;65;95;22;1.14;63.8;25.7;6239;7.1;1;CAPT015;Bonne
M000473;PAT0097;2024-02-25 00:12:00;2024-02-25;00:12:00;37.6;143;86;69;94;15;0.97;95;29.6;5255;8.8;8;CAPT039;Bonne
M000474;PAT0025;2024-11-10 19:02:00;2024-11-10;19:02:00;39;171;100;99;99;18;0.82;74.2;30.8;1503;3.7;9;CAPT043;Moyenne
M000475;PAT0034;2024-10-03 00:57:00;2024-10-03;00:57:00;39.3;134;64;73;97;24;1.33;82.3;25.3;2618;5.9;6;CAPT003;Bonne
M000476;PAT0179;2024-04-27 15:50:00;2024-04-27;15:50:00;38.6;162;90;83;95;12;1.07;64.3;31.7;3471;9.4;6;CAPT045;Bonne
M000477;PAT0148;2024-03-09 08:30:00;2024-03-09;08:30:00;38.6;155;88;96;98;16;0.77;95.1;19.4;1493;7.2;9;CAPT035;Bonne
M000478;PAT0105;2024-01-03 22:47:00;2024-01-03;22:47:00;38.7;147;95;70;96;20;0.88;76.8;20;7207;3.1;1;CAPT042;Bonne
M000479;PAT0053;2024-06-10 13:23:00;2024-06-10;13:23:00;35.9;146;94;98;96;12;1.18;68.4;28;3801;4.8;1;CAPT035;Bonne
M000480;PAT0109;2024-11-09 08:43:00;2024-11-09;08:43:00;37.1;125;82;72;99;12;1.1;56.2;27.4;383;6.9;5;CAPT012;Bonne
M000481;PAT0095;2024-09-04 08:19:00;2024-09-04;08:19:00;37.8;102;65;57;99;24;1.09;87.6;24.8;5248;4;4;CAPT043;Bonne
M000482;PAT0031;2024-08-16 22:10:00;2024-08-16;22:10:00;35.9;112;86;90;99;21;1.22;73;31.4;3046;8.6;4;CAPT040;Moyenne
M000483;PAT0179;2024-01-27 05:24:00;2024-01-27;05:24:00;39.4;138;107;60;97;21;1.18;45.3;19.5;3940;4;3;CAPT039;Bonne
M000484;PAT0112;2024-05-14 07:23:00;2024-05-14;07:23:00;35.8;127;67;55;98;17;0.76;47.1;24.5;1093;9.9;4;CAPT040;Moyenne
M000485;PAT0168;2024-12-30 19:03:00;2024-12-30;19:03:00;39.3;114;64;60;94;19;1.06;90.1;28.9;365;6.1;7;CAPT013;Bonne
M000486;PAT0169;2024-09-22 09:12:00;2024-09-22;09:12:00;35.6;128;66;94;98;17;1.35;78;26.8;6033;4.6;1;CAPT011;Moyenne
M000487;PAT0173;2024-05-02 20:00:00;2024-05-02;20:00:00;39.4;132;81;127;95;22;0.73;49.8;22.7;3347;5.8;9;CAPT043;Bonne
M000488;PAT0102;2024-04-12 16:00:00;2024-04-12;16:00:00;38.4;126;62;85;98;24;0.98;48.8;19.5;6000;5;2;CAPT036;Bonne
M000489;PAT0150;2024-05-21 07:38:00;2024-05-21;07:38:00;39.4;120;78;65;99;23;0.94;70;24.9;5423;3;4;CAPT012;Bonne
M000490;PAT0105;2024-10-13 02:32:00;2024-10-13;02:32:00;36.7;172;98;78;95;12;1.05;97.1;31.7;991;9.7;3;CAPT035;Bonne
M000491;PAT0148;2024-08-14 12:36:00;2024-08-14;12:36:00;37.4;149;95;89;96;16;0.88;58.4;23.8;3196;8.4;9;CAPT044;Bonne
M000492;PAT0118;2024-01-15 15:07:00;2024-01-15;15:07:00;36.5;103;88;118;94;14;1.33;66;31.4;2730;4.5;1;CAPT045;Moyenne
M000493;PAT0059;2024-07-30 11:33:00;2024-07-30;11:33:00;37.6;142;84;74;96;18;1.26;83.5;22.5;6039;5;1;CAPT026;Bonne
M000494;PAT0173;2024-06-24 02:35:00;2024-06-24;02:35:00;39.2;104;86;94;90;16;1.22;71.2;24;2827;9.3;1;CAPT018;Bonne
M000495;PAT0047;2024-12-15 06:31:00;2024-12-15;06:31:00;38.4;176;104;92;94;22;1.36;57.9;22.1;4383;4.9;1;CAPT015;Bonne
M000496;PAT0052;2024-11-12 11:09:00;2024-11-12;11:09:00;38.6;117;83;77;96;16;1.28;51.6;19.3;939;9.7;4;CAPT032;Bonne
M000497;PAT0158;2024-10-04 01:54:00;2024-10-04;01:54:00;37.4;159;93;64;99;14;0.7;79.1;26.4;4928;9.9;6;CAPT037;Bonne
M000498;PAT0071;2024-09-18 08:25:00;2024-09-18;08:25:00;36.4;114;67;66;99;17;2.33;76.7;18.9;3825;8.6;0;CAPT031;Moyenne
M000499;PAT0139;2024-06-26 12:55:00;2024-06-26;12:55:00;38.2;148;102;74;95;12;0.72;54.6;34.6;374;7.9;7;CAPT030;Moyenne
M000500;PAT0081;2024-01-07 21:13:00;2024-01-07;21:13:00;37;129;65;57;97;19;2.79;50.5;24.1;89;9;1;CAPT012;Bonne
M000501;PAT0141;2024-05-17 15:39:00;2024-05-17;15:39:00;36.9;137;61;90;99;21;0.88;55.1;25.2;1610;5.9;7;CAPT049;Bonne
M000502;PAT0096;2024-07-24 08:28:00;2024-07-24;08:28:00;36.2;177;106;74;98;19;0.96;52.2;27.8;7129;4.6;0;CAPT007;Bonne
M000503;PAT0185;2024-04-30 17:27:00;2024-04-30;17:27:00;38.9;115;73;97;98;22;0.89;55.8;31.6;1262;8.2;7;CAPT031;Bonne
M000504;PAT0003;2024-09-12 04:57:00;2024-09-12;04:57:00;38.9;122;83;63;96;14;1.61;73.4;30.2;2259;8.5;4;CAPT020;Moyenne
M000505;PAT0065;2024-10-17 01:25:00;2024-10-17;01:25:00;35.9;165;107;62;98;15;1.09;54;21.7;6523;4.8;6;CAPT041;Bonne
M000506;PAT0025;2024-06-20 08:23:00;2024-06-20;08:23:00;36.9;146;101;71;95;24;1.01;75.7;31.8;6034;5.4;1;CAPT027;Bonne
M000507;PAT0032;2024-12-13 19:12:00;2024-12-13;19:12:00;37.8;143;85;88;96;15;0.95;80.7;27.2;4145;9.9;5;CAPT019;Mauvaise
M000508;PAT0091;2024-09-18 15:49:00;2024-09-18;15:49:00;38.4;131;79;69;98;15;0.93;93.9;24.5;3970;5;4;CAPT041;Moyenne
M000509;PAT0038;2024-11-23 10:26:00;2024-11-23;10:26:00;38;139;67;94;97;19;1.31;76.4;32.4;1942;3.5;7;CAPT011;Bonne
M000510;PAT0088;2024-06-11 20:18:00;2024-06-11;20:18:00;38.3;142;108;64;97;12;0.86;78.3;24.7;7587;9.2;3;CAPT050;Bonne
M000511;PAT0093;2024-09-23 14:26:00;2024-09-23;14:26:00;36.2;121;63;85;95;17;2.92;92;20.1;2430;4.6;7;CAPT017;Bonne
M000512;PAT0191;2024-02-10 06:10:00;2024-02-10;06:10:00;37.1;122;81;56;96;23;1.19;50.3;33.9;3373;6.3;4;CAPT004;Bonne
M000513;PAT0007;2024-09-25 02:06:00;2024-09-25;02:06:00;36.5;109;67;78;96;23;1.24;53.5;29.1;3183;9.2;6;CAPT020;Bonne
M000514;PAT0059;2024-05-25 14:40:00;2024-05-25;14:40:00;36;130;69;96;98;19;0.87;74;20.9;225;3.2;8;CAPT023;Bonne
M000515;PAT0084;2024-08-27 17:59:00;2024-08-27;17:59:00;36.6;124;75;72;96;23;1.3;69.5;34.5;5031;7.9;0;CAPT012;Moyenne
M000516;PAT0152;2024-11-19 23:40:00;2024-11-19;23:40:00;39;149;99;93;98;12;1.12;68.9;28.9;3103;6.7;8;CAPT023;Mauvaise
M000517;PAT0124;2024-02-15 14:19:00;2024-02-15;14:19:00;37;125;86;75;95;24;2.44;59.3;23.2;5839;3;8;CAPT049;Bonne
M000518;PAT0035;2024-08-28 17:00:00;2024-08-28;17:00:00;38.3;143;65;73;97;18;0.94;72.1;30.8;6904;5.1;2;CAPT050;Moyenne
M000519;PAT0111;2024-11-01 07:50:00;2024-11-01;07:50:00;35.5;115;82;93;97;22;1.26;65.6;25;6488;6.9;7;CAPT026;Bonne
M000520;PAT0064;2024-11-26 12:53:00;2024-11-26;12:53:00;37;116;76;91;99;14;0.81;59.5;25.2;5708;4.7;8;CAPT049;Bonne
M000521;PAT0157;2024-12-16 08:18:00;2024-12-16;08:18:00;38.1;113;81;58;97;18;1.27;74.3;22.6;5191;4.3;8;CAPT005;Moyenne
M000522;PAT0047;2024-02-26 20:29:00;2024-02-26;20:29:00;38;172;90;82;98;14;0.8;60;28.6;7579;4.3;2;CAPT002;Bonne
M000523;PAT0039;2024-09-30 00:11:00;2024-09-30;00:11:00;39.4;133;75;76;98;17;0.73;60.5;20.1;6855;6.1;6;CAPT001;Bonne
M000524;PAT0060;2024-01-08 15:13:00;2024-01-08;15:13:00;36.9;105;73;86;96;21;1.41;62.1;31.6;4482;10;0;CAPT030;Moyenne
M000525;PAT0179;2024-06-18 02:53:00;2024-06-18;02:53:00;38.5;163;89;79;94;16;1.25;53;22.5;2809;5.7;3;CAPT035;Bonne
M000526;PAT0121;2024-05-08 12:53:00;2024-05-08;12:53:00;35.6;121;63;67;98;21;1.62;98.6;30.1;7793;5.7;0;CAPT029;Bonne
M000527;PAT0064;2024-01-18 06:29:00;2024-01-18;06:29:00;38.4;112;76;90;94;12;1.22;50.2;29.3;910;4.5;0;CAPT025;Bonne
M000528;PAT0175;2024-06-14 05:40:00;2024-06-14;05:40:00;38.4;142;102;81;98;18;1.37;86;27.3;3757;3.9;7;CAPT031;Bonne
M000529;PAT0164;2024-07-03 01:55:00;2024-07-03;01:55:00;38.2;160;99;67;98;12;0.91;98.5;22;155;6;8;CAPT001;Moyenne
M000530;PAT0043;2024-10-26 03:25:00;2024-10-26;03:25:00;38.7;101;81;72;94;18;3.03;45.5;18.7;4108;8.5;1;CAPT031;Bonne
M000531;PAT0177;2024-07-09 02:15:00;2024-07-09;02:15:00;36.1;129;77;67;96;16;1.12;50;28.5;6749;9.5;4;CAPT049;Bonne
M000532;PAT0161;2024-07-01 20:09:00;2024-07-01;20:09:00;38.3;116;67;73;97;20;0.74;88.5;20.1;7347;4.6;9;CAPT036;Moyenne
M000533;PAT0166;2024-08-12 23:12:00;2024-08-12;23:12:00;35.6;157;104;84;94;20;1.23;65.8;30.3;6451;4.8;8;CAPT003;Moyenne
M000534;PAT0125;2024-10-13 09:34:00;2024-10-13;09:34:00;38.3;100;71;89;96;13;2.83;55.4;21.2;3791;5.4;8;CAPT047;Bonne
M000535;PAT0120;2024-11-02 17:10:00;2024-11-02;17:10:00;35.8;146;85;99;99;20;0.89;53.5;23;5048;4.8;7;CAPT024;Bonne
M000536;PAT0117;2024-11-22 16:24:00;2024-11-22;16:24:00;38.4;111;60;97;95;14;1.2;93.6;28.5;4234;5.5;6;CAPT040;Bonne
M000537;PAT0062;2024-02-02 21:34:00;2024-02-02;21:34:00;38.8;116;60;86;95;24;0.92;55.4;29.6;1748;8.4;4;CAPT010;Moyenne
M000538;PAT0157;2024-07-28 20:20:00;2024-07-28;20:20:00;35.9;105;81;92;98;24;0.9;73.8;19.1;191;8.8;2;CAPT009;Bonne
M000539;PAT0046;2024-04-13 03:31:00;2024-04-13;03:31:00;36.3;140;76;89;96;22;1.31;46.7;28.9;6999;5.7;0;CAPT032;Bonne
M000540;PAT0135;2024-10-29 08:03:00;2024-10-29;08:03:00;37;101;67;73;97;22;1.14;78.3;19.2;272;9.5;5;CAPT014;Bonne
M000541;PAT0168;2024-02-10 14:51:00;2024-02-10;14:51:00;38.1;137;87;56;99;18;1.04;64.9;30.6;4388;9.2;2;CAPT024;Bonne
M000542;PAT0182;2024-11-11 08:33:00;2024-11-11;08:33:00;35.7;156;101;97;97;21;0.74;48.9;23.2;5388;9.6;3;CAPT034;Bonne
M000543;PAT0025;2024-04-28 17:24:00;2024-04-28;17:24:00;36.3;151;93;90;97;14;0.77;73.9;22.2;5305;7.4;2;CAPT012;Bonne
M000544;PAT0143;2024-07-31 23:06:00;2024-07-31;23:06:00;38.6;127;60;96;95;19;1.22;76.7;29.5;2656;7.9;7;CAPT028;Mauvaise
M000545;PAT0027;2024-04-02 17:25:00;2024-04-02;17:25:00;37.5;103;65;98;96;20;1.58;81.2;27.1;4462;7.2;7;CAPT023;Bonne
M000546;PAT0081;2024-06-15 11:26:00;2024-06-15;11:26:00;38.6;123;82;68;98;20;2.47;68.7;30.3;7678;7.3;1;CAPT037;Bonne
M000547;PAT0140;2024-10-08 23:16:00;2024-10-08;23:16:00;36.9;123;89;96;94;21;0.85;69.9;34.3;915;3;7;CAPT003;Bonne
M000548;PAT0073;2024-09-22 04:56:00;2024-09-22;04:56:00;36.7;102;83;59;96;21;1.12;61.5;21.8;3354;9;0;CAPT002;Bonne
M000549;PAT0198;2024-12-19 08:58:00;2024-12-19;08:58:00;37.7;111;68;98;95;13;1.28;75.6;33.7;2398;4.1;1;CAPT003;Moyenne
M000550;PAT0118;2024-03-11 08:23:00;2024-03-11;08:23:00;39.1;122;63;112;95;18;0.95;58.7;22.4;6511;5.1;0;CAPT037;Bonne
M000551;PAT0103;2024-04-21 23:04:00;2024-04-21;23:04:00;38.4;101;89;92;89;16;1.1;88.6;20.9;5080;8.8;3;CAPT045;Moyenne
M000552;PAT0180;2024-02-18 19:41:00;2024-02-18;19:41:00;36.7;121;80;122;91;17;1.1;85.2;27.8;5884;3.5;9;CAPT004;Bonne
M000553;PAT0198;2024-08-10 13:59:00;2024-08-10;13:59:00;39;114;73;79;98;19;0.93;92.8;21.9;888;7.6;9;CAPT039;Bonne
M000554;PAT0003;2024-11-19 12:03:00;2024-11-19;12:03:00;36.7;142;75;98;97;22;2.66;47.3;27.2;529;4;4;CAPT033;Moyenne
M000555;PAT0179;2024-01-26 21:46:00;2024-01-26;21:46:00;39.5;156;92;77;96;19;0.85;98.4;30.8;7409;7;9;CAPT006;Bonne
M000556;PAT0057;2024-07-20 04:08:00;2024-07-20;04:08:00;36.8;107;82;65;98;16;1;71.2;30.7;6009;6.8;4;CAPT017;Bonne
M000557;PAT0022;2024-08-10 22:08:00;2024-08-10;22:08:00;38.5;179;90;83;98;20;0.98;71.5;21.4;5690;5.8;1;CAPT037;Moyenne
M000558;PAT0051;2024-09-25 07:15:00;2024-09-25;07:15:00;35.8;129;70;82;97;23;1.09;87.7;23.5;4006;9.5;9;CAPT006;Moyenne
M000559;PAT0029;2024-08-04 11:22:00;2024-08-04;11:22:00;36.3;107;88;82;95;20;1.17;63.9;29.1;614;8.4;9;CAPT011;Bonne
M000560;PAT0090;2024-08-14 19:09:00;2024-08-14;19:09:00;37.3;133;82;120;91;20;1.13;95.8;22;1611;7.8;0;CAPT010;Bonne
M000561;PAT0194;2024-02-13 03:47:00;2024-02-13;03:47:00;35.7;139;64;55;94;20;1.21;97.2;33.8;3262;9.1;9;CAPT019;Bonne
M000562;PAT0004;2024-02-26 09:28:00;2024-02-26;09:28:00;37.4;120;74;71;99;17;0.94;63.3;30.6;2658;4.5;7;CAPT035;Bonne
M000563;PAT0134;2024-10-07 15:39:00;2024-10-07;15:39:00;38.4;116;76;80;98;12;2.93;52.8;29.9;165;3.1;0;CAPT038;Bonne
M000564;PAT0170;2024-05-10 05:03:00;2024-05-10;05:03:00;36.6;179;90;89;99;19;1.07;88.4;28.5;3516;3.4;5;CAPT042;Moyenne
M000565;PAT0003;2024-12-04 08:42:00;2024-12-04;08:42:00;38.9;112;76;85;98;19;1.35;81.3;32.7;2722;3.1;5;CAPT042;Bonne
M000566;PAT0099;2024-07-13 16:45:00;2024-07-13;16:45:00;35.9;122;84;123;89;16;0.86;62.4;32.7;985;6.7;3;CAPT012;Bonne
M000567;PAT0051;2024-08-22 17:59:00;2024-08-22;17:59:00;38.3;117;63;71;94;24;1.05;47.2;33.7;2950;5.1;6;CAPT032;Bonne
M000568;PAT0101;2024-01-10 11:43:00;2024-01-10;11:43:00;36.9;142;74;98;96;12;1.22;79.4;22;2466;9.8;2;CAPT033;Bonne
M000569;PAT0071;2024-11-16 08:56:00;2024-11-16;08:56:00;37;134;85;98;98;24;3.07;100;34.8;4240;9.6;6;CAPT018;Bonne
M000570;PAT0058;2024-07-20 21:08:00;2024-07-20;21:08:00;35.9;100;62;86;97;24;0.81;66;34.3;4037;7.3;9;CAPT041;Bonne
M000571;PAT0176;2024-05-03 18:09:00;2024-05-03;18:09:00;37.2;136;75;69;99;15;0.86;62.2;28.3;807;6.1;3;CAPT009;Bonne
M000572;PAT0053;2024-10-24 17:43:00;2024-10-24;17:43:00;38.7;162;97;56;96;17;1.16;92.4;23.3;4231;7.9;7;CAPT034;Mauvaise
M000573;PAT0035;2024-03-15 20:59:00;2024-03-15;20:59:00;37.8;130;68;93;98;13;1;53.7;19.2;3847;6.7;6;CAPT047;Mauvaise
M000574;PAT0031;2024-03-15 23:01:00;2024-03-15;23:01:00;38.6;138;69;70;96;21;0.83;93.4;25;3301;5.9;1;CAPT029;Bonne
M000575;PAT0191;2024-11-22 23:17:00;2024-11-22;23:17:00;36.1;128;66;88;96;24;1.35;55.3;20.2;2710;3.2;4;CAPT040;Bonne
M000576;PAT0158;2024-10-17 19:14:00;2024-10-17;19:14:00;37.9;178;88;83;99;21;0.89;57.7;18.4;3217;3.6;7;CAPT050;Bonne
M000577;PAT0123;2024-11-05 15:45:00;2024-11-05;15:45:00;38.1;108;64;64;97;17;1.51;55.1;24.6;2671;6.3;7;CAPT011;Bonne
M000578;PAT0050;2024-07-28 00:59:00;2024-07-28;00:59:00;36.6;102;69;65;96;12;0.86;67.7;30.6;7263;9.9;3;CAPT049;Bonne
M000579;PAT0053;2024-08-12 19:31:00;2024-08-12;19:31:00;38.3;151;93;73;98;17;0.75;92.7;33.1;7671;6;5;CAPT050;Bonne
M000580;PAT0011;2024-07-13 23:20:00;2024-07-13;23:20:00;37.1;100;79;76;96;24;1.13;96.7;27.7;2810;6.8;9;CAPT042;Bonne
M000581;PAT0181;2024-09-23 03:28:00;2024-09-23;03:28:00;37.3;111;82;68;94;13;1.25;93.3;32.9;6256;4.7;8;CAPT035;Bonne
M000582;PAT0102;2024-01-21 17:24:00;2024-01-21;17:24:00;37.6;109;78;59;97;18;1.39;79.7;18.8;4125;5;8;CAPT026;Bonne
M000583;PAT0078;2024-05-26 14:10:00;2024-05-26;14:10:00;37.2;144;83;79;95;21;2.98;78.7;18.9;1016;6.6;9;CAPT010;Bonne
M000584;PAT0119;2024-08-19 02:46:00;2024-08-19;02:46:00;37.5;140;84;68;96;15;1.28;54.9;28;2095;9.3;1;CAPT035;Bonne
M000585;PAT0035;2024-06-14 14:01:00;2024-06-14;14:01:00;36.2;110;70;75;98;17;0.98;77.5;30.1;4780;4.4;6;CAPT030;Bonne
M000586;PAT0024;2024-12-20 20:58:00;2024-12-20;20:58:00;38.3;101;71;96;95;17;1.78;54;30.5;3066;3.6;0;CAPT046;Bonne
M000587;PAT0116;2024-02-13 16:45:00;2024-02-13;16:45:00;37;134;80;115;95;17;1.14;88.5;26.7;5048;9.6;9;CAPT025;Bonne
M000588;PAT0141;2024-03-28 10:36:00;2024-03-28;10:36:00;39;112;63;93;99;13;0.97;92.4;20.8;7641;4;7;CAPT050;Mauvaise
M000589;PAT0183;2024-06-06 09:46:00;2024-06-06;09:46:00;38.6;139;87;66;98;22;0.74;69.5;28.6;16;3.8;0;CAPT009;Bonne
M000590;PAT0052;2024-05-09 00:29:00;2024-05-09;00:29:00;37.5;120;67;59;95;15;0.7;72.4;31.7;2843;7.3;5;CAPT032;Bonne
M000591;PAT0061;2024-12-03 15:29:00;2024-12-03;15:29:00;37.1;111;64;84;99;21;1.7;49.4;28.2;1094;4.7;3;CAPT036;Bonne
M000592;PAT0072;2024-10-12 06:03:00;2024-10-12;06:03:00;36.2;136;88;57;97;15;1.13;48;23.9;7954;4;9;CAPT003;Bonne
M000593;PAT0171;2024-11-04 09:21:00;2024-11-04;09:21:00;39.2;136;86;83;97;20;1.1;47.7;25.1;4933;4.2;3;CAPT044;Bonne
M000594;PAT0073;2024-12-20 22:38:00;2024-12-20;22:38:00;37.8;131;75;72;98;17;1.13;75.9;34.4;3939;8.2;2;CAPT024;Bonne
M000595;PAT0010;2024-06-02 10:23:00;2024-06-02;10:23:00;39.1;112;70;83;97;17;1.41;90.1;30.9;691;8.9;3;CAPT005;Bonne
M000596;PAT0075;2024-03-03 22:55:00;2024-03-03;22:55:00;36.6;108;66;73;99;17;2.28;74;26.9;7283;7.9;8;CAPT040;Bonne
M000597;PAT0015;2024-11-18 16:05:00;2024-11-18;16:05:00;37.4;131;63;72;98;15;0.78;82.9;33.9;1878;9.9;4;CAPT019;Bonne
M000598;PAT0110;2024-06-11 08:33:00;2024-06-11;08:33:00;37.8;103;88;98;95;24;1.13;79.3;33.8;5929;7.3;8;CAPT032;Bonne
M000599;PAT0134;2024-09-11 15:51:00;2024-09-11;15:51:00;36.2;106;63;73;95;14;2.88;78.5;30;2488;9.9;4;CAPT001;Moyenne
M000600;PAT0031;2024-11-16 03:47:00;2024-11-16;03:47:00;38.9;118;80;86;95;22;0.72;89;35;1907;5.9;9;CAPT022;Bonne
M000601;PAT0090;2024-11-22 06:00:00;2024-11-22;06:00:00;38.1;123;76;121;95;18;1.09;83;22.3;244;3.5;7;CAPT020;Moyenne
M000602;PAT0130;2024-01-04 03:43:00;2024-01-04;03:43:00;36.8;120;63;61;95;13;1.08;66.8;27.7;907;9.7;0;CAPT012;Moyenne
M000603;PAT0050;2024-06-22 21:30:00;2024-06-22;21:30:00;39.2;127;60;82;98;21;0.93;88.8;29;6854;6.4;1;CAPT041;Bonne
M000604;PAT0118;2024-10-01 10:29:00;2024-10-01;10:29:00;38.6;103;71;108;89;22;1.32;67.8;30.6;3367;8.8;1;CAPT020;Bonne
M000605;PAT0145;2024-06-10 17:34:00;2024-06-10;17:34:00;35.6;144;62;66;96;21;1.21;76.8;23.6;2842;9.4;0;CAPT023;Mauvaise
M000606;PAT0017;2024-05-23 00:21:00;2024-05-23;00:21:00;39.4;115;61;84;97;17;1.38;79.5;32.3;3867;7;8;CAPT025;Bonne
M000607;PAT0048;2024-06-06 22:54:00;2024-06-06;22:54:00;36.8;109;87;96;94;24;1.12;46.7;25;1015;6.5;8;CAPT016;Bonne
M000608;PAT0096;2024-06-03 06:33:00;2024-06-03;06:33:00;36.7;171;106;70;98;17;1.02;51.2;31.3;184;8.4;3;CAPT006;Moyenne
M000609;PAT0114;2024-09-04 16:09:00;2024-09-04;16:09:00;36.3;126;68;70;95;21;2.36;95.8;30.5;3672;6.7;1;CAPT050;Bonne
M000610;PAT0084;2024-02-20 16:43:00;2024-02-20;16:43:00;39.5;108;71;80;94;21;0.8;56.3;18.6;1887;5.7;8;CAPT034;Bonne
M000611;PAT0030;2024-01-23 21:54:00;2024-01-23;21:54:00;37.9;154;91;56;94;14;0.7;49.8;25.9;7803;3.3;3;CAPT034;Bonne
M000612;PAT0197;2024-06-08 00:36:00;2024-06-08;00:36:00;38.5;126;61;120;88;13;1.16;80.1;21.6;7452;4.4;4;CAPT019;Bonne
M000613;PAT0071;2024-08-13 21:07:00;2024-08-13;21:07:00;36.6;138;83;75;95;16;2.42;53.7;19.9;7825;9.7;7;CAPT036;Bonne
M000614;PAT0132;2024-10-04 11:35:00;2024-10-04;11:35:00;36.8;111;81;60;97;24;1.44;52.8;30;5539;5;5;CAPT016;Bonne
M000615;PAT0044;2024-11-09 10:34:00;2024-11-09;10:34:00;37.3;115;88;125;95;20;0.75;52.2;26;1119;7.7;0;CAPT007;Moyenne
M000616;PAT0099;2024-08-06 12:11:00;2024-08-06;12:11:00;38.3;119;77;127;90;18;0.74;94;28.7;479;7.8;4;CAPT029;Bonne
M000617;PAT0158;2024-06-19 06:45:00;2024-06-19;06:45:00;38.5;174;103;68;99;17;0.95;89.5;19.3;2443;9.5;0;CAPT049;Bonne
M000618;PAT0120;2024-02-17 22:29:00;2024-02-17;22:29:00;35.9;148;91;86;97;12;1.1;62.1;29;680;8.4;5;CAPT031;Mauvaise
M000619;PAT0060;2024-03-14 19:16:00;2024-03-14;19:16:00;39.2;133;64;99;96;15;3.38;66.6;29.9;6998;7.7;7;CAPT021;Bonne
M000620;PAT0117;2024-02-03 15:07:00;2024-02-03;15:07:00;36.9;113;74;97;94;16;2.32;70.4;20.9;7454;8.4;2;CAPT039;Bonne
M000621;PAT0148;2024-02-22 12:52:00;2024-02-22;12:52:00;38.4;153;98;77;98;22;0.79;50.9;27.5;7891;3.5;2;CAPT020;Moyenne
M000622;PAT0137;2024-10-29 13:15:00;2024-10-29;13:15:00;38;128;65;79;99;13;1.02;75.1;34.6;6060;5.7;4;CAPT022;Bonne
M000623;PAT0054;2024-10-29 13:50:00;2024-10-29;13:50:00;39.4;124;67;55;97;23;1.27;76.2;23.8;5974;7.9;6;CAPT012;Mauvaise
M000624;PAT0170;2024-12-30 18:53:00;2024-12-30;18:53:00;37.4;158;95;83;99;21;1.17;77.6;25.9;2575;6.9;2;CAPT029;Moyenne
M000625;PAT0046;2024-07-26 02:38:00;2024-07-26;02:38:00;35.9;102;60;55;94;13;0.92;89.8;31.1;3996;5.7;3;CAPT032;Bonne
M000626;PAT0166;2024-02-16 06:52:00;2024-02-16;06:52:00;36.1;163;100;87;96;23;1.16;76.9;30.8;5794;8.7;4;CAPT049;Bonne
M000627;PAT0038;2024-08-19 17:18:00;2024-08-19;17:18:00;37.1;111;79;99;97;20;1.16;76.8;21.3;5798;7.8;3;CAPT021;Bonne
M000628;PAT0077;2024-12-13 09:58:00;2024-12-13;09:58:00;39.3;118;65;81;98;22;1.1;68.9;34.7;652;5.4;8;CAPT006;Bonne
M000629;PAT0150;2024-09-18 12:54:00;2024-09-18;12:54:00;36;144;81;97;96;19;0.71;61.2;24.3;2035;6.8;7;CAPT004;Mauvaise
M000630;PAT0001;2024-07-02 03:55:00;2024-07-02;03:55:00;36.6;125;82;97;98;23;2.82;46.7;25.3;4232;7.1;3;CAPT041;Bonne
M000631;PAT0082;2024-07-26 12:27:00;2024-07-26;12:27:00;37.7;173;103;66;99;22;1.2;81.4;26.1;2713;4.3;9;CAPT025;Moyenne
M000632;PAT0093;2024-03-19 09:55:00;2024-03-19;09:55:00;38.2;137;61;97;96;17;3.13;52.4;19.2;941;3.1;3;CAPT047;Bonne
M000633;PAT0125;2024-03-10 02:08:00;2024-03-10;02:08:00;38.1;141;87;55;96;19;2.71;67.9;25.8;4423;8.5;3;CAPT039;Moyenne
M000634;PAT0109;2024-08-20 16:27:00;2024-08-20;16:27:00;37.7;106;70;93;98;15;1.14;69.8;24;1944;4.3;9;CAPT039;Moyenne
M000635;PAT0002;2024-05-01 22:32:00;2024-05-01;22:32:00;36.6;111;70;91;99;16;1.1;96;27.8;599;3.2;8;CAPT003;Mauvaise
M000636;PAT0146;2024-07-07 03:37:00;2024-07-07;03:37:00;37.4;138;95;86;94;18;1.04;83;20.4;365;8.1;9;CAPT049;Bonne
M000637;PAT0200;2024-09-21 02:33:00;2024-09-21;02:33:00;39.1;140;82;99;95;23;0.9;49.9;26;746;8.2;8;CAPT043;Bonne
M000638;PAT0020;2024-10-03 18:19:00;2024-10-03;18:19:00;38;128;78;87;97;14;1.18;94.7;27.1;797;3.1;0;CAPT030;Bonne
M000639;PAT0132;2024-10-20 23:21:00;2024-10-20;23:21:00;37.2;129;79;83;98;19;3.28;97.8;31.6;7384;5;2;CAPT003;Bonne
M000640;PAT0178;2024-06-04 23:50:00;2024-06-04;23:50:00;37.8;137;82;79;95;18;1.35;48.4;26;7445;4.2;0;CAPT004;Mauvaise
M000641;PAT0169;2024-11-15 00:18:00;2024-11-15;00:18:00;37.4;140;69;64;94;18;1.39;52;19.3;5615;8.5;1;CAPT017;Bonne
M000642;PAT0034;2024-05-20 08:00:00;2024-05-20;08:00:00;38.5;132;60;98;98;23;1.13;78.2;33.5;929;8.2;3;CAPT043;Moyenne
M000643;PAT0115;2024-03-30 08:50:00;2024-03-30;08:50:00;38.3;142;81;80;97;12;0.96;71.7;31.6;2118;9;1;CAPT022;Moyenne
M000644;PAT0022;2024-10-31 04:53:00;2024-10-31;04:53:00;37.5;169;92;78;96;15;1.38;99.6;31.1;6065;4.7;3;CAPT029;Bonne
M000645;PAT0186;2024-04-17 18:46:00;2024-04-17;18:46:00;38.9;126;73;72;97;23;1.15;48;22.5;1436;8.7;2;CAPT004;Bonne
M000646;PAT0043;2024-08-31 09:30:00;2024-08-31;09:30:00;38.5;130;63;91;94;18;2.27;86.4;27.1;4399;5.7;9;CAPT046;Bonne
M000647;PAT0100;2024-03-15 16:55:00;2024-03-15;16:55:00;37.2;140;63;119;93;17;1.03;60.9;31.6;7370;5.7;1;CAPT021;Bonne
M000648;PAT0136;2024-01-22 03:58:00;2024-01-22;03:58:00;37.6;129;63;107;89;16;1.18;64.5;32.4;4350;7.3;6;CAPT042;Bonne
M000649;PAT0070;2024-05-16 03:16:00;2024-05-16;03:16:00;38.1;125;82;80;98;17;1.97;66.5;31.1;4677;8.2;7;CAPT047;Moyenne
M000650;PAT0173;2024-04-09 16:21:00;2024-04-09;16:21:00;38.2;118;64;107;94;16;1.11;99.6;23.3;5661;3.1;8;CAPT001;Moyenne
M000651;PAT0018;2024-02-20 16:06:00;2024-02-20;16:06:00;38.2;109;64;66;99;22;0.71;64.3;30.3;3494;4.8;8;CAPT003;Moyenne
M000652;PAT0007;2024-01-30 19:42:00;2024-01-30;19:42:00;39.1;111;82;83;94;22;1.13;56.9;28.2;1725;3.9;4;CAPT008;Bonne
M000653;PAT0023;2024-03-07 12:42:00;2024-03-07;12:42:00;38.6;138;80;98;99;13;3.17;80.6;31.7;2306;4.3;6;CAPT008;Mauvaise
M000654;PAT0179;2024-05-30 14:42:00;2024-05-30;14:42:00;39.2;178;90;91;95;12;0.83;80.1;33.7;6507;4.9;9;CAPT028;Bonne
M000655;PAT0178;2024-06-14 08:10:00;2024-06-14;08:10:00;38.6;117;63;88;98;19;1.33;60.3;19.1;6165;5.7;1;CAPT004;Moyenne
M000656;PAT0067;2024-05-15 05:28:00;2024-05-15;05:28:00;35.8;105;69;79;94;16;1.37;98.9;21.4;1590;5.7;6;CAPT042;Bonne
M000657;PAT0126;2024-10-03 13:13:00;2024-10-03;13:13:00;38;127;78;63;95;24;0.78;50.8;25.5;3733;4.8;4;CAPT003;Bonne
M000658;PAT0019;2024-05-08 14:01:00;2024-05-08;14:01:00;39.1;176;105;86;96;21;0.75;53.2;28.9;3322;9.5;6;CAPT043;Bonne
M000659;PAT0100;2024-12-24 10:57:00;2024-12-24;10:57:00;37.1;106;88;92;90;21;0.89;45.2;30;2395;8.4;2;CAPT031;Bonne
M000660;PAT0112;2024-02-05 17:14:00;2024-02-05;17:14:00;35.5;137;72;83;96;14;0.98;97.5;31.9;903;6.4;7;CAPT037;Moyenne
M000661;PAT0138;2024-07-02 10:43:00;2024-07-02;10:43:00;36.7;119;74;58;96;16;1.35;48;34.9;4546;7.5;7;CAPT024;Bonne
M000662;PAT0137;2024-06-23 02:53:00;2024-06-23;02:53:00;37.3;112;62;63;97;24;1.3;87.2;29;1016;4.2;6;CAPT003;Bonne
M000663;PAT0099;2024-06-02 22:24:00;2024-06-02;22:24:00;39.1;137;61;111;95;12;1.16;79.7;24.1;6116;3.6;0;CAPT041;Bonne
M000664;PAT0113;2024-03-12 01:12:00;2024-03-12;01:12:00;35.6;115;73;62;94;20;1.21;99.8;22.1;305;5.7;8;CAPT035;Bonne
M000665;PAT0165;2024-09-30 14:01:00;2024-09-30;14:01:00;35.6;125;73;68;94;15;0.92;48.1;31.4;2936;3.3;6;CAPT008;Mauvaise
M000666;PAT0055;2024-12-07 16:29:00;2024-12-07;16:29:00;39.3;104;70;79;95;24;1.26;92.9;27.1;7722;8.2;1;CAPT015;Bonne
M000667;PAT0019;2024-03-13 15:41:00;2024-03-13;15:41:00;35.6;162;103;81;94;19;0.73;94.9;28.5;7135;4.7;3;CAPT042;Bonne
M000668;PAT0034;2024-11-19 01:57:00;2024-11-19;01:57:00;36.7;103;73;88;96;21;0.71;88.7;25.8;903;4.2;5;CAPT038;Moyenne
M000669;PAT0017;2024-02-24 03:31:00;2024-02-24;03:31:00;37.9;138;89;99;98;16;1.27;78.9;19.1;7704;4.4;3;CAPT022;Bonne
M000670;PAT0189;2024-06-15 03:43:00;2024-06-15;03:43:00;37.8;117;61;64;98;13;2.76;52.6;32.2;4270;8.6;1;CAPT049;Bonne
M000671;PAT0012;2024-06-20 02:07:00;2024-06-20;02:07:00;36.6;110;78;89;98;21;2.56;86.7;20.9;6893;5.6;5;CAPT011;Moyenne
M000672;PAT0113;2024-10-24 01:08:00;2024-10-24;01:08:00;35.9;123;68;55;96;22;0.87;91.6;28.4;2934;8.4;5;CAPT002;Bonne
M000673;PAT0125;2024-01-04 05:59:00;2024-01-04;05:59:00;35.9;118;77;66;97;23;1.39;80.8;33.1;1979;5.9;0;CAPT050;Moyenne
M000674;PAT0122;2024-04-15 04:40:00;2024-04-15;04:40:00;36.6;136;85;89;95;14;1.18;69.8;22.1;1191;4.2;5;CAPT045;Bonne
M000675;PAT0010;2024-09-12 19:05:00;2024-09-12;19:05:00;38;122;87;76;97;14;2.57;88;23.9;4539;3;7;CAPT016;Bonne
M000676;PAT0050;2024-09-28 03:39:00;2024-09-28;03:39:00;36.9;121;80;80;98;20;0.78;86.9;27.2;3560;4.5;0;CAPT050;Bonne
M000677;PAT0161;2024-05-21 01:12:00;2024-05-21;01:12:00;36;122;70;97;99;24;1.16;53.2;32.3;490;9.4;1;CAPT032;Bonne
M000678;PAT0046;2024-01-23 01:41:00;2024-01-23;01:41:00;37;132;80;93;96;24;0.81;56.5;22.3;2987;7.3;1;CAPT049;Bonne
M000679;PAT0117;2024-01-27 17:11:00;2024-01-27;17:11:00;36.1;139;78;96;95;15;1.3;46.6;26.8;2394;3.5;5;CAPT016;Bonne
M000680;PAT0185;2024-10-23 10:26:00;2024-10-23;10:26:00;36.3;144;84;85;98;21;1.01;82.2;23.5;4391;8.5;0;CAPT021;Bonne
M000681;PAT0059;2024-07-30 06:24:00;2024-07-30;06:24:00;39.1;136;81;82;94;23;0.77;49;27.9;7080;3.4;1;CAPT028;Bonne
M000682;PAT0038;2024-11-08 14:11:00;2024-11-08;14:11:00;37;140;65;65;94;24;0.85;52.5;30.2;2597;7.4;5;CAPT018;Bonne
M000683;PAT0052;2024-01-17 22:36:00;2024-01-17;22:36:00;35.7;113;61;94;96;18;0.94;52.5;32.5;1378;6.2;0;CAPT011;Bonne
M000684;PAT0195;2024-05-31 19:10:00;2024-05-31;19:10:00;38.7;152;101;78;98;14;0.94;80.1;28.4;2749;4.2;0;CAPT036;Bonne
M000685;PAT0059;2024-09-24 15:55:00;2024-09-24;15:55:00;39.5;144;76;97;95;20;0.76;77.5;32.2;6031;5;1;CAPT047;Bonne
M000686;PAT0110;2024-05-06 07:20:00;2024-05-06;07:20:00;37.2;122;78;79;99;14;1.22;57.2;33.8;2888;9.6;0;CAPT037;Bonne
M000687;PAT0002;2024-01-23 01:30:00;2024-01-23;01:30:00;38.4;132;61;70;97;19;0.99;72.7;25.2;1462;5.8;1;CAPT045;Bonne
M000688;PAT0026;2024-05-03 02:35:00;2024-05-03;02:35:00;38.5;144;65;75;95;17;1.02;83.1;24.9;5983;4.5;8;CAPT023;Bonne
M000689;PAT0076;2024-02-16 00:30:00;2024-02-16;00:30:00;38.2;138;69;64;99;20;0.87;53.9;25.8;6899;7;1;CAPT038;Bonne
M000690;PAT0007;2024-08-25 04:55:00;2024-08-25;04:55:00;38.3;108;74;58;94;24;1.38;55.2;32.8;5256;7.4;9;CAPT046;Mauvaise
M000691;PAT0163;2024-11-17 02:24:00;2024-11-17;02:24:00;39.1;115;74;124;88;15;0.7;63.3;18.6;5188;6;6;CAPT018;Bonne
M000692;PAT0179;2024-10-04 18:50:00;2024-10-04;18:50:00;36.3;149;102;56;98;24;1.36;82.7;28.5;6915;5.3;9;CAPT004;Moyenne
M000693;PAT0132;2024-12-11 11:56:00;2024-12-11;11:56:00;35.7;130;68;62;96;20;3.37;66.1;25.9;5085;3.3;4;CAPT024;Bonne
M000694;PAT0045;2024-12-26 02:35:00;2024-12-26;02:35:00;38.3;136;88;96;98;15;1.15;56.3;34.7;4471;4.7;4;CAPT008;Bonne
M000695;PAT0167;2024-10-24 22:13:00;2024-10-24;22:13:00;38.5;143;104;61;95;17;1.03;86.8;23.4;7991;9.3;6;CAPT033;Bonne
M000696;PAT0175;2024-01-28 02:23:00;2024-01-28;02:23:00;36.9;173;105;77;98;21;1;71.7;27;178;3.9;4;CAPT046;Moyenne
M000697;PAT0137;2024-09-29 09:28:00;2024-09-29;09:28:00;38;124;77;74;97;18;1.17;89;34.1;4304;8.7;1;CAPT005;Mauvaise
M000698;PAT0049;2024-08-22 02:05:00;2024-08-22;02:05:00;37.1;138;87;96;99;14;1.32;54.8;34.3;2745;3.5;2;CAPT011;Bonne
M000699;PAT0071;2024-03-16 15:09:00;2024-03-16;15:09:00;39;119;64;73;99;22;1.46;73.6;28.7;7099;5.1;2;CAPT044;Bonne
M000700;PAT0139;2024-08-30 11:26:00;2024-08-30;11:26:00;37.3;150;108;95;97;20;1.35;80.5;23;1515;3.4;6;CAPT015;Moyenne
M000701;PAT0134;2024-07-29 18:21:00;2024-07-29;18:21:00;38.1;113;76;73;99;15;2.68;88.3;26.3;7686;7.7;2;CAPT034;Moyenne
M000702;PAT0141;2024-06-04 18:08:00;2024-06-04;18:08:00;39.1;115;74;94;96;19;1.01;61.9;31.4;3793;4.6;3;CAPT024;Bonne
M000703;PAT0074;2024-01-25 04:22:00;2024-01-25;04:22:00;36.6;116;72;67;96;21;1.24;97.6;28.5;2593;4.1;3;CAPT035;Bonne
M000704;PAT0074;2024-03-30 22:44:00;2024-03-30;22:44:00;39.1;123;77;77;99;24;0.83;88.7;20.7;3197;3.8;8;CAPT021;Bonne
M000705;PAT0148;2024-05-13 11:11:00;2024-05-13;11:11:00;36.3;158;95;80;96;13;0.79;83.9;29.3;1307;9.8;2;CAPT010;Bonne
M000706;PAT0096;2024-03-24 17:19:00;2024-03-24;17:19:00;36;148;103;80;98;17;1.01;46.4;33.8;1207;8.4;6;CAPT030;Moyenne
M000707;PAT0082;2024-10-06 16:21:00;2024-10-06;16:21:00;38.1;142;103;74;99;22;0.81;61.3;33.2;5446;9.8;8;CAPT049;Mauvaise
M000708;PAT0147;2024-10-16 23:58:00;2024-10-16;23:58:00;39.2;128;67;93;90;22;1.17;63.6;19.9;4482;6.4;5;CAPT003;Bonne
M000709;PAT0036;2024-02-29 09:01:00;2024-02-29;09:01:00;37.1;106;86;55;96;17;1.17;91.2;25.6;966;3.6;6;CAPT004;Bonne
M000710;PAT0156;2024-10-25 16:14:00;2024-10-25;16:14:00;38.6;110;69;87;95;15;1.15;87.2;21.3;2212;3.6;8;CAPT029;Bonne
M000711;PAT0174;2024-02-14 16:25:00;2024-02-14;16:25:00;36.3;116;62;94;95;14;1.17;62.5;28.3;371;9.6;2;CAPT043;Moyenne
M000712;PAT0093;2024-08-06 11:24:00;2024-08-06;11:24:00;37;130;76;78;97;18;2.11;60.7;24;5969;9.8;1;CAPT036;Bonne
M000713;PAT0023;2024-08-15 23:26:00;2024-08-15;23:26:00;38.7;114;74;60;96;13;1.7;60.9;31.7;6947;9.8;6;CAPT028;Bonne
M000714;PAT0187;2024-03-12 18:38:00;2024-03-12;18:38:00;35.8;102;89;67;94;13;1.33;56.4;26.1;983;9.1;7;CAPT022;Bonne
M000715;PAT0017;2024-10-29 12:05:00;2024-10-29;12:05:00;35.5;131;89;67;94;13;1.35;80.1;22.6;5565;4.2;8;CAPT030;Bonne
M000716;PAT0182;2024-03-11 06:11:00;2024-03-11;06:11:00;38.8;152;106;61;98;18;1.1;60.9;26.3;3998;8.8;8;CAPT020;Bonne
M000717;PAT0150;2024-10-13 23:29:00;2024-10-13;23:29:00;36.4;107;86;56;94;16;0.91;88.5;20.6;5069;5.1;8;CAPT041;Bonne
M000718;PAT0163;2024-11-30 21:57:00;2024-11-30;21:57:00;36.7;128;79;110;92;16;1.03;54.9;33.4;1045;7.5;2;CAPT002;Moyenne
M000719;PAT0031;2024-09-09 02:38:00;2024-09-09;02:38:00;38.5;142;76;70;95;18;1.24;77;27.6;4225;9.1;3;CAPT041;Bonne
M000720;PAT0176;2024-12-21 03:23:00;2024-12-21;03:23:00;37.6;133;89;60;94;18;1.03;76.6;32.4;6468;4.1;4;CAPT004;Mauvaise
M000721;PAT0038;2024-12-20 04:22:00;2024-12-20;04:22:00;36.2;115;78;95;98;19;0.92;60;25.1;1736;9.4;4;CAPT023;Moyenne
M000722;PAT0013;2024-09-28 20:59:00;2024-09-28;20:59:00;35.8;101;68;97;97;17;0.9;55.7;28.7;6975;8.4;5;CAPT039;Moyenne
M000723;PAT0193;2024-06-14 10:52:00;2024-06-14;10:52:00;38.9;128;65;122;89;18;0.82;89;22.6;7104;7.9;0;CAPT024;Moyenne
M000724;PAT0025;2024-06-29 04:00:00;2024-06-29;04:00:00;36;138;88;72;96;22;1.07;60.5;31.2;2106;5.9;0;CAPT011;Moyenne
M000725;PAT0027;2024-09-14 07:53:00;2024-09-14;07:53:00;36.3;140;82;90;97;17;1.7;94.3;28.4;2365;8.8;1;CAPT034;Bonne
M000726;PAT0137;2024-12-25 03:26:00;2024-12-25;03:26:00;37.3;141;83;67;95;17;1.2;49.2;31.9;3020;9.5;0;CAPT031;Bonne
M000727;PAT0090;2024-07-04 04:52:00;2024-07-04;04:52:00;37.3;138;88;106;94;13;0.92;99.3;26.9;918;9.8;5;CAPT012;Bonne
M000728;PAT0182;2024-03-01 07:08:00;2024-03-01;07:08:00;38.9;168;88;57;95;21;0.91;52.8;21.9;7942;3.9;7;CAPT009;Bonne
M000729;PAT0021;2024-02-27 02:01:00;2024-02-27;02:01:00;38.6;100;63;97;98;16;1;86.7;18.7;2521;3.8;8;CAPT043;Bonne
M000730;PAT0132;2024-08-28 03:58:00;2024-08-28;03:58:00;36.5;111;69;60;97;19;2.56;48.6;29.3;5530;8.3;5;CAPT008;Mauvaise
M000731;PAT0155;2024-04-12 05:42:00;2024-04-12;05:42:00;36.9;123;74;61;96;17;0.84;50;32.4;7998;9.6;8;CAPT038;Bonne
M000732;PAT0090;2024-09-13 23:39:00;2024-09-13;23:39:00;36.5;134;89;119;92;17;0.95;76.4;19.7;4554;7;3;CAPT001;Moyenne
M000733;PAT0136;2024-04-08 09:10:00;2024-04-08;09:10:00;39.1;140;69;123;88;13;0.85;74.5;34.6;3830;3.7;9;CAPT014;Bonne
M000734;PAT0130;2024-08-31 11:44:00;2024-08-31;11:44:00;37.9;113;82;79;99;19;1.3;69.2;34.3;1301;4.3;2;CAPT023;Bonne
M000735;PAT0098;2024-09-20 07:26:00;2024-09-20;07:26:00;36;118;84;98;95;14;1;99.2;20.1;3185;3.8;0;CAPT009;Moyenne
M000736;PAT0127;2024-12-26 09:35:00;2024-12-26;09:35:00;38.4;128;65;91;94;14;2.95;49.5;26.4;896;5.7;4;CAPT030;Moyenne
M000737;PAT0154;2024-12-17 14:14:00;2024-12-17;14:14:00;37.7;143;86;94;95;23;1.22;61;32.5;4160;4.3;3;CAPT005;Mauvaise
M000738;PAT0122;2024-07-07 05:00:00;2024-07-07;05:00:00;39.5;142;76;77;97;16;1.36;72;19.8;3398;6.1;1;CAPT043;Bonne
M000739;PAT0174;2024-03-14 12:25:00;2024-03-14;12:25:00;38.3;103;73;103;95;18;0.76;98.8;30.6;4703;9.2;2;CAPT011;Moyenne
M000740;PAT0017;2024-04-11 10:12:00;2024-04-11;10:12:00;37.9;116;64;66;99;17;0.95;99.5;20.1;6943;8.9;8;CAPT047;Bonne
M000741;PAT0128;2024-10-24 18:17:00;2024-10-24;18:17:00;38.5;105;78;107;93;24;0.89;89.1;34;3168;5.5;6;CAPT043;Mauvaise
M000742;PAT0155;2024-09-05 16:17:00;2024-09-05;16:17:00;36.1;112;66;69;97;22;1.37;70;20.1;6937;6.4;0;CAPT015;Bonne
M000743;PAT0161;2024-01-16 03:47:00;2024-01-16;03:47:00;35.7;144;82;81;94;16;1.36;48.8;29.5;7996;9.8;1;CAPT025;Moyenne
M000744;PAT0155;2024-03-19 09:39:00;2024-03-19;09:39:00;38;132;75;77;99;18;1.18;86.8;29.2;3791;6.6;9;CAPT032;Moyenne
M000745;PAT0120;2024-12-04 15:31:00;2024-12-04;15:31:00;37.5;137;107;83;95;12;0.84;74.8;31.8;6312;6.8;8;CAPT002;Mauvaise
M000746;PAT0196;2024-08-08 03:24:00;2024-08-08;03:24:00;37.3;102;85;86;95;22;0.72;91.9;25.5;1926;3.3;8;CAPT012;Bonne
M000747;PAT0143;2024-06-04 22:10:00;2024-06-04;22:10:00;37.5;113;79;86;99;18;1.16;52.4;30.2;3081;6.4;6;CAPT008;Moyenne
M000748;PAT0146;2024-12-03 17:43:00;2024-12-03;17:43:00;37.7;164;88;75;99;23;1.17;70.8;27.6;7376;4.1;0;CAPT004;Bonne
M000749;PAT0101;2024-10-29 12:39:00;2024-10-29;12:39:00;38.2;141;78;66;94;22;0.88;87.2;22.8;283;3.4;0;CAPT038;Bonne
M000750;PAT0012;2024-07-06 11:51:00;2024-07-06;11:51:00;38.5;101;63;61;98;20;1.49;46.5;33.2;7382;5.4;5;CAPT007;Bonne
M000751;PAT0110;2024-07-01 13:22:00;2024-07-01;13:22:00;35.7;125;60;65;95;20;0.94;58.4;22;4196;5.2;4;CAPT006;Bonne
M000752;PAT0177;2024-06-05 03:21:00;2024-06-05;03:21:00;36.2;144;83;94;99;19;0.75;74.6;18.6;4704;7.6;0;CAPT028;Bonne
M000753;PAT0146;2024-08-03 08:01:00;2024-08-03;08:01:00;38.3;136;109;78;94;15;1.06;77.3;34.8;7504;5.6;0;CAPT025;Bonne
M000754;PAT0083;2024-09-07 03:44:00;2024-09-07;03:44:00;38.2;129;67;65;98;16;1.1;63.5;26.5;4790;8.4;7;CAPT022;Bonne
M000755;PAT0043;2024-07-05 13:12:00;2024-07-05;13:12:00;37.5;116;77;96;97;16;2.61;91.6;31.4;556;8.9;1;CAPT035;Bonne
M000756;PAT0055;2024-01-25 09:36:00;2024-01-25;09:36:00;37.1;113;76;83;97;13;0.9;57.4;30.6;7162;3.6;3;CAPT038;Bonne
M000757;PAT0025;2024-05-19 02:36:00;2024-05-19;02:36:00;38.7;177;96;63;98;22;1.11;71.1;21.6;7950;8.6;4;CAPT042;Moyenne
M000758;PAT0078;2024-06-02 13:42:00;2024-06-02;13:42:00;37.7;125;79;80;94;21;2.36;56;24.8;153;7.4;0;CAPT030;Bonne
M000759;PAT0172;2024-04-02 00:40:00;2024-04-02;00:40:00;38.3;102;61;87;95;14;1.23;92.4;27.8;4368;4.5;0;CAPT048;Bonne
M000760;PAT0120;2024-11-22 17:51:00;2024-11-22;17:51:00;38;137;95;80;96;19;0.89;87.3;25.4;5427;7;3;CAPT041;Mauvaise
M000761;PAT0016;2024-07-05 14:09:00;2024-07-05;14:09:00;36.5;106;73;90;98;17;1.07;86.1;31;5949;8.9;0;CAPT027;Bonne
M000762;PAT0082;2024-02-02 20:13:00;2024-02-02;20:13:00;38.9;144;106;70;95;19;1.3;59.7;22.9;3228;4.1;6;CAPT044;Bonne
M000763;PAT0154;2024-05-02 03:09:00;2024-05-02;03:09:00;36.3;115;79;70;94;22;0.87;58.5;32.1;2713;6.2;9;CAPT036;Bonne
M000764;PAT0112;2024-01-19 06:10:00;2024-01-19;06:10:00;36.6;132;85;99;97;14;1;46.6;31.4;5555;4.9;3;CAPT036;Moyenne
M000765;PAT0046;2024-01-22 23:31:00;2024-01-22;23:31:00;38.6;110;61;68;97;12;1.15;48;33.2;1163;5.2;9;CAPT020;Bonne
M000766;PAT0017;2024-07-27 11:42:00;2024-07-27;11:42:00;38.1;112;73;78;99;13;1.33;50;34;2795;8.1;9;CAPT009;Bonne
M000767;PAT0061;2024-09-13 03:33:00;2024-09-13;03:33:00;38.2;135;67;56;95;20;1.46;76.9;31.2;6230;6.7;6;CAPT032;Bonne
M000768;PAT0024;2024-03-03 10:21:00;2024-03-03;10:21:00;38.8;101;79;74;96;14;1.75;85.5;31.7;5302;8.2;7;CAPT028;Moyenne
M000769;PAT0056;2024-03-30 06:17:00;2024-03-30;06:17:00;37.3;135;73;70;96;13;0.8;59;28;3627;6.4;5;CAPT024;Bonne
M000770;PAT0180;2024-06-11 17:27:00;2024-06-11;17:27:00;37.4;135;81;107;91;15;1.36;58.5;22.7;4218;8.5;5;CAPT010;Bonne
M000771;PAT0093;2024-07-07 09:01:00;2024-07-07;09:01:00;38.1;139;66;86;96;17;2.29;94.8;18.6;2131;8.2;4;CAPT004;Bonne
M000772;PAT0177;2024-12-09 07:16:00;2024-12-09;07:16:00;37.7;106;86;59;96;14;1.34;62;34.3;4473;5.5;4;CAPT044;Moyenne
M000773;PAT0032;2024-05-01 14:24:00;2024-05-01;14:24:00;35.5;136;68;69;96;24;1.07;97.8;33.8;6085;9.4;0;CAPT020;Bonne
M000774;PAT0024;2024-04-30 09:13:00;2024-04-30;09:13:00;38.9;107;80;65;99;19;3.35;53.8;25.5;1641;5.2;7;CAPT050;Moyenne
M000775;PAT0165;2024-01-18 08:55:00;2024-01-18;08:55:00;35.8;113;82;68;95;23;0.98;87.9;26.4;5925;8.2;6;CAPT022;Bonne
M000776;PAT0184;2024-02-21 05:44:00;2024-02-21;05:44:00;36.5;140;69;71;94;14;1;48.7;25.2;3005;8.1;2;CAPT036;Bonne
M000777;PAT0189;2024-12-21 00:48:00;2024-12-21;00:48:00;35.7;138;63;96;98;13;1.95;80.3;28.7;6249;8.5;4;CAPT009;Bonne
M000778;PAT0001;2024-11-17 09:20:00;2024-11-17;09:20:00;37.8;103;77;59;96;13;2.12;51.1;22.2;3083;8;0;CAPT050;Moyenne
M000779;PAT0167;2024-10-31 21:26:00;2024-10-31;21:26:00;38.7;140;92;65;94;23;1.23;62.6;26.1;6984;8.1;1;CAPT017;Bonne
M000780;PAT0045;2024-06-16 09:12:00;2024-06-16;09:12:00;35.8;110;87;90;95;16;1.18;65.2;24.7;2259;5.6;7;CAPT037;Moyenne
M000781;PAT0058;2024-01-12 17:41:00;2024-01-12;17:41:00;37.9;141;71;68;99;13;0.71;57.6;19.5;7124;6.2;5;CAPT017;Bonne
M000782;PAT0180;2024-01-26 12:39:00;2024-01-26;12:39:00;37.2;129;66;109;95;18;1.3;59.3;19.5;4230;5.6;8;CAPT037;Bonne
M000783;PAT0031;2024-09-26 13:49:00;2024-09-26;13:49:00;39.2;137;65;98;99;23;0.71;70;29.5;5961;3.8;6;CAPT046;Bonne
M000784;PAT0053;2024-05-16 09:47:00;2024-05-16;09:47:00;37.5;140;101;92;96;21;0.83;52.2;32.6;7287;7.2;7;CAPT019;Bonne
M000785;PAT0187;2024-08-02 05:26:00;2024-08-02;05:26:00;38.7;105;80;93;94;22;1.17;46.6;34.6;5137;4.6;7;CAPT029;Moyenne
M000786;PAT0064;2024-12-16 20:29:00;2024-12-16;20:29:00;35.8;131;71;96;96;21;0.96;70.8;32.8;109;9.8;8;CAPT026;Moyenne
M000787;PAT0176;2024-07-15 22:27:00;2024-07-15;22:27:00;38.4;131;69;80;94;22;0.85;59.1;19.6;2838;3.4;1;CAPT022;Bonne
M000788;PAT0061;2024-06-30 19:42:00;2024-06-30;19:42:00;39.4;139;89;77;98;18;2.28;77.9;30.7;5351;3.3;0;CAPT017;Moyenne
M000789;PAT0130;2024-06-03 12:42:00;2024-06-03;12:42:00;37;117;74;87;98;13;1.13;98.2;27.5;595;7.1;2;CAPT017;Moyenne
M000790;PAT0044;2024-06-22 14:08:00;2024-06-22;14:08:00;35.9;117;73;113;95;24;1.05;84.1;25.4;1565;4.8;4;CAPT021;Bonne
M000791;PAT0012;2024-09-12 08:47:00;2024-09-12;08:47:00;36.9;110;61;80;97;12;3.45;68.7;33.3;942;4.8;7;CAPT049;Bonne
M000792;PAT0068;2024-08-11 05:20:00;2024-08-11;05:20:00;38.4;141;78;72;98;14;1.06;72;34.2;953;6.9;6;CAPT043;Bonne
M000793;PAT0163;2024-01-28 06:09:00;2024-01-28;06:09:00;35.7;115;60;101;95;13;1.26;55.1;26;5940;4.1;8;CAPT030;Bonne
M000794;PAT0112;2024-09-10 01:28:00;2024-09-10;01:28:00;36.9;104;85;84;99;24;0.78;84;26.2;1362;6.5;2;CAPT047;Moyenne
M000795;PAT0038;2024-02-17 06:55:00;2024-02-17;06:55:00;36.6;111;61;65;97;23;0.79;90.9;30.7;6737;8.8;4;CAPT037;Bonne
M000796;PAT0170;2024-10-25 00:33:00;2024-10-25;00:33:00;38.6;136;89;61;95;21;1.11;54.9;33.6;3159;4.7;6;CAPT032;Bonne
M000797;PAT0174;2024-06-17 00:18:00;2024-06-17;00:18:00;38.2;108;74;126;92;16;0.77;82.4;24.7;7626;7.1;9;CAPT007;Moyenne
M000798;PAT0083;2024-02-11 14:53:00;2024-02-11;14:53:00;38.3;140;80;69;95;19;0.81;71.4;28.7;6782;4.9;6;CAPT043;Moyenne
M000799;PAT0002;2024-01-23 20:39:00;2024-01-23;20:39:00;39.3;131;62;69;97;16;0.93;62.9;30.4;2757;8.1;0;CAPT037;Bonne
M000800;PAT0034;2024-01-25 20:18:00;2024-01-25;20:18:00;36.8;143;85;91;98;16;0.85;48.1;19.2;6639;9.7;0;CAPT025;Mauvaise
M000801;PAT0024;2024-04-01 07:49:00;2024-04-01;07:49:00;39;139;72;77;96;24;2.12;49.9;32.5;254;4.1;3;CAPT050;Moyenne
M000802;PAT0104;2024-11-30 04:07:00;2024-11-30;04:07:00;36.7;165;105;96;94;23;0.9;89.1;30.5;5721;9.5;4;CAPT044;Bonne
M000803;PAT0155;2024-12-06 03:53:00;2024-12-06;03:53:00;37;132;87;63;97;16;0.79;56;25.6;2997;5.7;3;CAPT018;Bonne
M000804;PAT0145;2024-02-16 13:51:00;2024-02-16;13:51:00;37;134;64;88;99;13;1.12;55.2;28.7;1868;3.7;6;CAPT033;Mauvaise
M000805;PAT0088;2024-12-12 07:41:00;2024-12-12;07:41:00;38.2;148;95;96;99;15;1.38;53.5;26.4;1204;7.4;0;CAPT034;Bonne
M000806;PAT0022;2024-08-11 02:58:00;2024-08-11;02:58:00;38.7;175;92;91;96;21;0.9;61.5;34.7;5802;7.8;8;CAPT020;Bonne
M000807;PAT0064;2024-05-31 18:03:00;2024-05-31;18:03:00;37.7;114;64;83;96;17;1.07;95.5;26.7;4402;6.6;9;CAPT027;Bonne
M000808;PAT0025;2024-10-18 08:22:00;2024-10-18;08:22:00;36.5;138;102;70;97;20;1.03;49.5;26.6;4310;3.8;1;CAPT043;Moyenne
M000809;PAT0119;2024-04-03 12:02:00;2024-04-03;12:02:00;35.8;102;68;72;96;14;0.83;93.2;23.1;5629;7.1;8;CAPT030;Bonne
M000810;PAT0194;2024-11-15 08:21:00;2024-11-15;08:21:00;39.4;140;73;58;98;20;1.17;92.9;21.2;7422;4.3;1;CAPT048;Moyenne
M000811;PAT0155;2024-12-10 03:27:00;2024-12-10;03:27:00;37.6;141;75;66;97;16;0.88;45.3;20;865;4.2;9;CAPT031;Bonne
M000812;PAT0118;2024-12-02 23:38:00;2024-12-02;23:38:00;38.4;131;85;106;95;22;1.18;61.7;31.8;7002;7.3;7;CAPT045;Bonne
M000813;PAT0173;2024-12-11 12:51:00;2024-12-11;12:51:00;36.7;141;81;128;89;12;1.37;51.9;18.2;5565;3.8;5;CAPT002;Moyenne
M000814;PAT0179;2024-01-14 06:30:00;2024-01-14;06:30:00;38.1;138;101;63;97;18;1.38;80.7;25.4;2262;7.4;1;CAPT035;Mauvaise
M000815;PAT0049;2024-08-25 04:30:00;2024-08-25;04:30:00;37.2;139;82;85;96;22;0.76;51.4;33.3;7777;8.2;6;CAPT029;Mauvaise
M000816;PAT0125;2024-08-18 18:15:00;2024-08-18;18:15:00;36.3;125;75;67;96;15;2.28;76.3;32.2;7631;3.4;3;CAPT001;Moyenne
M000817;PAT0027;2024-08-09 13:54:00;2024-08-09;13:54:00;37.5;121;77;66;98;19;2.65;76.8;30.4;6851;10;9;CAPT003;Moyenne
M000818;PAT0125;2024-09-19 18:46:00;2024-09-19;18:46:00;37.9;119;74;77;97;16;2.12;82.3;31.9;7060;6.4;0;CAPT046;Bonne
M000819;PAT0016;2024-08-04 18:20:00;2024-08-04;18:20:00;37.7;112;78;84;98;13;1.07;59.7;29;6349;9.2;3;CAPT008;Bonne
M000820;PAT0127;2024-11-26 11:28:00;2024-11-26;11:28:00;38.3;118;72;98;94;23;2.63;46.1;22.9;5236;4.3;3;CAPT023;Bonne
M000821;PAT0113;2024-04-22 18:58:00;2024-04-22;18:58:00;38.2;101;64;64;95;20;0.86;95.7;32.5;4044;8;6;CAPT030;Moyenne
M000822;PAT0034;2024-12-30 12:26:00;2024-12-30;12:26:00;38.8;109;69;92;96;23;1.32;82;30.5;5247;8.6;2;CAPT011;Bonne
M000823;PAT0160;2024-12-19 23:05:00;2024-12-19;23:05:00;38.2;100;87;93;99;16;0.85;52.1;21.4;5149;7.2;4;CAPT007;Bonne
M000824;PAT0107;2024-09-09 09:15:00;2024-09-09;09:15:00;36.3;116;64;120;91;24;1.36;47.6;18.3;3367;9.2;5;CAPT023;Bonne
M000825;PAT0174;2024-09-14 01:51:00;2024-09-14;01:51:00;35.8;118;63;122;92;19;0.81;68.7;28.5;6752;3.8;0;CAPT015;Mauvaise
M000826;PAT0125;2024-06-23 11:49:00;2024-06-23;11:49:00;35.7;143;69;85;99;20;1.79;93.3;22.5;4992;4.1;6;CAPT045;Bonne
M000827;PAT0132;2024-02-23 22:03:00;2024-02-23;22:03:00;39.2;120;87;70;99;18;2.59;69.1;25.8;3443;8.9;3;CAPT008;Bonne
M000828;PAT0028;2024-11-08 03:52:00;2024-11-08;03:52:00;37.7;124;87;59;98;13;1.25;72.9;20.8;6062;3.8;5;CAPT014;Mauvaise
M000829;PAT0093;2024-05-29 22:28:00;2024-05-29;22:28:00;38.5;118;60;55;98;14;1.56;72.4;32.8;3497;4.1;4;CAPT024;Bonne
M000830;PAT0086;2024-03-03 06:28:00;2024-03-03;06:28:00;39.4;139;62;79;98;17;1.27;87.3;18.1;4076;8.8;6;CAPT031;Bonne
M000831;PAT0088;2024-03-28 02:17:00;2024-03-28;02:17:00;37;178;97;88;98;19;0.9;86.5;24.1;5487;7.7;6;CAPT010;Bonne
M000832;PAT0193;2024-08-03 07:08:00;2024-08-03;07:08:00;38.7;112;76;112;88;12;1.23;67.7;25;2556;6.2;1;CAPT034;Mauvaise
M000833;PAT0175;2024-01-16 14:09:00;2024-01-16;14:09:00;38.6;141;106;96;95;22;0.95;84.5;26.8;6931;3.5;8;CAPT022;Bonne
M000834;PAT0081;2024-03-25 13:03:00;2024-03-25;13:03:00;37.1;101;89;90;96;12;2.12;47;33.7;6980;4.1;6;CAPT037;Moyenne
M000835;PAT0015;2024-12-04 16:18:00;2024-12-04;16:18:00;37.2;106;76;93;97;19;1.38;93.7;29.9;4524;9.1;3;CAPT047;Mauvaise
M000836;PAT0191;2024-06-25 00:52:00;2024-06-25;00:52:00;36.6;104;89;66;97;19;0.92;74;33.6;2332;7.9;8;CAPT029;Bonne
M000837;PAT0165;2024-10-05 19:50:00;2024-10-05;19:50:00;38;123;73;59;95;21;0.84;69.3;23.9;5176;8.7;2;CAPT042;Bonne
M000838;PAT0104;2024-06-03 02:02:00;2024-06-03;02:02:00;37.6;151;108;65;96;18;1.24;66.4;30.2;208;9.2;0;CAPT034;Bonne
M000839;PAT0139;2024-02-17 16:35:00;2024-02-17;16:35:00;36.7;143;99;82;97;24;0.9;63.7;28.8;418;3.2;5;CAPT035;Moyenne
M000840;PAT0152;2024-06-04 23:27:00;2024-06-04;23:27:00;39.4;179;96;74;94;16;0.88;51.1;19;2480;5.6;0;CAPT041;Bonne
M000841;PAT0130;2024-01-25 20:07:00;2024-01-25;20:07:00;37.3;131;89;93;97;17;0.95;76.5;18.1;5265;5.4;1;CAPT016;Bonne
M000842;PAT0191;2024-10-16 22:57:00;2024-10-16;22:57:00;39.3;128;77;98;99;13;1.39;81.6;32.4;5027;4.6;1;CAPT020;Bonne
M000843;PAT0073;2024-10-20 21:08:00;2024-10-20;21:08:00;38.4;108;86;63;99;19;1.17;73.6;22.2;1278;5.3;2;CAPT038;Mauvaise
M000844;PAT0050;2024-07-03 14:06:00;2024-07-03;14:06:00;36.1;104;73;82;99;15;1.28;68.4;25;6310;3.6;3;CAPT028;Bonne
M000845;PAT0034;2024-08-16 02:23:00;2024-08-16;02:23:00;38.2;127;71;56;96;17;1.03;67.2;27.5;3230;8.5;6;CAPT017;Bonne
M000846;PAT0150;2024-08-04 14:44:00;2024-08-04;14:44:00;39.2;137;82;58;94;12;1.05;71.9;34.5;1158;8.8;8;CAPT010;Bonne
M000847;PAT0130;2024-12-30 14:08:00;2024-12-30;14:08:00;39.4;141;64;98;95;21;0.79;73.2;27;1381;7.9;6;CAPT030;Bonne
M000848;PAT0122;2024-03-21 17:23:00;2024-03-21;17:23:00;39.2;109;74;84;97;21;0.72;51.5;32.5;2064;3.8;3;CAPT024;Bonne
M000849;PAT0147;2024-09-24 04:07:00;2024-09-24;04:07:00;37;140;78;128;94;13;0.9;99.5;23.2;709;6.4;1;CAPT010;Bonne
M000850;PAT0037;2024-08-03 01:59:00;2024-08-03;01:59:00;39.1;133;71;69;99;17;1.25;93.9;21.7;7857;8.7;4;CAPT032;Bonne
M000851;PAT0001;2024-06-27 02:55:00;2024-06-27;02:55:00;35.7;102;62;76;99;21;1.48;71.5;23.3;3634;6.2;2;CAPT022;Bonne
M000852;PAT0097;2024-11-06 04:48:00;2024-11-06;04:48:00;36.1;163;100;71;98;19;1.03;80;30.9;3905;7.7;3;CAPT010;Bonne
M000853;PAT0187;2024-11-15 21:39:00;2024-11-15;21:39:00;37.1;123;76;60;96;16;0.93;57.8;24.7;5087;6.8;9;CAPT043;Bonne
M000854;PAT0114;2024-11-26 02:55:00;2024-11-26;02:55:00;36.2;112;78;75;99;15;2.89;46.4;28.7;151;8.4;2;CAPT020;Moyenne
M000855;PAT0144;2024-11-25 17:05:00;2024-11-25;17:05:00;36.3;136;67;89;97;20;2.68;79;27.8;3367;3.4;3;CAPT037;Moyenne
M000856;PAT0134;2024-08-31 16:57:00;2024-08-31;16:57:00;35.6;112;86;60;94;15;1.64;81.2;27;1767;9.7;0;CAPT018;Bonne
M000857;PAT0053;2024-12-27 18:28:00;2024-12-27;18:28:00;35.8;175;86;67;97;13;0.87;74.3;23.4;4915;7.1;9;CAPT032;Bonne
M000858;PAT0006;2024-04-02 13:01:00;2024-04-02;13:01:00;38.9;177;107;57;96;23;0.94;62.5;22.4;4537;3.8;7;CAPT007;Mauvaise
M000859;PAT0139;2024-03-14 05:16:00;2024-03-14;05:16:00;38.6;173;91;67;94;20;0.82;53.5;34.2;2740;7.8;7;CAPT004;Bonne
M000860;PAT0158;2024-04-02 00:45:00;2024-04-02;00:45:00;35.7;174;106;70;98;14;1.37;66.4;23.4;4354;5.9;7;CAPT021;Bonne
M000861;PAT0067;2024-03-02 01:12:00;2024-03-02;01:12:00;36.5;110;89;61;98;19;0.96;77.8;22;1929;6.6;9;CAPT033;Moyenne
M000862;PAT0099;2024-05-17 01:20:00;2024-05-17;01:20:00;37.4;102;67;120;90;24;1.36;67.4;26.2;4934;5.9;1;CAPT015;Mauvaise
M000863;PAT0005;2024-10-27 21:06:00;2024-10-27;21:06:00;36.5;131;79;123;89;20;0.89;75.5;31.3;6539;5.1;6;CAPT027;Bonne
M000864;PAT0115;2024-11-21 16:13:00;2024-11-21;16:13:00;38.6;144;70;60;98;18;0.76;52.8;27.2;5210;4.2;5;CAPT016;Bonne
M000865;PAT0138;2024-10-11 14:02:00;2024-10-11;14:02:00;35.5;121;79;79;97;12;1.37;70.6;32.1;3932;5;7;CAPT011;Bonne
M000866;PAT0001;2024-09-03 08:38:00;2024-09-03;08:38:00;36.5;132;81;59;95;17;1.34;82.4;35;1397;8.9;4;CAPT014;Moyenne
M000867;PAT0150;2024-05-24 01:10:00;2024-05-24;01:10:00;38.5;130;69;69;95;22;1.29;76;23.1;2735;5.8;1;CAPT008;Bonne
M000868;PAT0036;2024-05-23 13:13:00;2024-05-23;13:13:00;37.9;115;81;92;96;13;1.21;97.7;23.4;3739;7.8;1;CAPT022;Bonne
M000869;PAT0163;2024-12-28 14:17:00;2024-12-28;14:17:00;36.5;140;75;94;94;23;0.88;99.1;23.8;6324;6.2;6;CAPT039;Moyenne
M000870;PAT0085;2024-12-20 04:41:00;2024-12-20;04:41:00;39.2;123;88;81;99;21;0.71;78.5;18.1;6636;3.1;9;CAPT012;Bonne
M000871;PAT0106;2024-12-22 22:31:00;2024-12-22;22:31:00;38.5;141;74;92;98;18;2.48;74.6;31.4;987;7.5;1;CAPT005;Mauvaise
M000872;PAT0138;2024-12-09 14:43:00;2024-12-09;14:43:00;36;131;85;85;96;20;0.72;98.5;24.4;7743;7.2;5;CAPT025;Bonne
M000873;PAT0046;2024-12-22 00:07:00;2024-12-22;00:07:00;37.4;138;63;57;98;15;1.29;96.5;25.6;7690;4.6;0;CAPT002;Mauvaise
M000874;PAT0195;2024-12-29 11:12:00;2024-12-29;11:12:00;35.9;145;85;75;99;13;0.9;78.7;23.2;6746;8;3;CAPT015;Moyenne
M000875;PAT0127;2024-01-19 08:31:00;2024-01-19;08:31:00;39.1;117;86;55;96;14;3.42;83.9;21.6;2718;4.4;6;CAPT041;Moyenne
M000876;PAT0102;2024-05-22 18:32:00;2024-05-22;18:32:00;37.5;142;65;74;96;14;0.78;75.3;29.2;3969;7;1;CAPT044;Bonne
M000877;PAT0155;2024-02-03 18:08:00;2024-02-03;18:08:00;38.5;109;64;63;95;13;1.1;52;33.9;1211;9;5;CAPT034;Mauvaise
M000878;PAT0187;2024-04-08 21:01:00;2024-04-08;21:01:00;39.5;109;77;66;97;17;1.25;83.1;27.1;2132;4.8;0;CAPT036;Bonne
M000879;PAT0117;2024-08-06 20:43:00;2024-08-06;20:43:00;39.3;102;69;59;99;21;1.2;47.9;34;5820;6;4;CAPT027;Bonne
M000880;PAT0071;2024-09-22 14:31:00;2024-09-22;14:31:00;36.9;137;71;80;98;22;1.48;86.7;33;6799;4.6;0;CAPT018;Bonne
M000881;PAT0108;2024-06-10 00:25:00;2024-06-10;00:25:00;36.3;102;79;85;98;19;1.07;49.5;27.7;207;3.2;6;CAPT048;Bonne
M000882;PAT0058;2024-08-04 02:58:00;2024-08-04;02:58:00;36.5;101;81;81;99;21;1.38;54;23.3;5817;7.4;5;CAPT007;Moyenne
M000883;PAT0008;2024-01-13 18:51:00;2024-01-13;18:51:00;38;110;67;97;88;16;1.04;63.4;22.3;3270;3.8;5;CAPT016;Bonne
M000884;PAT0088;2024-06-19 16:50:00;2024-06-19;16:50:00;36.4;155;108;74;95;13;1.28;49;28.2;5368;6.1;8;CAPT007;Bonne
M000885;PAT0161;2024-03-04 02:03:00;2024-03-04;02:03:00;39.2;125;69;83;99;15;1.01;65.8;33.1;7251;7.9;5;CAPT009;Bonne
M000886;PAT0016;2024-08-14 01:19:00;2024-08-14;01:19:00;37.9;106;82;95;98;17;1.34;68.8;19.7;4507;3.4;5;CAPT004;Bonne
M000887;PAT0076;2024-07-24 03:39:00;2024-07-24;03:39:00;38.5;132;84;63;94;22;1.29;57.8;28.2;4311;7.6;9;CAPT001;Bonne
M000888;PAT0117;2024-08-07 19:39:00;2024-08-07;19:39:00;35.9;142;87;82;98;16;2.08;80.8;29.5;6697;3.2;6;CAPT034;Bonne
M000889;PAT0085;2024-02-25 03:00:00;2024-02-25;03:00:00;37.9;140;86;56;94;20;1.11;48.7;31.4;6004;4.4;0;CAPT037;Bonne
M000890;PAT0033;2024-05-11 11:26:00;2024-05-11;11:26:00;37.4;176;104;79;99;24;1.15;79.1;21.2;66;4;5;CAPT003;Bonne
M000891;PAT0016;2024-10-26 13:32:00;2024-10-26;13:32:00;39.3;105;80;56;95;21;0.79;86.5;23.3;5201;9.2;6;CAPT050;Moyenne
M000892;PAT0038;2024-06-07 19:21:00;2024-06-07;19:21:00;36.7;121;64;74;97;12;0.8;98.4;26.8;4032;7.6;0;CAPT010;Bonne
M000893;PAT0015;2024-10-13 01:27:00;2024-10-13;01:27:00;36.9;144;89;95;96;18;0.87;98.7;28.9;1354;4.4;7;CAPT005;Bonne
M000894;PAT0088;2024-08-31 22:44:00;2024-08-31;22:44:00;39.4;178;97;80;98;12;0.83;78;23.6;2583;7;9;CAPT022;Moyenne
M000895;PAT0158;2024-06-17 05:06:00;2024-06-17;05:06:00;37.3;162;88;70;96;12;0.91;88.4;18.7;6386;4.5;5;CAPT001;Moyenne
M000896;PAT0164;2024-04-27 14:39:00;2024-04-27;14:39:00;36.4;149;109;88;96;12;0.86;71.4;31.1;1753;8.7;2;CAPT048;Mauvaise
M000897;PAT0097;2024-04-04 00:23:00;2024-04-04;00:23:00;35.5;139;87;67;95;22;0.84;64.7;27.4;5073;4;1;CAPT029;Bonne
M000898;PAT0050;2024-07-03 01:01:00;2024-07-03;01:01:00;36.3;141;77;77;96;18;1.14;60.6;21.7;4354;4.8;6;CAPT012;Moyenne
M000899;PAT0087;2024-05-05 05:12:00;2024-05-05;05:12:00;35.6;132;64;69;95;20;3.15;91.4;33.5;6014;3.1;6;CAPT044;Bonne
M000900;PAT0036;2024-02-26 10:59:00;2024-02-26;10:59:00;36.3;119;77;90;97;24;0.97;70.1;24.3;3072;5.6;7;CAPT011;Bonne
M000901;PAT0135;2024-11-15 13:56:00;2024-11-15;13:56:00;38.3;129;81;90;94;18;1.38;51.5;33;1752;3.9;9;CAPT013;Bonne
M000902;PAT0050;2024-12-21 11:20:00;2024-12-21;11:20:00;37.9;104;78;76;96;24;1.07;98.7;22.2;5491;3.3;4;CAPT040;Bonne
M000903;PAT0151;2024-10-01 09:50:00;2024-10-01;09:50:00;36.1;135;63;90;97;16;1.63;58.6;28.7;7633;5;1;CAPT009;Bonne
M000904;PAT0131;2024-09-07 06:46:00;2024-09-07;06:46:00;35.8;117;81;56;98;15;1.38;70.9;29.3;2431;3.5;6;CAPT033;Bonne
M000905;PAT0100;2024-11-26 16:23:00;2024-11-26;16:23:00;37.5;128;81;115;92;12;1.23;70.5;23.5;7503;5.6;2;CAPT045;Moyenne
M000906;PAT0124;2024-09-10 15:17:00;2024-09-10;15:17:00;37.8;113;76;91;95;15;2.85;80.1;31.4;4271;7.5;0;CAPT014;Mauvaise
M000907;PAT0057;2024-08-19 07:25:00;2024-08-19;07:25:00;36.4;138;85;74;95;14;1.33;68.4;24.4;3368;4.1;2;CAPT024;Moyenne
M000908;PAT0066;2024-03-09 02:18:00;2024-03-09;02:18:00;37.3;117;75;58;97;24;1.09;64.3;27.9;5510;6.3;6;CAPT040;Bonne
M000909;PAT0087;2024-08-27 13:26:00;2024-08-27;13:26:00;37;104;76;96;95;22;2.18;72.4;22.6;5968;3.2;4;CAPT029;Moyenne
M000910;PAT0060;2024-02-08 11:57:00;2024-02-08;11:57:00;35.8;108;76;87;97;15;1.81;91.3;26.7;1681;7.5;8;CAPT018;Bonne
M000911;PAT0059;2024-02-06 11:02:00;2024-02-06;11:02:00;37.7;128;88;68;94;17;0.77;63.4;29.5;4727;4.8;9;CAPT048;Bonne
M000912;PAT0197;2024-05-20 06:45:00;2024-05-20;06:45:00;37.9;128;63;107;89;20;1.18;52.6;32.5;4016;8;6;CAPT035;Bonne
M000913;PAT0067;2024-06-02 09:52:00;2024-06-02;09:52:00;36.9;113;62;96;99;24;0.71;99.8;34.1;4969;8.8;1;CAPT049;Mauvaise
M000914;PAT0168;2024-11-30 16:48:00;2024-11-30;16:48:00;39.3;119;85;79;94;17;0.71;92.6;21.9;460;8.1;3;CAPT014;Bonne
M000915;PAT0122;2024-10-27 17:48:00;2024-10-27;17:48:00;37.4;132;87;91;97;13;0.86;89.8;23.8;6379;3.6;4;CAPT013;Bonne
M000916;PAT0110;2024-12-23 13:13:00;2024-12-23;13:13:00;37.3;130;72;63;95;12;1.24;91.9;18.5;7805;4;2;CAPT009;Bonne
M000917;PAT0079;2024-01-05 15:51:00;2024-01-05;15:51:00;38.1;111;88;57;95;20;3.37;64.5;21.8;6396;6;8;CAPT049;Bonne
M000918;PAT0104;2024-12-19 17:19:00;2024-12-19;17:19:00;36.8;137;98;58;94;14;1.23;46.3;31.4;1164;9.5;6;CAPT010;Mauvaise
M000919;PAT0085;2024-11-04 19:36:00;2024-11-04;19:36:00;39;122;68;56;98;17;1.1;98.9;21.5;808;5.7;1;CAPT035;Bonne
M000920;PAT0099;2024-02-25 10:36:00;2024-02-25;10:36:00;39.3;112;73;94;89;21;0.83;80.1;23.2;6955;4.2;9;CAPT044;Moyenne
M000921;PAT0142;2024-12-18 19:31:00;2024-12-18;19:31:00;35.6;177;109;88;98;18;0.82;55.9;33.5;1790;5.7;5;CAPT014;Bonne
M000922;PAT0060;2024-09-25 02:29:00;2024-09-25;02:29:00;35.7;102;72;57;95;20;1.87;73.5;20.9;6269;9;7;CAPT027;Bonne
M000923;PAT0101;2024-02-26 04:34:00;2024-02-26;04:34:00;37.2;142;87;96;97;12;0.81;85.9;24.6;1507;9.3;1;CAPT014;Bonne
M000924;PAT0034;2024-06-07 13:52:00;2024-06-07;13:52:00;38.3;133;85;72;98;15;1.31;71.1;28.3;615;9.6;3;CAPT038;Bonne
M000925;PAT0052;2024-12-16 14:17:00;2024-12-16;14:17:00;36.3;121;80;84;95;22;1.05;99.5;25.6;4350;8.8;7;CAPT039;Moyenne
M000926;PAT0064;2024-10-18 15:29:00;2024-10-18;15:29:00;37.4;108;78;74;94;14;1.07;47.1;19.5;4868;7.5;7;CAPT030;Bonne
M000927;PAT0089;2024-12-30 09:25:00;2024-12-30;09:25:00;38;126;67;86;95;22;1.19;89.5;21;701;4.7;2;CAPT040;Bonne
M000928;PAT0188;2024-07-15 21:11:00;2024-07-15;21:11:00;38.3;141;88;128;91;20;1;50.3;29.9;7968;3.3;2;CAPT011;Moyenne
M000929;PAT0071;2024-10-02 09:42:00;2024-10-02;09:42:00;39.2;132;74;70;95;23;3.23;83.4;30.3;5191;4.5;4;CAPT032;Bonne
M000930;PAT0106;2024-10-10 03:23:00;2024-10-10;03:23:00;35.8;104;76;80;98;17;3.48;50.8;31;3022;5.3;0;CAPT029;Bonne
M000931;PAT0043;2024-09-16 01:29:00;2024-09-16;01:29:00;35.6;132;70;72;95;16;1.78;80.1;29.5;797;6.2;9;CAPT022;Bonne
M000932;PAT0191;2024-04-09 12:02:00;2024-04-09;12:02:00;35.5;138;60;80;94;12;0.98;51.3;33.6;2469;5.3;1;CAPT048;Mauvaise
M000933;PAT0119;2024-02-04 02:35:00;2024-02-04;02:35:00;38.1;137;69;78;95;22;1.04;84.2;25.4;5544;6.3;7;CAPT018;Bonne
M000934;PAT0042;2024-01-10 19:06:00;2024-01-10;19:06:00;36.2;116;82;83;95;17;0.82;51.8;30.6;1997;4.2;5;CAPT043;Bonne
M000935;PAT0196;2024-05-19 04:28:00;2024-05-19;04:28:00;36.9;125;66;66;96;17;0.71;56.9;18.6;5682;7.7;6;CAPT014;Bonne
M000936;PAT0114;2024-11-21 16:41:00;2024-11-21;16:41:00;38.2;139;77;79;98;16;2.8;81.3;19.7;6376;7.8;9;CAPT029;Moyenne
M000937;PAT0014;2024-01-25 12:49:00;2024-01-25;12:49:00;36.3;108;74;56;94;24;2.58;58.7;33.4;225;4.4;2;CAPT002;Mauvaise
M000938;PAT0108;2024-01-08 10:52:00;2024-01-08;10:52:00;36.3;134;65;57;95;19;0.72;81.8;21.7;7610;9.2;5;CAPT043;Bonne
M000939;PAT0043;2024-01-23 13:32:00;2024-01-23;13:32:00;35.9;118;62;72;94;15;2.87;63;27.6;5579;4.3;4;CAPT014;Mauvaise
M000940;PAT0139;2024-08-07 03:14:00;2024-08-07;03:14:00;36.4;164;88;59;94;22;0.98;64.6;21;3675;5.8;1;CAPT021;Bonne
M000941;PAT0004;2024-08-22 07:04:00;2024-08-22;07:04:00;38.1;140;61;91;98;19;0.97;60.3;28.6;3170;3.3;5;CAPT014;Moyenne
M000942;PAT0106;2024-11-02 15:06:00;2024-11-02;15:06:00;38.4;128;62;69;97;21;1.89;88.5;33.7;2024;7;9;CAPT017;Bonne
M000943;PAT0025;2024-11-19 22:24:00;2024-11-19;22:24:00;38.2;166;103;56;95;17;1.12;98.5;29.8;7710;5.3;2;CAPT041;Bonne
M000944;PAT0195;2024-06-11 21:30:00;2024-06-11;21:30:00;35.8;163;87;68;94;12;1.32;46;33.5;1460;6.1;2;CAPT033;Bonne
M000945;PAT0164;2024-09-14 18:45:00;2024-09-14;18:45:00;39.5;152;93;92;98;20;1.22;57.8;28.5;4928;9.3;4;CAPT020;Moyenne
M000946;PAT0061;2024-05-04 19:05:00;2024-05-04;19:05:00;35.7;105;82;98;97;23;2.9;65.6;23;3500;4.1;0;CAPT014;Mauvaise
M000947;PAT0165;2024-11-02 14:47:00;2024-11-02;14:47:00;39;139;85;57;97;18;0.73;52.4;23.4;5835;8.5;1;CAPT003;Bonne
M000948;PAT0134;2024-07-31 20:52:00;2024-07-31;20:52:00;36.7;121;82;84;98;20;3.02;46.3;32.4;1108;5.3;4;CAPT016;Bonne
M000949;PAT0053;2024-12-06 07:51:00;2024-12-06;07:51:00;38.2;136;108;85;94;18;1.08;84.6;28.3;3677;5.7;4;CAPT021;Mauvaise
M000950;PAT0047;2024-01-04 02:55:00;2024-01-04;02:55:00;37.5;165;95;77;94;13;1.01;97.5;18.9;4071;9.9;8;CAPT014;Bonne
M000951;PAT0033;2024-10-30 17:53:00;2024-10-30;17:53:00;38.7;136;91;91;98;21;0.76;56.2;26.6;1412;6;3;CAPT030;Bonne
M000952;PAT0080;2024-04-11 07:27:00;2024-04-11;07:27:00;36.2;128;79;127;91;13;0.81;58.7;22.9;1560;6.1;1;CAPT041;Moyenne
M000953;PAT0052;2024-09-03 02:23:00;2024-09-03;02:23:00;37.1;125;65;95;94;14;0.89;54.2;25.5;2784;6.5;0;CAPT048;Bonne
M000954;PAT0111;2024-09-03 00:48:00;2024-09-03;00:48:00;37;112;78;66;94;20;1.23;92;30.9;2418;9.5;2;CAPT039;Bonne
M000955;PAT0138;2024-03-30 08:24:00;2024-03-30;08:24:00;37.4;104;61;76;98;20;0.81;69.9;24.4;6830;7.2;5;CAPT005;Moyenne
M000956;PAT0086;2024-08-28 06:09:00;2024-08-28;06:09:00;39.2;119;64;78;99;12;0.8;45.2;32.6;6343;8.1;7;CAPT024;Bonne
M000957;PAT0126;2024-07-31 12:47:00;2024-07-31;12:47:00;37;115;77;66;98;24;0.98;71.9;28.9;550;7.1;8;CAPT027;Bonne
M000958;PAT0010;2024-03-04 12:59:00;2024-03-04;12:59:00;37.8;131;89;78;97;20;3.48;55.7;25.4;5095;4.8;1;CAPT049;Bonne
M000959;PAT0185;2024-12-29 15:40:00;2024-12-29;15:40:00;38.3;112;87;86;95;15;0.94;83.3;29.1;4080;9.5;4;CAPT048;Bonne
M000960;PAT0064;2024-01-18 11:40:00;2024-01-18;11:40:00;38.3;140;69;78;95;12;0.87;46.6;29.3;4241;4;6;CAPT039;Bonne
M000961;PAT0117;2024-03-16 08:15:00;2024-03-16;08:15:00;37.9;104;87;70;96;21;3.37;97.3;32.3;5660;3.1;6;CAPT050;Moyenne
M000962;PAT0024;2024-07-15 12:45:00;2024-07-15;12:45:00;37.8;114;76;87;94;16;2.68;94.6;26.8;400;4.3;6;CAPT028;Bonne
M000963;PAT0043;2024-05-09 22:19:00;2024-05-09;22:19:00;37.5;116;85;68;98;15;3.11;74.3;33.1;6301;7.1;2;CAPT047;Moyenne
M000964;PAT0106;2024-02-15 03:40:00;2024-02-15;03:40:00;37.8;112;77;77;99;12;2.93;88.9;31.8;7910;4.9;7;CAPT014;Bonne
M000965;PAT0192;2024-06-06 00:10:00;2024-06-06;00:10:00;38.8;132;88;71;96;22;0.98;45.1;19.2;4421;7.9;2;CAPT034;Bonne
M000966;PAT0107;2024-08-08 05:11:00;2024-08-08;05:11:00;37;133;79;114;91;21;1.16;83.7;21.4;5321;4.3;7;CAPT008;Mauvaise
M000967;PAT0116;2024-04-18 05:12:00;2024-04-18;05:12:00;35.7;126;75;115;92;24;1.1;55.1;30.9;4317;4.8;0;CAPT027;Bonne
M000968;PAT0113;2024-11-15 03:55:00;2024-11-15;03:55:00;38;115;62;70;99;23;1.14;49.4;19.5;2850;3.9;0;CAPT005;Bonne
M000969;PAT0088;2024-04-30 15:31:00;2024-04-30;15:31:00;38.2;177;88;71;94;17;0.72;50.5;19;4055;8.3;3;CAPT001;Moyenne
M000970;PAT0171;2024-01-22 03:13:00;2024-01-22;03:13:00;37.6;108;87;92;96;15;1.11;45.4;28.3;6085;9.9;6;CAPT049;Bonne
M000971;PAT0069;2024-08-30 10:38:00;2024-08-30;10:38:00;37.2;100;64;60;98;13;1.35;65.4;33.1;2990;10;9;CAPT016;Moyenne
M000972;PAT0093;2024-07-12 19:03:00;2024-07-12;19:03:00;39.4;106;73;85;96;24;2.73;93;31.7;2665;3;0;CAPT045;Bonne
M000973;PAT0103;2024-03-12 00:38:00;2024-03-12;00:38:00;36;135;85;113;92;17;1.21;74.2;34.2;3930;8.3;8;CAPT016;Bonne
M000974;PAT0095;2024-12-17 21:55:00;2024-12-17;21:55:00;37.4;117;73;72;98;21;1.02;67.7;21.2;136;9.9;2;CAPT021;Mauvaise
M000975;PAT0005;2024-01-24 23:20:00;2024-01-24;23:20:00;38.2;119;81;111;90;16;1.14;57.8;26.2;2907;8.2;2;CAPT006;Bonne
M000976;PAT0090;2024-08-31 21:54:00;2024-08-31;21:54:00;38.3;110;76;128;91;18;1;50.5;24.5;6546;7.3;4;CAPT046;Bonne
M000977;PAT0037;2024-10-19 22:32:00;2024-10-19;22:32:00;35.6;128;77;97;95;23;1.31;72.4;19.5;3201;8.8;3;CAPT036;Bonne
M000978;PAT0120;2024-08-16 03:30:00;2024-08-16;03:30:00;38.2;138;106;92;96;21;0.82;58.2;21.6;2930;8.3;7;CAPT043;Mauvaise
M000979;PAT0180;2024-08-10 22:01:00;2024-08-10;22:01:00;36.1;107;88;100;92;13;0.76;96.1;33.3;2486;8.4;1;CAPT015;Bonne
M000980;PAT0185;2024-08-31 21:07:00;2024-08-31;21:07:00;38.2;109;62;63;96;22;0.88;95.8;28.8;1726;6.4;2;CAPT045;Bonne
M000981;PAT0086;2024-10-21 19:04:00;2024-10-21;19:04:00;38.1;113;83;82;96;18;1.31;65.7;30.2;7960;8.2;4;CAPT025;Moyenne
M000982;PAT0168;2024-10-14 13:51:00;2024-10-14;13:51:00;36.4;114;78;76;98;23;1.15;59.3;22.9;371;3.8;1;CAPT022;Moyenne
M000983;PAT0190;2024-04-06 23:07:00;2024-04-06;23:07:00;37.8;104;63;82;99;19;1.11;52;23.3;520;5.7;8;CAPT048;Mauvaise
M000984;PAT0001;2024-10-29 17:12:00;2024-10-29;17:12:00;38.9;136;80;72;94;19;1.91;98.9;23.4;242;5.6;0;CAPT044;Bonne
M000985;PAT0033;2024-11-04 18:14:00;2024-11-04;18:14:00;35.9;177;86;60;99;14;1.06;45.5;32.5;4491;5.2;3;CAPT019;Bonne
M000986;PAT0057;2024-08-21 04:38:00;2024-08-21;04:38:00;36.6;101;61;69;98;12;1.05;86.1;32.4;5599;8.8;6;CAPT003;Bonne
M000987;PAT0154;2024-09-14 22:07:00;2024-09-14;22:07:00;36.6;113;71;84;94;17;0.92;91.6;27.8;6514;7.4;7;CAPT014;Bonne
M000988;PAT0127;2024-07-11 01:51:00;2024-07-11;01:51:00;36.8;117;83;91;99;13;1.87;90.5;21.6;7847;8.1;5;CAPT015;Bonne
M000989;PAT0180;2024-04-01 15:46:00;2024-04-01;15:46:00;37.1;100;77;101;88;22;1.22;99.1;29.2;4763;8.9;7;CAPT002;Moyenne
M000990;PAT0141;2024-08-04 21:30:00;2024-08-04;21:30:00;39.5;122;80;88;96;17;0.97;86.7;24.6;4841;6.7;2;CAPT019;Moyenne
M000991;PAT0073;2024-04-09 22:54:00;2024-04-09;22:54:00;37.7;141;87;72;99;13;1.19;50.4;23.5;3803;8.5;7;CAPT004;Bonne
M000992;PAT0182;2024-12-01 05:36:00;2024-12-01;05:36:00;36.1;179;105;62;97;22;0.91;83.3;22.9;6243;4;4;CAPT014;Bonne
M000993;PAT0192;2024-11-29 00:23:00;2024-11-29;00:23:00;38.4;133;89;62;95;20;0.84;76.7;29.5;7460;9.9;1;CAPT010;Bonne
M000994;PAT0097;2024-08-06 21:53:00;2024-08-06;21:53:00;36.2;174;91;93;97;16;1.37;48.1;24;6897;6.3;5;CAPT004;Mauvaise
M000995;PAT0031;2024-11-28 10:37:00;2024-11-28;10:37:00;37.2;117;71;79;99;23;1.39;53.2;30.3;1220;4.7;2;CAPT008;Bonne
M000996;PAT0062;2024-06-03 22:38:00;2024-06-03;22:38:00;39.3;141;85;74;96;23;0.98;80.9;24.4;871;7.8;2;CAPT043;Bonne
M000997;PAT0169;2024-08-25 20:24:00;2024-08-25;20:24:00;36.6;122;88;61;99;13;0.76;80.9;24.2;5993;3.8;2;CAPT006;Moyenne
M000998;PAT0032;2024-12-08 16:14:00;2024-12-08;16:14:00;35.6;117;68;99;95;20;1.04;76.5;27.7;6003;4.9;8;CAPT048;Bonne
M000999;PAT0025;2024-04-02 12:30:00;2024-04-02;12:30:00;39.5;149;100;81;95;15;1.26;83.7;23.1;7154;3.9;2;CAPT021;Bonne
M001000;PAT0017;2024-10-02 05:25:00;2024-10-02;05:25:00;38.8;120;86;68;94;21;1.2;46.1;27.5;2386;6.8;5;CAPT034;Bonne
M001001;PAT0126;2024-10-26 17:45:00;2024-10-26;17:45:00;38.8;140;77;65;95;23;0.74;80.8;30.8;3893;4.5;5;CAPT043;Bonne
M001002;PAT0031;2024-11-02 22:11:00;2024-11-02;22:11:00;35.5;139;71;83;96;13;0.83;69.6;23.3;4808;3.3;1;CAPT037;Bonne
M001003;PAT0053;2024-02-14 17:16:00;2024-02-14;17:16:00;38.9;144;86;98;98;17;1.16;46.9;34.7;6587;6.5;0;CAPT024;Moyenne
M001004;PAT0140;2024-12-02 00:15:00;2024-12-02;00:15:00;36.7;143;67;99;96;22;0.82;97;26.8;6400;8.5;3;CAPT043;Bonne
M001005;PAT0137;2024-10-22 15:44:00;2024-10-22;15:44:00;36.8;139;64;71;99;19;1.01;95.1;34.9;7736;7.2;9;CAPT033;Bonne
M001006;PAT0054;2024-12-05 01:15:00;2024-12-05;01:15:00;35.6;122;62;61;98;17;1.18;52.8;32.6;3667;4.5;1;CAPT009;Moyenne
M001007;PAT0155;2024-10-29 11:17:00;2024-10-29;11:17:00;36;123;61;76;96;19;1.09;79.2;19.3;806;4.8;2;CAPT025;Moyenne
M001008;PAT0167;2024-07-23 14:05:00;2024-07-23;14:05:00;39.3;172;92;91;96;23;1.33;82.2;34;1831;4;1;CAPT014;Bonne
M001009;PAT0019;2024-05-17 20:44:00;2024-05-17;20:44:00;38.1;178;101;87;99;15;1.14;84.3;27.6;1397;7.5;8;CAPT033;Bonne
M001010;PAT0155;2024-03-19 10:50:00;2024-03-19;10:50:00;37.2;128;72;75;95;16;0.81;46.4;28.3;5316;3.5;9;CAPT008;Bonne
M001011;PAT0137;2024-10-07 13:04:00;2024-10-07;13:04:00;36.8;112;60;74;94;19;0.78;49.9;33.5;3593;8.4;8;CAPT010;Mauvaise
M001012;PAT0058;2024-02-20 12:14:00;2024-02-20;12:14:00;37;102;70;66;95;20;0.89;50.8;33.7;688;4.2;0;CAPT047;Mauvaise
M001013;PAT0079;2024-09-07 03:33:00;2024-09-07;03:33:00;36.9;135;66;80;99;18;2.55;76.5;22.8;823;4.9;7;CAPT007;Bonne
M001014;PAT0013;2024-07-18 05:22:00;2024-07-18;05:22:00;38.7;103;88;84;97;19;0.82;82.3;31.4;2850;6.9;3;CAPT026;Bonne
M001015;PAT0123;2024-05-12 00:43:00;2024-05-12;00:43:00;37.6;142;82;58;97;18;2.56;53.6;20.1;21;5.7;7;CAPT048;Bonne
M001016;PAT0069;2024-11-23 11:45:00;2024-11-23;11:45:00;38.6;128;86;93;97;18;0.74;82.3;25.1;6783;6.2;6;CAPT029;Moyenne
M001017;PAT0091;2024-09-14 09:17:00;2024-09-14;09:17:00;39.3;125;67;63;94;13;1.26;73.6;30.2;1004;9.5;6;CAPT015;Bonne
M001018;PAT0079;2024-02-14 09:26:00;2024-02-14;09:26:00;38.6;124;83;98;94;13;2.66;91.5;28.8;6284;3.5;1;CAPT016;Bonne
M001019;PAT0024;2024-01-30 02:47:00;2024-01-30;02:47:00;36.6;126;74;85;94;15;1.58;96.1;31.7;5801;3.1;4;CAPT028;Bonne
M001020;PAT0174;2024-03-10 15:31:00;2024-03-10;15:31:00;37.6;107;75;103;90;20;1.06;99.9;33.1;1356;7.9;6;CAPT026;Moyenne
M001021;PAT0004;2024-01-04 22:27:00;2024-01-04;22:27:00;38.3;130;64;97;99;16;1.13;86.2;22.2;7820;8.2;8;CAPT034;Bonne
M001022;PAT0176;2024-11-06 14:10:00;2024-11-06;14:10:00;38.2;138;66;92;96;24;1.13;93.5;26.9;1702;4.6;4;CAPT005;Moyenne
M001023;PAT0094;2024-09-20 11:03:00;2024-09-20;11:03:00;37.2;121;89;97;88;15;1.29;65.9;24.3;2650;3.8;0;CAPT044;Bonne
M001024;PAT0064;2024-03-01 09:19:00;2024-03-01;09:19:00;37.4;141;71;81;97;21;1.28;59.6;18;7548;7.4;0;CAPT026;Bonne
M001025;PAT0056;2024-11-25 16:52:00;2024-11-25;16:52:00;39.1;128;77;74;94;14;1.35;96.4;33.2;2423;8.9;7;CAPT004;Bonne
M001026;PAT0092;2024-08-23 10:19:00;2024-08-23;10:19:00;36.9;137;80;83;94;15;0.7;45.3;33.1;1625;4.3;6;CAPT023;Bonne
M001027;PAT0003;2024-09-08 06:05:00;2024-09-08;06:05:00;37.6;108;66;96;97;20;1.43;94.4;25;3174;9.4;1;CAPT001;Moyenne
M001028;PAT0040;2024-05-08 07:30:00;2024-05-08;07:30:00;37.1;105;85;98;96;15;1.24;61.5;25.3;3234;4.3;1;CAPT018;Bonne
M001029;PAT0028;2024-12-02 14:10:00;2024-12-02;14:10:00;36.1;104;77;70;94;21;1.39;86.1;18.1;2803;9.2;5;CAPT046;Moyenne
M001030;PAT0051;2024-05-25 01:08:00;2024-05-25;01:08:00;37.1;109;83;66;98;23;0.78;85.9;33.3;581;4.1;3;CAPT013;Bonne
M001031;PAT0123;2024-05-16 03:26:00;2024-05-16;03:26:00;37.5;108;85;83;99;17;3.41;72.3;29.6;3263;3.9;7;CAPT049;Moyenne
M001032;PAT0196;2024-07-23 16:46:00;2024-07-23;16:46:00;39.2;113;66;91;95;13;1.25;91.4;24.6;7498;3.8;5;CAPT007;Bonne
M001033;PAT0006;2024-06-25 16:00:00;2024-06-25;16:00:00;38.6;165;106;98;95;13;0.79;58;29.5;966;5.4;9;CAPT039;Bonne
M001034;PAT0189;2024-09-02 09:18:00;2024-09-02;09:18:00;37.4;122;73;61;99;20;1.22;86.8;22.2;2748;4.1;2;CAPT033;Bonne
M001035;PAT0048;2024-02-28 08:44:00;2024-02-28;08:44:00;36.5;119;61;98;97;12;0.87;90.1;21.4;826;7.9;9;CAPT007;Bonne
M001036;PAT0180;2024-11-08 05:12:00;2024-11-08;05:12:00;39.5;117;72;116;90;22;1.21;77.5;28.8;2224;4.6;3;CAPT009;Moyenne
M001037;PAT0103;2024-04-08 04:27:00;2024-04-08;04:27:00;35.6;131;69;100;93;17;0.73;56;32.7;7546;5.7;8;CAPT034;Moyenne
M001038;PAT0079;2024-04-28 07:21:00;2024-04-28;07:21:00;37.2;133;63;91;94;19;2.81;48.4;25.3;871;3.4;5;CAPT008;Moyenne
M001039;PAT0069;2024-06-28 22:26:00;2024-06-28;22:26:00;36.5;139;78;57;95;16;0.95;94.2;21.1;6642;3;2;CAPT043;Mauvaise
M001040;PAT0191;2024-05-26 15:17:00;2024-05-26;15:17:00;39.1;115;67;72;97;22;0.93;50.5;21.1;1318;9.6;0;CAPT024;Bonne
M001041;PAT0086;2024-02-19 21:00:00;2024-02-19;21:00:00;38.2;144;69;61;99;18;0.91;87.4;20.2;3200;5.5;0;CAPT024;Mauvaise
M001042;PAT0191;2024-09-27 19:23:00;2024-09-27;19:23:00;36.5;136;79;78;94;18;1.25;60.2;27.9;2686;3.6;9;CAPT007;Moyenne
M001043;PAT0034;2024-11-04 03:02:00;2024-11-04;03:02:00;37.8;129;66;87;95;19;1.14;95.2;29.1;6154;4.3;8;CAPT046;Bonne
M001044;PAT0115;2024-02-08 17:39:00;2024-02-08;17:39:00;36.9;103;63;82;94;24;1.35;84.9;34.8;1558;4.4;2;CAPT047;Bonne
M001045;PAT0040;2024-04-08 13:35:00;2024-04-08;13:35:00;38.3;138;83;70;94;23;0.73;94;30.9;5409;8.9;6;CAPT036;Bonne
M001046;PAT0089;2024-08-17 20:45:00;2024-08-17;20:45:00;36;128;89;67;95;18;1.33;69;26.2;2574;6.7;8;CAPT033;Bonne
M001047;PAT0006;2024-05-20 22:08:00;2024-05-20;22:08:00;36.7;173;88;65;98;13;0.82;97.6;19;1020;9.8;6;CAPT013;Bonne
M001048;PAT0190;2024-09-10 21:34:00;2024-09-10;21:34:00;39;116;80;98;97;14;1.27;98.4;20.8;5062;8.3;5;CAPT025;Bonne
M001049;PAT0144;2024-07-24 19:17:00;2024-07-24;19:17:00;36.3;136;61;95;99;22;2.99;45.2;27.7;7127;7.1;5;CAPT001;Bonne
M001050;PAT0132;2024-12-28 23:33:00;2024-12-28;23:33:00;36.5;106;84;93;96;17;2.25;91.9;23;7530;4.9;6;CAPT008;Moyenne
M001051;PAT0044;2024-09-30 07:18:00;2024-09-30;07:18:00;35.7;103;85;95;88;20;0.86;53.1;33;4260;9.5;6;CAPT018;Mauvaise
M001052;PAT0014;2024-05-07 06:34:00;2024-05-07;06:34:00;36;132;60;60;95;21;2.68;80.7;28.8;91;9.8;0;CAPT021;Bonne
M001053;PAT0022;2024-10-08 08:46:00;2024-10-08;08:46:00;36;171;104;55;97;14;1.36;94.4;23;2513;9.9;8;CAPT041;Moyenne
M001054;PAT0003;2024-04-22 23:17:00;2024-04-22;23:17:00;36.2;126;76;83;97;16;3.1;98.4;27.1;7065;9.9;4;CAPT050;Bonne
M001055;PAT0200;2024-12-18 12:41:00;2024-12-18;12:41:00;36.5;124;61;76;98;15;1.11;79.4;28.3;1699;4.4;5;CAPT029;Bonne
M001056;PAT0057;2024-04-14 18:40:00;2024-04-14;18:40:00;38.7;112;81;91;94;21;0.93;86.4;20.6;7846;4.6;3;CAPT047;Bonne
M001057;PAT0112;2024-09-02 02:31:00;2024-09-02;02:31:00;36.2;135;76;75;99;19;0.96;55.2;32.7;1363;4.3;7;CAPT032;Bonne
M001058;PAT0187;2024-05-24 00:19:00;2024-05-24;00:19:00;36.2;124;78;87;95;17;0.83;54.8;24.7;5755;7.3;9;CAPT005;Bonne
M001059;PAT0037;2024-05-05 14:58:00;2024-05-05;14:58:00;38.1;126;72;87;98;21;0.75;67.1;30.3;588;4;8;CAPT049;Bonne
M001060;PAT0004;2024-07-12 12:01:00;2024-07-12;12:01:00;35.9;123;62;84;96;23;1.12;45.7;32.1;5275;9.5;0;CAPT009;Bonne
M001061;PAT0064;2024-05-17 04:40:00;2024-05-17;04:40:00;37.9;120;84;77;97;22;1.24;88.6;18.2;3768;8.5;8;CAPT035;Bonne
M001062;PAT0189;2024-12-28 02:12:00;2024-12-28;02:12:00;36.1;109;70;60;97;19;3.08;86.8;33.2;7115;8.7;6;CAPT020;Moyenne
M001063;PAT0085;2024-05-04 01:34:00;2024-05-04;01:34:00;38.3;144;64;60;94;17;1.04;79.5;20.1;433;8.8;5;CAPT007;Bonne
M001064;PAT0140;2024-09-18 13:09:00;2024-09-18;13:09:00;35.5;124;88;69;95;19;0.91;57.3;21.9;2098;5.7;7;CAPT023;Bonne
M001065;PAT0168;2024-12-16 12:43:00;2024-12-16;12:43:00;39;105;81;89;95;12;0.9;90.3;19.9;5435;4.2;3;CAPT008;Bonne
M001066;PAT0058;2024-05-24 11:04:00;2024-05-24;11:04:00;38;137;70;66;95;13;0.77;51.5;33.7;550;9.4;6;CAPT003;Bonne
M001067;PAT0155;2024-08-07 16:21:00;2024-08-07;16:21:00;37.9;130;60;67;95;20;0.81;82.4;20.6;4409;7.7;7;CAPT020;Bonne
M001068;PAT0160;2024-06-27 03:17:00;2024-06-27;03:17:00;39.2;130;82;95;95;23;1.27;81.4;33.9;2433;8.7;5;CAPT046;Bonne
M001069;PAT0020;2024-03-17 20:09:00;2024-03-17;20:09:00;36.8;142;65;57;96;24;1.25;66.5;30.3;4723;8.5;9;CAPT031;Bonne
M001070;PAT0018;2024-08-06 23:17:00;2024-08-06;23:17:00;36.1;106;74;72;95;15;0.78;62.8;20.2;3688;8.4;7;CAPT023;Bonne
M001071;PAT0082;2024-09-03 22:26:00;2024-09-03;22:26:00;37.9;154;86;97;95;18;1.05;80;20.3;6053;9.6;9;CAPT016;Moyenne
M001072;PAT0099;2024-09-11 17:34:00;2024-09-11;17:34:00;37.5;100;61;90;90;13;0.99;74.5;21.9;3284;3.6;3;CAPT046;Moyenne
M001073;PAT0108;2024-12-21 23:14:00;2024-12-21;23:14:00;38.3;120;83;58;97;17;1.07;57.9;18;3475;10;1;CAPT002;Moyenne
M001074;PAT0093;2024-03-09 03:03:00;2024-03-09;03:03:00;39.1;132;83;68;97;16;2.48;64.8;32.4;3786;8.5;7;CAPT009;Moyenne
M001075;PAT0076;2024-10-09 13:15:00;2024-10-09;13:15:00;36.3;112;75;78;98;19;1.02;57.4;30.7;6581;3.8;9;CAPT045;Bonne
M001076;PAT0181;2024-01-14 22:27:00;2024-01-14;22:27:00;37;137;73;55;94;22;0.8;83.6;29.3;946;3.5;2;CAPT039;Bonne
M001077;PAT0041;2024-07-06 04:05:00;2024-07-06;04:05:00;36.5;136;76;128;89;23;0.72;45.7;32.1;1308;5.9;2;CAPT049;Bonne
M001078;PAT0047;2024-03-12 23:33:00;2024-03-12;23:33:00;38.3;176;98;66;95;21;1.03;61.5;25;1439;5.4;9;CAPT042;Bonne
M001079;PAT0178;2024-02-26 04:03:00;2024-02-26;04:03:00;39;141;61;71;99;19;0.71;46.8;30.8;742;6.5;6;CAPT001;Bonne
M001080;PAT0102;2024-12-14 14:35:00;2024-12-14;14:35:00;38.3;108;81;88;99;12;1.28;59.2;27.7;5760;5.1;8;CAPT015;Bonne
M001081;PAT0109;2024-05-19 02:33:00;2024-05-19;02:33:00;37;118;63;94;98;15;1.35;97.3;30.6;5000;5.8;8;CAPT004;Bonne
M001082;PAT0057;2024-10-13 19:53:00;2024-10-13;19:53:00;35.8;117;71;96;96;18;0.97;83.1;26.1;5832;7.6;5;CAPT026;Bonne
M001083;PAT0098;2024-07-09 20:27:00;2024-07-09;20:27:00;36.3;106;75;59;94;14;0.82;51;19.3;7716;7.2;6;CAPT022;Moyenne
M001084;PAT0008;2024-03-24 17:06:00;2024-03-24;17:06:00;35.8;136;88;106;95;21;0.87;77.8;30.9;2261;5.2;7;CAPT036;Bonne
M001085;PAT0052;2024-01-17 07:17:00;2024-01-17;07:17:00;35.8;132;61;84;97;23;1.15;76.4;18.8;1105;9.9;8;CAPT031;Bonne
M001086;PAT0012;2024-02-17 09:00:00;2024-02-17;09:00:00;39.4;103;64;58;98;20;1.31;86.3;34.3;1996;6.5;1;CAPT021;Moyenne
M001087;PAT0193;2024-07-01 04:44:00;2024-07-01;04:44:00;38.2;123;61;122;89;14;0.97;63.2;33.2;1224;6.5;2;CAPT033;Moyenne
M001088;PAT0199;2024-10-27 12:30:00;2024-10-27;12:30:00;37.8;109;60;96;98;20;0.81;91.9;22.9;4795;4.1;2;CAPT030;Bonne
M001089;PAT0021;2024-02-17 22:14:00;2024-02-17;22:14:00;39;140;85;76;94;18;1.32;89.4;29.1;5190;8.4;7;CAPT011;Bonne
M001090;PAT0129;2024-11-07 20:33:00;2024-11-07;20:33:00;39.2;159;93;60;95;20;1.06;63.8;31.4;2107;5.4;0;CAPT024;Bonne
M001091;PAT0160;2024-08-08 01:57:00;2024-08-08;01:57:00;38.4;105;64;85;95;20;1.3;82.6;22.1;3133;10;9;CAPT039;Mauvaise
M001092;PAT0020;2024-10-17 20:31:00;2024-10-17;20:31:00;35.9;135;80;69;95;15;1.37;45.8;31;7727;5.2;4;CAPT006;Moyenne
M001093;PAT0128;2024-06-09 05:59:00;2024-06-09;05:59:00;36.7;115;81;101;95;14;0.77;48.7;27.8;6247;5.5;5;CAPT005;Moyenne
M001094;PAT0046;2024-08-23 08:30:00;2024-08-23;08:30:00;39.4;128;77;64;95;18;1.2;87;25.5;2001;9.5;0;CAPT008;Bonne
M001095;PAT0146;2024-07-05 09:25:00;2024-07-05;09:25:00;37.1;135;99;58;97;24;1.04;79.1;29.6;6035;6.1;9;CAPT033;Moyenne
M001096;PAT0160;2024-07-10 02:43:00;2024-07-10;02:43:00;37.2;133;87;87;95;18;1.37;69.8;32.9;2364;9.9;9;CAPT003;Bonne
M001097;PAT0159;2024-01-30 23:50:00;2024-01-30;23:50:00;36.5;100;72;55;98;12;1.38;90.2;18.1;539;9;6;CAPT019;Bonne
M001098;PAT0097;2024-07-23 02:14:00;2024-07-23;02:14:00;37.1;177;101;88;98;22;0.81;70.4;19.6;3867;6.3;9;CAPT042;Bonne
M001099;PAT0137;2024-08-26 03:05:00;2024-08-26;03:05:00;36.2;130;76;63;95;19;1.33;51;34.3;916;5.8;1;CAPT028;Moyenne
M001100;PAT0052;2024-02-03 10:21:00;2024-02-03;10:21:00;39.5;129;76;65;97;20;0.98;71.7;29.9;7297;6.3;4;CAPT018;Bonne
M001101;PAT0117;2024-03-20 15:09:00;2024-03-20;15:09:00;38.1;135;81;79;96;20;1.29;62.6;18.5;981;7.2;6;CAPT025;Moyenne
M001102;PAT0016;2024-07-04 13:30:00;2024-07-04;13:30:00;36.4;133;70;64;99;17;1.36;56.6;18.4;1777;8.3;1;CAPT028;Bonne
M001103;PAT0070;2024-03-31 02:09:00;2024-03-31;02:09:00;35.8;131;69;70;97;12;1.78;67.3;23.1;1780;8;7;CAPT027;Mauvaise
M001104;PAT0135;2024-05-12 05:53:00;2024-05-12;05:53:00;35.7;112;74;98;95;16;0.85;94.2;25.3;3185;9.7;2;CAPT020;Bonne
M001105;PAT0043;2024-08-02 15:30:00;2024-08-02;15:30:00;37.6;110;80;97;97;15;1.66;88.1;34.4;788;6.1;1;CAPT045;Bonne
M001106;PAT0147;2024-01-06 17:50:00;2024-01-06;17:50:00;39.1;109;61;115;93;20;0.97;55.9;30.3;877;7;2;CAPT010;Moyenne
M001107;PAT0083;2024-06-11 00:09:00;2024-06-11;00:09:00;39.1;103;88;60;99;15;1.16;96.4;26.5;6745;5.2;6;CAPT044;Mauvaise
M001108;PAT0105;2024-01-02 14:53:00;2024-01-02;14:53:00;38.9;140;95;70;99;20;0.88;79.9;28.9;3175;7;6;CAPT003;Bonne
M001109;PAT0056;2024-04-06 13:44:00;2024-04-06;13:44:00;37.7;121;84;73;95;21;1.22;54.1;24.4;680;5.4;3;CAPT013;Bonne
M001110;PAT0174;2024-01-08 11:52:00;2024-01-08;11:52:00;37;112;84;91;89;20;1.1;61.6;23.2;667;8.7;2;CAPT008;Bonne
M001111;PAT0180;2024-08-21 13:26:00;2024-08-21;13:26:00;36.9;130;80;121;93;13;1.05;90.6;25.2;2503;9.8;8;CAPT022;Bonne
M001112;PAT0030;2024-08-22 13:23:00;2024-08-22;13:23:00;36.2;172;106;94;95;23;1.35;77.7;27.2;6564;5.7;8;CAPT043;Bonne
M001113;PAT0177;2024-11-20 09:44:00;2024-11-20;09:44:00;38;109;82;58;96;21;1.18;95.9;32.6;7086;10;5;CAPT007;Bonne
M001114;PAT0023;2024-11-11 13:06:00;2024-11-11;13:06:00;37.5;116;75;89;95;22;2.69;86.3;33.8;7420;3.7;8;CAPT029;Mauvaise
M001115;PAT0129;2024-01-17 21:18:00;2024-01-17;21:18:00;38.9;152;104;68;95;12;1.11;56.7;31.2;7477;6.9;9;CAPT008;Bonne
M001116;PAT0051;2024-03-04 11:50:00;2024-03-04;11:50:00;39.2;117;89;79;98;14;1.3;67.7;31.9;2759;7.9;7;CAPT048;Bonne
M001117;PAT0102;2024-07-10 07:32:00;2024-07-10;07:32:00;36.6;102;71;76;94;15;0.71;93.4;22.5;7056;8.9;2;CAPT027;Bonne
M001118;PAT0173;2024-07-31 01:00:00;2024-07-31;01:00:00;35.6;129;80;101;92;22;0.87;88.5;32.3;1299;6.6;2;CAPT048;Bonne
M001119;PAT0154;2024-03-28 18:27:00;2024-03-28;18:27:00;36.5;110;79;62;97;22;0.92;98.5;21.3;2731;7.5;7;CAPT004;Bonne
M001120;PAT0148;2024-11-21 12:46:00;2024-11-21;12:46:00;36.2;164;96;81;98;15;1;94.7;26.8;4947;6.1;3;CAPT007;Bonne
M001121;PAT0182;2024-09-15 03:40:00;2024-09-15;03:40:00;37.8;143;88;66;94;24;1.26;66.6;31;815;9.4;9;CAPT036;Bonne
M001122;PAT0041;2024-04-14 02:05:00;2024-04-14;02:05:00;35.6;112;66;117;89;14;1.36;45.6;31.1;6231;4.1;2;CAPT040;Bonne
M001123;PAT0182;2024-02-10 18:24:00;2024-02-10;18:24:00;35.6;147;105;56;95;17;1.08;85.4;34.7;6860;7.4;9;CAPT050;Bonne
M001124;PAT0092;2024-11-30 07:19:00;2024-11-30;07:19:00;36.3;113;88;74;94;12;0.83;91.2;30.3;2199;8.6;1;CAPT025;Bonne
M001125;PAT0198;2024-01-27 08:05:00;2024-01-27;08:05:00;39.2;142;67;57;98;23;0.88;79.5;28.9;4691;7.1;4;CAPT007;Bonne
M001126;PAT0029;2024-11-01 03:06:00;2024-11-01;03:06:00;36.1;142;76;87;99;22;1.02;59.4;21.1;3403;3.5;1;CAPT024;Bonne
M001127;PAT0054;2024-09-08 00:26:00;2024-09-08;00:26:00;35.8;122;73;84;94;24;0.97;97.8;19.3;2877;7.8;6;CAPT025;Bonne
M001128;PAT0081;2024-08-18 05:11:00;2024-08-18;05:11:00;36.7;141;73;92;99;19;2.66;94.7;29.2;2296;7.4;5;CAPT003;Bonne
M001129;PAT0031;2024-06-26 15:39:00;2024-06-26;15:39:00;37.9;128;89;79;97;17;1.38;45.3;26.9;7255;4.8;8;CAPT008;Bonne
M001130;PAT0050;2024-10-01 00:33:00;2024-10-01;00:33:00;37.5;121;79;87;94;20;1.12;53.4;32.7;5985;3.8;8;CAPT014;Bonne
M001131;PAT0008;2024-04-22 02:46:00;2024-04-22;02:46:00;38.3;124;67;105;93;24;0.93;52;22.7;6771;4.4;0;CAPT006;Bonne
M001132;PAT0090;2024-11-29 09:29:00;2024-11-29;09:29:00;38.5;137;81;103;91;13;1.2;72.3;26.7;6638;5.8;8;CAPT013;Bonne
M001133;PAT0065;2024-12-17 22:17:00;2024-12-17;22:17:00;39.3;144;101;93;94;22;0.82;50.7;31.5;7736;7.1;0;CAPT011;Bonne
M001134;PAT0053;2024-09-06 13:56:00;2024-09-06;13:56:00;37.3;153;109;83;96;16;1.37;77.8;22.6;7030;5.2;3;CAPT007;Bonne
M001135;PAT0156;2024-04-12 18:22:00;2024-04-12;18:22:00;37;108;85;95;95;13;0.97;79.8;19.1;7190;4.2;6;CAPT003;Bonne
M001136;PAT0131;2024-07-28 09:38:00;2024-07-28;09:38:00;38.8;115;68;67;97;22;0.88;80.5;34.4;5938;5.5;3;CAPT002;Bonne
M001137;PAT0030;2024-06-14 13:50:00;2024-06-14;13:50:00;36.2;170;85;72;96;20;0.83;58.5;21.7;652;5.6;7;CAPT010;Bonne
M001138;PAT0200;2024-01-05 10:44:00;2024-01-05;10:44:00;35.5;114;70;98;99;15;0.92;63.1;25.9;4512;8.6;7;CAPT015;Bonne
M001139;PAT0144;2024-05-25 19:13:00;2024-05-25;19:13:00;37.6;140;69;90;97;20;1.35;50.7;22.7;1388;7.3;1;CAPT043;Mauvaise
M001140;PAT0020;2024-11-26 13:43:00;2024-11-26;13:43:00;38.5;136;79;79;97;16;1.1;62.5;23.4;5912;4.4;8;CAPT032;Bonne
M001141;PAT0128;2024-05-20 13:07:00;2024-05-20;13:07:00;36;124;62;121;88;12;0.73;54.4;23.6;1232;5.7;8;CAPT037;Bonne
M001142;PAT0006;2024-11-25 18:00:00;2024-11-25;18:00:00;39.1;139;89;95;96;14;0.9;60.6;32.3;7446;5.8;8;CAPT035;Bonne
M001143;PAT0136;2024-11-26 00:04:00;2024-11-26;00:04:00;37.4;115;60;91;93;12;0.73;90.6;25.1;7513;5.1;9;CAPT021;Bonne
M001144;PAT0193;2024-02-10 17:49:00;2024-02-10;17:49:00;36.8;114;85;105;93;24;0.94;78.7;24.7;3223;7.9;6;CAPT030;Bonne
M001145;PAT0127;2024-03-03 11:39:00;2024-03-03;11:39:00;35.9;107;61;56;96;21;3.15;57.3;32;2402;4;6;CAPT021;Bonne
M001146;PAT0177;2024-04-25 05:05:00;2024-04-25;05:05:00;36.3;127;82;58;99;16;1.21;94.6;24.3;4457;9.3;0;CAPT001;Bonne
M001147;PAT0177;2024-05-12 01:07:00;2024-05-12;01:07:00;35.7;131;60;80;94;18;1.31;61.7;22.5;7382;7.8;3;CAPT025;Bonne
M001148;PAT0070;2024-03-11 18:29:00;2024-03-11;18:29:00;36;101;87;73;98;19;2.81;62.6;20.5;10;7.1;5;CAPT027;Bonne
M001149;PAT0164;2024-03-03 16:33:00;2024-03-03;16:33:00;36.5;175;93;82;94;12;1.01;71.3;26.3;5470;5;9;CAPT050;Bonne
M001150;PAT0188;2024-02-17 08:49:00;2024-02-17;08:49:00;36.7;128;77;127;94;12;1.04;49.6;27.5;3653;9.1;7;CAPT043;Bonne
M001151;PAT0166;2024-04-15 22:04:00;2024-04-15;22:04:00;35.8;148;96;64;99;15;1.21;72.2;21.6;3406;7.7;6;CAPT030;Bonne
M001152;PAT0099;2024-02-23 10:13:00;2024-02-23;10:13:00;38.8;109;69;128;91;16;0.83;86.9;26.7;6774;5.2;2;CAPT020;Bonne
M001153;PAT0182;2024-03-19 16:06:00;2024-03-19;16:06:00;39.2;149;105;91;97;15;1.02;57;24.2;1774;9.8;8;CAPT040;Bonne
M001154;PAT0132;2024-07-23 06:04:00;2024-07-23;06:04:00;36.6;127;82;99;98;19;1.67;54;23.2;5931;9.1;5;CAPT042;Moyenne
M001155;PAT0027;2024-02-24 23:07:00;2024-02-24;23:07:00;36.5;125;89;87;99;12;1.54;94.2;21.2;4664;3.2;1;CAPT043;Mauvaise
M001156;PAT0136;2024-05-15 03:59:00;2024-05-15;03:59:00;37.7;106;77;115;95;17;1.02;64.5;21.6;29;5.8;6;CAPT028;Moyenne
M001157;PAT0131;2024-08-13 08:23:00;2024-08-13;08:23:00;35.9;121;69;97;94;24;0.93;80.7;30.4;1800;6;6;CAPT019;Moyenne
M001158;PAT0049;2024-10-31 08:33:00;2024-10-31;08:33:00;37.9;102;62;87;98;15;0.98;73.5;19.9;3873;3.3;8;CAPT016;Moyenne
M001159;PAT0029;2024-01-28 01:36:00;2024-01-28;01:36:00;36.6;131;65;99;98;12;0.85;48.6;19.7;6943;4.6;3;CAPT040;Bonne
M001160;PAT0180;2024-07-19 12:06:00;2024-07-19;12:06:00;36.4;127;80;123;95;14;1.2;90.3;29.8;106;6.5;5;CAPT011;Bonne
M001161;PAT0053;2024-05-27 22:38:00;2024-05-27;22:38:00;36.7;171;104;88;99;21;0.94;45.2;21.1;5329;9.4;6;CAPT040;Bonne
M001162;PAT0123;2024-12-18 07:10:00;2024-12-18;07:10:00;36.8;131;86;60;99;23;2.9;48.8;21.2;7353;9.3;7;CAPT010;Mauvaise
M001163;PAT0004;2024-08-07 10:01:00;2024-08-07;10:01:00;36.2;142;71;73;98;22;1.17;59.5;19.3;2169;7.8;2;CAPT001;Bonne
M001164;PAT0153;2024-08-30 18:00:00;2024-08-30;18:00:00;37.5;144;87;72;97;15;0.95;58.6;19.9;6121;8.7;0;CAPT037;Mauvaise
M001165;PAT0175;2024-04-26 16:32:00;2024-04-26;16:32:00;36.2;179;88;64;94;14;1.39;53.1;19.6;3182;5.1;1;CAPT048;Bonne
M001166;PAT0086;2024-06-28 17:16:00;2024-06-28;17:16:00;38.2;105;85;62;96;22;1.02;58.9;25.8;2648;8.8;1;CAPT020;Bonne
M001167;PAT0182;2024-09-22 21:54:00;2024-09-22;21:54:00;39;173;87;58;94;16;0.93;91.4;26.2;7986;4.9;7;CAPT034;Bonne
M001168;PAT0187;2024-03-16 13:54:00;2024-03-16;13:54:00;36.4;118;83;80;95;17;1.15;99.7;24.1;5453;3.2;0;CAPT037;Mauvaise
M001169;PAT0190;2024-08-08 11:13:00;2024-08-08;11:13:00;38.5;129;64;85;96;15;1.19;55.7;34.2;1785;7.5;6;CAPT018;Bonne
M001170;PAT0161;2024-08-18 16:11:00;2024-08-18;16:11:00;36.6;122;75;99;99;17;1.18;82.3;33.1;680;5.7;3;CAPT027;Bonne
M001171;PAT0071;2024-01-22 18:33:00;2024-01-22;18:33:00;38.3;104;84;71;97;18;1.91;90.9;20.1;986;8.6;8;CAPT037;Mauvaise
M001172;PAT0089;2024-01-05 15:59:00;2024-01-05;15:59:00;38.2;112;70;99;95;17;0.9;70.6;20.6;7959;9.8;8;CAPT040;Bonne
M001173;PAT0143;2024-06-04 15:18:00;2024-06-04;15:18:00;35.8;117;70;70;94;24;1.17;61.2;25.7;3686;4.5;9;CAPT038;Bonne
M001174;PAT0032;2024-06-05 00:27:00;2024-06-05;00:27:00;36.9;130;87;57;99;18;0.74;90.9;18.8;2829;4;9;CAPT019;Moyenne
M001175;PAT0129;2024-10-14 04:05:00;2024-10-14;04:05:00;38.4;136;108;68;97;13;1.17;52.8;30.5;3863;6;4;CAPT006;Bonne
M001176;PAT0075;2024-08-30 11:15:00;2024-08-30;11:15:00;38.7;126;66;69;95;12;1.7;80;25.2;6007;9.8;3;CAPT007;Moyenne
M001177;PAT0067;2024-11-01 09:11:00;2024-11-01;09:11:00;37.8;100;70;76;96;21;1.34;82.3;23.5;186;7;0;CAPT044;Bonne
M001178;PAT0197;2024-03-10 13:35:00;2024-03-10;13:35:00;36.3;125;75;110;92;20;0.84;61.8;23.1;138;9.5;5;CAPT030;Moyenne
M001179;PAT0140;2024-08-11 03:08:00;2024-08-11;03:08:00;37.6;105;72;76;99;16;0.83;83.2;26.6;5806;7.8;1;CAPT023;Bonne
M001180;PAT0120;2024-08-26 13:26:00;2024-08-26;13:26:00;37.3;139;88;86;95;18;0.95;95.2;18.4;2985;8.4;9;CAPT006;Moyenne
M001181;PAT0194;2024-06-03 07:37:00;2024-06-03;07:37:00;37.5;129;80;67;94;12;0.8;52;27.2;6382;7;0;CAPT019;Bonne
M001182;PAT0014;2024-07-20 04:25:00;2024-07-20;04:25:00;38.2;125;72;82;94;16;2.94;70.5;31;4478;6.6;8;CAPT004;Bonne
M001183;PAT0022;2024-11-28 03:21:00;2024-11-28;03:21:00;37.9;142;101;55;97;16;0.74;90.2;27.6;1751;7.8;5;CAPT004;Bonne
M001184;PAT0032;2024-12-11 16:47:00;2024-12-11;16:47:00;38.4;124;60;86;95;21;1.22;83.6;26.8;3714;6.9;0;CAPT032;Bonne
M001185;PAT0035;2024-12-11 20:54:00;2024-12-11;20:54:00;36.1;142;88;56;94;19;0.86;79.6;30.2;3216;9.6;3;CAPT032;Bonne
M001186;PAT0160;2024-02-28 02:00:00;2024-02-28;02:00:00;36.1;111;87;74;95;14;1.18;93.4;26.8;5674;4.7;8;CAPT007;Bonne
M001187;PAT0122;2024-09-15 14:25:00;2024-09-15;14:25:00;35.7;116;77;91;99;21;0.72;51.7;24.9;3342;9.9;0;CAPT016;Bonne
M001188;PAT0140;2024-11-09 21:28:00;2024-11-09;21:28:00;38.9;119;65;78;98;17;0.88;78.9;25.4;7247;7.5;1;CAPT012;Bonne
M001189;PAT0037;2024-12-02 07:10:00;2024-12-02;07:10:00;37.5;123;68;76;97;12;1.27;83.5;21.4;5501;6.4;8;CAPT019;Bonne
M001190;PAT0171;2024-10-28 15:23:00;2024-10-28;15:23:00;38.2;114;89;81;99;21;0.77;66.5;29.9;2108;3.8;9;CAPT027;Bonne
M001191;PAT0109;2024-05-25 14:07:00;2024-05-25;14:07:00;37.8;111;73;85;94;22;0.8;45.6;23.1;4332;7.5;2;CAPT043;Bonne
M001192;PAT0159;2024-06-30 04:29:00;2024-06-30;04:29:00;39;120;69;70;97;22;1.01;70.2;18.2;6963;4.1;6;CAPT033;Mauvaise
M001193;PAT0129;2024-12-27 16:24:00;2024-12-27;16:24:00;37.6;145;100;74;97;17;0.85;54.6;20.6;1845;7.6;6;CAPT037;Bonne
M001194;PAT0087;2024-03-12 08:50:00;2024-03-12;08:50:00;38.6;144;70;84;96;20;2.26;61.7;24.7;1509;9.4;5;CAPT042;Bonne
M001195;PAT0124;2024-08-29 19:42:00;2024-08-29;19:42:00;36.2;126;64;89;97;16;2.07;84;26.6;2969;7.6;8;CAPT017;Moyenne
M001196;PAT0034;2024-10-28 18:22:00;2024-10-28;18:22:00;37.8;116;72;80;99;18;1.19;90.6;19.1;3641;3.2;7;CAPT047;Bonne
M001197;PAT0041;2024-12-06 03:31:00;2024-12-06;03:31:00;39.2;143;63;126;89;12;0.86;71.2;30.9;6823;9.9;5;CAPT047;Bonne
M001198;PAT0061;2024-03-30 23:57:00;2024-03-30;23:57:00;37;108;72;65;98;22;1.44;98.5;33.7;1025;3.4;9;CAPT017;Bonne
M001199;PAT0030;2024-02-07 14:48:00;2024-02-07;14:48:00;37;177;94;67;94;12;0.73;79.7;18.5;2022;4.2;7;CAPT007;Bonne
M001200;PAT0179;2024-03-09 20:36:00;2024-03-09;20:36:00;37.7;147;103;61;94;14;1.01;55.8;26.3;2028;7.8;5;CAPT015;Bonne
M001201;PAT0052;2024-08-10 16:51:00;2024-08-10;16:51:00;38.7;117;88;77;95;13;1.22;49.7;18.4;2289;9.7;0;CAPT007;Moyenne
M001202;PAT0053;2024-03-12 00:23:00;2024-03-12;00:23:00;38.6;145;85;61;98;23;0.72;76.3;32.7;1972;5.4;2;CAPT044;Bonne
M001203;PAT0187;2024-11-24 16:31:00;2024-11-24;16:31:00;36.3;125;65;97;94;20;1.37;56.4;32.1;5681;6.5;0;CAPT023;Bonne
M001204;PAT0159;2024-03-11 02:28:00;2024-03-11;02:28:00;37.2;122;81;59;96;15;1.33;65.7;19.2;7226;3.5;3;CAPT034;Bonne
M001205;PAT0077;2024-09-12 07:03:00;2024-09-12;07:03:00;37.9;123;82;71;95;15;0.77;63.2;21.8;4406;9.6;0;CAPT017;Moyenne
M001206;PAT0100;2024-02-04 05:18:00;2024-02-04;05:18:00;35.8;120;79;107;90;15;1.19;76.6;32.5;3138;9.5;0;CAPT033;Bonne
M001207;PAT0080;2024-01-30 17:44:00;2024-01-30;17:44:00;39.1;109;67;104;92;15;0.98;77.1;33.9;5625;9.9;4;CAPT042;Bonne
M001208;PAT0008;2024-08-03 08:12:00;2024-08-03;08:12:00;36.8;103;74;106;91;14;0.72;87.1;20.4;2633;6.8;9;CAPT047;Bonne
M001209;PAT0085;2024-12-05 01:15:00;2024-12-05;01:15:00;37.5;117;60;89;98;21;1.35;89.3;27.6;4574;7.3;0;CAPT049;Moyenne
M001210;PAT0010;2024-02-06 13:38:00;2024-02-06;13:38:00;38.5;136;78;83;94;12;2;96.1;33.1;5219;6.4;9;CAPT009;Moyenne
M001211;PAT0070;2024-02-23 01:31:00;2024-02-23;01:31:00;37.5;113;77;81;94;17;2.86;80.8;25.3;2223;5.1;2;CAPT015;Moyenne
M001212;PAT0006;2024-01-14 06:34:00;2024-01-14;06:34:00;37.9;175;107;58;98;16;1.35;65.9;29.6;7338;3.1;4;CAPT031;Moyenne
M001213;PAT0014;2024-07-12 22:08:00;2024-07-12;22:08:00;37.2;134;65;78;96;20;2.09;68.5;20.3;2588;6.1;6;CAPT040;Bonne
M001214;PAT0095;2024-06-24 13:58:00;2024-06-24;13:58:00;35.7;100;79;73;99;12;0.95;57.8;28;2837;4.6;0;CAPT048;Mauvaise
M001215;PAT0193;2024-10-01 18:02:00;2024-10-01;18:02:00;39.5;113;71;105;88;24;1.32;45.8;30.2;5093;8.7;0;CAPT005;Moyenne
M001216;PAT0015;2024-04-02 09:02:00;2024-04-02;09:02:00;36.8;137;66;87;94;24;0.79;78.1;33.1;6468;10;5;CAPT009;Bonne
M001217;PAT0156;2024-12-02 03:42:00;2024-12-02;03:42:00;35.8;130;84;87;98;15;0.98;58.8;27.2;7817;6.5;7;CAPT048;Bonne
M001218;PAT0092;2024-04-22 14:45:00;2024-04-22;14:45:00;36.7;130;72;57;96;13;1.33;65.2;27.4;4659;9.1;1;CAPT016;Moyenne
M001219;PAT0135;2024-06-12 22:34:00;2024-06-12;22:34:00;37.5;118;82;99;98;12;1.33;48;33.3;3041;7.9;0;CAPT040;Moyenne
M001220;PAT0125;2024-04-14 04:53:00;2024-04-14;04:53:00;39.4;102;88;61;99;24;1.84;57.7;30.6;1724;4.5;6;CAPT024;Bonne
M001221;PAT0186;2024-03-13 01:15:00;2024-03-13;01:15:00;38.3;117;83;61;94;16;1.27;80.7;25.7;5232;3.8;7;CAPT032;Bonne
M001222;PAT0009;2024-10-28 12:19:00;2024-10-28;12:19:00;38.8;103;61;59;94;20;0.89;49.6;22.7;5316;7.3;5;CAPT032;Bonne
M001223;PAT0005;2024-07-15 14:02:00;2024-07-15;14:02:00;36.4;125;60;93;94;17;1.3;65.9;29.2;6655;6.7;9;CAPT043;Bonne
M001224;PAT0079;2024-06-27 00:58:00;2024-06-27;00:58:00;37.9;107;79;70;98;24;1.27;94.1;33.7;3574;9.4;7;CAPT049;Bonne
M001225;PAT0152;2024-01-15 10:46:00;2024-01-15;10:46:00;38.8;157;102;85;97;21;0.85;68.9;25.3;4107;8.1;0;CAPT048;Moyenne
M001226;PAT0193;2024-02-25 17:24:00;2024-02-25;17:24:00;39.3;102;87;115;88;21;0.74;96.3;22.9;690;9.9;7;CAPT035;Mauvaise
M001227;PAT0119;2024-10-17 16:16:00;2024-10-17;16:16:00;36.2;102;61;87;95;19;1;66;30.7;3528;9.5;1;CAPT009;Bonne
M001228;PAT0004;2024-12-15 08:05:00;2024-12-15;08:05:00;39.5;120;78;79;99;22;0.9;87.4;23;4512;7;4;CAPT003;Moyenne
M001229;PAT0158;2024-05-17 21:16:00;2024-05-17;21:16:00;38.6;154;92;96;98;20;0.89;89.6;28.3;5912;3.9;8;CAPT037;Moyenne
M001230;PAT0170;2024-05-15 05:28:00;2024-05-15;05:28:00;37.4;153;98;74;95;20;0.92;69.2;25.9;6633;9.8;5;CAPT031;Bonne
M001231;PAT0164;2024-04-21 13:03:00;2024-04-21;13:03:00;37.8;159;90;58;99;15;1.29;49.4;33.2;4482;6.9;6;CAPT005;Mauvaise
M001232;PAT0113;2024-05-21 08:55:00;2024-05-21;08:55:00;37.5;125;83;90;94;16;0.83;57.5;21;2540;9.1;8;CAPT042;Bonne
M001233;PAT0013;2024-12-01 01:11:00;2024-12-01;01:11:00;38.2;144;63;76;95;19;0.86;92.3;27.9;3181;3.3;2;CAPT046;Bonne
M001234;PAT0059;2024-05-12 08:01:00;2024-05-12;08:01:00;38.2;106;60;85;98;23;0.74;92.2;24;3082;8;7;CAPT039;Moyenne
M001235;PAT0061;2024-02-09 16:28:00;2024-02-09;16:28:00;36;137;87;76;95;14;2;49.3;21.5;5747;7;3;CAPT044;Bonne
M001236;PAT0107;2024-08-06 09:09:00;2024-08-06;09:09:00;35.6;132;69;105;95;15;0.75;78.4;24.1;6618;9.8;3;CAPT042;Moyenne
M001237;PAT0096;2024-05-30 19:01:00;2024-05-30;19:01:00;36.1;153;105;76;94;20;1.03;47.5;33.8;456;9.4;0;CAPT002;Bonne
M001238;PAT0028;2024-06-09 16:45:00;2024-06-09;16:45:00;38.6;144;67;70;95;24;1.13;73;27.9;1146;5.4;0;CAPT014;Bonne
M001239;PAT0097;2024-01-17 21:46:00;2024-01-17;21:46:00;36.1;140;93;59;96;13;1.28;86.9;29;4784;9.7;1;CAPT015;Moyenne
M001240;PAT0145;2024-10-21 20:35:00;2024-10-21;20:35:00;38.4;107;62;79;95;16;1.05;74.6;20.1;1718;9.1;7;CAPT004;Bonne
M001241;PAT0156;2024-09-25 16:28:00;2024-09-25;16:28:00;36.8;130;60;72;98;20;1.03;55.7;27.8;5350;9.4;5;CAPT022;Moyenne
M001242;PAT0063;2024-07-04 07:29:00;2024-07-04;07:29:00;36.8;113;70;79;99;17;1.26;98.5;29.8;3983;6.1;3;CAPT027;Bonne
M001243;PAT0093;2024-10-13 16:04:00;2024-10-13;16:04:00;39.2;111;76;91;96;20;1.38;80.9;28.3;3340;6.1;7;CAPT027;Bonne
M001244;PAT0059;2024-03-05 17:15:00;2024-03-05;17:15:00;38.6;111;68;57;96;12;1.1;67.4;27.9;4472;4;5;CAPT017;Bonne
M001245;PAT0074;2024-03-01 02:26:00;2024-03-01;02:26:00;37.2;143;68;95;95;13;0.94;99.1;27.8;3100;7.4;6;CAPT050;Bonne
M001246;PAT0051;2024-08-20 00:10:00;2024-08-20;00:10:00;36;144;76;88;99;14;1.33;59.5;27.4;7364;9.5;2;CAPT048;Bonne
M001247;PAT0026;2024-01-18 13:01:00;2024-01-18;13:01:00;38.3;129;77;99;98;18;0.79;99.4;20.3;1589;9.1;9;CAPT025;Bonne
M001248;PAT0109;2024-07-24 22:35:00;2024-07-24;22:35:00;36.5;115;68;88;98;24;0.95;61.1;23.7;6741;8.8;0;CAPT022;Bonne
M001249;PAT0152;2024-02-25 23:02:00;2024-02-25;23:02:00;35.8;170;101;63;97;13;1.13;95.6;34.1;1503;9.4;7;CAPT041;Bonne
M001250;PAT0116;2024-08-11 09:48:00;2024-08-11;09:48:00;37.4;121;70;102;95;22;1.22;52.4;21.1;1728;8.4;0;CAPT033;Bonne
M001251;PAT0022;2024-01-04 18:37:00;2024-01-04;18:37:00;37;147;93;61;98;16;0.81;80.7;24.4;7248;6.1;8;CAPT033;Bonne
M001252;PAT0185;2024-02-19 07:19:00;2024-02-19;07:19:00;37.5;118;75;75;95;21;1.11;47.7;26.8;7055;6.7;4;CAPT033;Bonne
M001253;PAT0110;2024-07-15 10:48:00;2024-07-15;10:48:00;36.2;112;72;62;96;13;0.9;52.9;31.8;887;8.1;3;CAPT047;Bonne
M001254;PAT0054;2024-05-22 18:56:00;2024-05-22;18:56:00;38;130;60;83;98;24;1;50.5;22.8;768;3.8;6;CAPT018;Mauvaise
M001255;PAT0125;2024-03-27 09:58:00;2024-03-27;09:58:00;36.5;102;66;90;96;19;2.21;78.3;19.8;6338;4.6;6;CAPT018;Bonne
M001256;PAT0037;2024-10-09 16:48:00;2024-10-09;16:48:00;36.2;142;76;92;94;24;0.77;77.9;18.7;329;9.2;8;CAPT035;Bonne
M001257;PAT0050;2024-01-14 11:13:00;2024-01-14;11:13:00;36.6;102;63;97;94;20;0.7;97.1;25.3;6890;6.1;2;CAPT009;Moyenne
M001258;PAT0117;2024-02-26 22:45:00;2024-02-26;22:45:00;39.2;115;63;87;97;24;1.88;51.6;33.1;672;6.5;4;CAPT006;Moyenne
M001259;PAT0036;2024-12-08 03:22:00;2024-12-08;03:22:00;38.7;126;82;68;97;18;1.4;85.9;21.8;6131;3.5;2;CAPT011;Bonne
M001260;PAT0130;2024-08-20 20:47:00;2024-08-20;20:47:00;37.6;103;89;73;94;16;0.93;87.7;30;1100;5.2;6;CAPT003;Bonne
M001261;PAT0111;2024-12-27 16:20:00;2024-12-27;16:20:00;36.3;109;75;85;98;18;0.77;75.7;32.2;1050;7.4;5;CAPT041;Mauvaise
M001262;PAT0161;2024-03-11 18:24:00;2024-03-11;18:24:00;39;144;88;67;96;13;0.71;57.1;21.3;5243;6.3;2;CAPT032;Bonne
M001263;PAT0048;2024-05-24 04:12:00;2024-05-24;04:12:00;38;131;81;83;95;19;1.21;49.9;26.8;1573;8.1;6;CAPT014;Bonne
M001264;PAT0001;2024-09-08 17:39:00;2024-09-08;17:39:00;36.3;142;87;62;99;15;2.2;54.8;25.1;5962;4.8;7;CAPT025;Bonne
M001265;PAT0162;2024-11-22 11:30:00;2024-11-22;11:30:00;37.6;136;100;85;99;16;1.11;97.5;32.9;3540;8.9;9;CAPT019;Bonne
M001266;PAT0172;2024-11-18 12:38:00;2024-11-18;12:38:00;36.9;127;67;68;97;16;1.04;71.5;19.6;1079;3.8;9;CAPT049;Moyenne
M001267;PAT0196;2024-08-16 10:15:00;2024-08-16;10:15:00;38.1;131;77;95;95;20;0.9;51.4;25.9;4979;5.2;1;CAPT008;Mauvaise
M001268;PAT0089;2024-12-26 04:49:00;2024-12-26;04:49:00;39;135;84;66;94;15;1.19;91.2;32.7;3816;7.2;5;CAPT044;Bonne
M001269;PAT0061;2024-05-17 16:13:00;2024-05-17;16:13:00;39.1;121;84;72;99;13;1.27;88.1;19;6771;8.4;7;CAPT017;Bonne
M001270;PAT0173;2024-07-19 14:27:00;2024-07-19;14:27:00;37.1;142;87;96;88;13;0.92;95.2;22.6;6431;8.1;5;CAPT022;Bonne
M001271;PAT0163;2024-06-06 14:26:00;2024-06-06;14:26:00;36.4;112;74;112;93;17;1.27;93.2;27.1;2588;8.5;5;CAPT008;Bonne
M001272;PAT0158;2024-03-07 19:34:00;2024-03-07;19:34:00;35.6;139;87;64;96;16;1.13;84.7;31.6;7750;3.6;2;CAPT046;Bonne
M001273;PAT0086;2024-10-10 02:41:00;2024-10-10;02:41:00;35.7;109;61;60;97;20;1.34;56.6;27.1;2731;9.9;7;CAPT035;Bonne
M001274;PAT0102;2024-04-27 09:51:00;2024-04-27;09:51:00;36.1;122;78;76;98;24;1.3;65.6;25;4628;6.9;0;CAPT016;Bonne
M001275;PAT0004;2024-01-11 16:06:00;2024-01-11;16:06:00;37.5;132;63;96;96;22;0.73;88.5;18.7;1331;5;8;CAPT002;Bonne
M001276;PAT0059;2024-12-18 07:02:00;2024-12-18;07:02:00;36.6;105;65;98;99;12;1.14;51.8;31.3;5263;7.6;7;CAPT009;Bonne
M001277;PAT0190;2024-02-13 02:04:00;2024-02-13;02:04:00;37.5;141;72;66;98;16;1.31;83.7;30.5;5790;3.1;1;CAPT048;Bonne
M001278;PAT0139;2024-03-18 03:47:00;2024-03-18;03:47:00;37.9;169;109;93;94;14;1.12;66.5;32.1;5947;9;1;CAPT021;Bonne
M001279;PAT0109;2024-01-12 09:17:00;2024-01-12;09:17:00;37.3;130;64;56;94;18;1.06;50.5;34.5;4540;7;1;CAPT025;Bonne
M001280;PAT0075;2024-04-23 13:35:00;2024-04-23;13:35:00;36.6;138;66;96;99;16;2.19;60.6;29.9;2018;6.5;2;CAPT025;Bonne
M001281;PAT0005;2024-07-20 11:48:00;2024-07-20;11:48:00;37.7;143;84;93;88;15;1.4;51;21.8;1137;9.8;3;CAPT026;Bonne
M001282;PAT0198;2024-07-08 15:36:00;2024-07-08;15:36:00;35.9;100;62;91;99;12;0.86;62.1;20.4;4477;7.4;8;CAPT006;Bonne
M001283;PAT0025;2024-04-16 15:37:00;2024-04-16;15:37:00;36.5;147;87;97;95;19;1.09;52.8;28.5;7790;6.3;2;CAPT047;Moyenne
M001284;PAT0146;2024-01-31 15:16:00;2024-01-31;15:16:00;37.1;152;91;99;97;20;1.23;85.7;32.2;3037;3.3;9;CAPT045;Bonne
M001285;PAT0145;2024-01-03 08:44:00;2024-01-03;08:44:00;36.3;114;87;94;96;22;1.12;75.9;26.3;2724;6.5;1;CAPT042;Bonne
M001286;PAT0061;2024-12-28 15:32:00;2024-12-28;15:32:00;37.7;112;67;95;96;22;1.94;85.7;30.5;6646;9.4;9;CAPT028;Bonne
M001287;PAT0180;2024-03-06 00:10:00;2024-03-06;00:10:00;37.6;141;88;95;91;23;0.75;51.7;21.4;4297;9.1;1;CAPT008;Bonne
M001288;PAT0010;2024-09-10 05:40:00;2024-09-10;05:40:00;38.7;108;66;62;96;18;3.24;71.8;30.7;40;6.8;7;CAPT026;Moyenne
M001289;PAT0003;2024-08-10 09:46:00;2024-08-10;09:46:00;39.2;101;74;83;95;15;1.88;82.2;26.9;7061;7.3;3;CAPT024;Bonne
M001290;PAT0145;2024-03-13 09:33:00;2024-03-13;09:33:00;38.2;105;65;80;96;21;1.16;89.2;34.2;3088;5.6;7;CAPT039;Moyenne
M001291;PAT0065;2024-04-17 10:59:00;2024-04-17;10:59:00;38.5;165;97;89;96;13;1.03;99.8;33.8;7022;4.1;4;CAPT046;Bonne
M001292;PAT0122;2024-08-01 05:09:00;2024-08-01;05:09:00;37.4;140;86;89;97;24;0.71;99.6;18.1;6645;7.9;2;CAPT013;Moyenne
M001293;PAT0178;2024-08-22 10:06:00;2024-08-22;10:06:00;35.7;137;68;66;98;15;0.77;70.8;20.7;7330;5.5;9;CAPT036;Bonne
M001294;PAT0058;2024-01-08 06:17:00;2024-01-08;06:17:00;36.6;118;82;77;98;23;0.94;95.1;25.2;2752;8.1;2;CAPT024;Bonne
M001295;PAT0160;2024-05-10 17:34:00;2024-05-10;17:34:00;38.1;115;84;77;97;22;1.24;56.1;28.1;7863;3.7;5;CAPT014;Moyenne
M001296;PAT0072;2024-10-15 03:08:00;2024-10-15;03:08:00;38.7;114;60;61;94;12;0.82;77.3;31;5215;5.3;8;CAPT050;Bonne
M001297;PAT0152;2024-11-11 21:58:00;2024-11-11;21:58:00;37.4;157;97;97;98;15;1.12;54.2;31.3;5989;9.9;0;CAPT006;Bonne
M001298;PAT0158;2024-03-25 15:55:00;2024-03-25;15:55:00;35.5;165;106;74;96;12;0.8;49.3;34.5;2083;4;2;CAPT029;Moyenne
M001299;PAT0109;2024-06-16 09:32:00;2024-06-16;09:32:00;38.5;126;80;94;94;15;1.17;58.2;24.7;5261;8.4;3;CAPT046;Moyenne
M001300;PAT0122;2024-09-24 10:33:00;2024-09-24;10:33:00;35.8;144;87;69;99;12;0.95;78.3;21.6;438;4.2;2;CAPT041;Bonne
M001301;PAT0072;2024-08-11 17:28:00;2024-08-11;17:28:00;37.5;128;88;60;95;17;1.2;88.4;29.7;3176;6.9;8;CAPT028;Bonne
M001302;PAT0167;2024-01-13 11:54:00;2024-01-13;11:54:00;37.4;178;97;84;97;21;0.94;81.9;30.4;5430;4.5;2;CAPT036;Bonne
M001303;PAT0049;2024-04-01 23:00:00;2024-04-01;23:00:00;36.3;135;78;61;95;19;0.97;64.9;21.3;549;7.1;2;CAPT022;Moyenne
M001304;PAT0025;2024-05-09 16:58:00;2024-05-09;16:58:00;35.6;150;86;85;97;18;1.34;60;29;477;7.5;9;CAPT026;Moyenne
M001305;PAT0012;2024-12-26 08:17:00;2024-12-26;08:17:00;38;135;88;78;97;18;3.49;98.4;32;4931;9;4;CAPT031;Bonne
M001306;PAT0156;2024-09-08 05:30:00;2024-09-08;05:30:00;38.5;129;88;80;96;21;1.14;80.6;27.3;1316;3.7;2;CAPT024;Bonne
M001307;PAT0008;2024-03-19 22:47:00;2024-03-19;22:47:00;36.2;102;86;96;92;12;1.13;91.8;19.4;1912;8.8;8;CAPT008;Moyenne
M001308;PAT0015;2024-12-29 01:20:00;2024-12-29;01:20:00;35.9;141;72;69;99;16;1.01;74.9;34.7;2268;4.4;2;CAPT040;Bonne
M001309;PAT0189;2024-12-10 10:57:00;2024-12-10;10:57:00;38.3;107;79;64;98;24;1.24;94.8;28;5794;9.6;5;CAPT034;Bonne
M001310;PAT0004;2024-07-25 13:53:00;2024-07-25;13:53:00;38.2;130;68;84;99;16;1.36;48.4;21.3;715;8.3;1;CAPT010;Bonne
M001311;PAT0187;2024-03-29 14:02:00;2024-03-29;14:02:00;36.6;101;61;57;96;15;0.89;55.9;26.6;854;4.2;8;CAPT048;Moyenne
M001312;PAT0001;2024-10-14 11:07:00;2024-10-14;11:07:00;36.9;124;89;72;95;22;1.92;76.2;29.8;6364;7;0;CAPT030;Mauvaise
M001313;PAT0023;2024-02-16 05:46:00;2024-02-16;05:46:00;35.8;122;83;74;98;13;1.47;62.5;28.7;7255;3.1;1;CAPT011;Moyenne
M001314;PAT0003;2024-07-10 14:05:00;2024-07-10;14:05:00;39;103;76;67;97;14;1.7;96.9;23.2;5355;7.8;5;CAPT013;Bonne
M001315;PAT0192;2024-03-08 09:03:00;2024-03-08;09:03:00;37;107;61;60;99;21;1.23;60.8;22.7;4587;7;4;CAPT027;Bonne
M001316;PAT0058;2024-05-19 06:11:00;2024-05-19;06:11:00;39.4;122;62;86;97;21;1.28;59.3;25.5;6172;3.6;8;CAPT023;Bonne
M001317;PAT0149;2024-11-24 16:28:00;2024-11-24;16:28:00;38.8;133;64;109;92;24;0.95;82.8;20.9;5575;9.6;6;CAPT038;Moyenne
M001318;PAT0099;2024-10-18 06:44:00;2024-10-18;06:44:00;37.2;143;77;118;88;16;0.81;80.5;29.6;493;5;2;CAPT022;Bonne
M001319;PAT0180;2024-10-09 23:50:00;2024-10-09;23:50:00;36.6;137;69;116;91;18;1.38;73.2;21.6;7824;4.5;0;CAPT017;Bonne
M001320;PAT0009;2024-09-21 21:40:00;2024-09-21;21:40:00;36.2;125;74;87;99;16;1.35;52.7;28;5934;5.6;2;CAPT025;Bonne
M001321;PAT0169;2024-01-18 10:44:00;2024-01-18;10:44:00;35.9;111;86;73;94;20;1.11;64.7;33.3;1055;4.1;0;CAPT031;Bonne
M001322;PAT0086;2024-02-21 05:58:00;2024-02-21;05:58:00;36.9;107;63;59;94;17;0.94;54;27.3;1499;8.3;6;CAPT029;Bonne
M001323;PAT0158;2024-10-21 22:27:00;2024-10-21;22:27:00;38.4;138;99;75;98;19;1.02;71;22.1;7272;8.1;1;CAPT039;Bonne
M001324;PAT0087;2024-07-24 09:02:00;2024-07-24;09:02:00;39.4;115;76;74;95;18;2.31;93.3;31;1377;9.3;1;CAPT033;Moyenne
M001325;PAT0028;2024-05-17 18:25:00;2024-05-17;18:25:00;37.9;101;88;77;94;17;0.99;54;20.8;4793;5.1;1;CAPT039;Moyenne
M001326;PAT0179;2024-04-11 18:48:00;2024-04-11;18:48:00;36.1;144;99;96;98;20;1.36;81.5;31.4;1750;3.4;0;CAPT006;Moyenne
M001327;PAT0080;2024-03-13 11:29:00;2024-03-13;11:29:00;37.1;135;68;105;91;14;1.26;70.3;29.2;4192;4.4;6;CAPT012;Moyenne
M001328;PAT0078;2024-04-04 07:54:00;2024-04-04;07:54:00;36.3;109;75;58;99;17;1.91;50;22.2;3148;7.8;3;CAPT050;Bonne
M001329;PAT0096;2024-03-22 11:06:00;2024-03-22;11:06:00;37.4;140;95;78;98;14;0.7;82.8;29.9;1843;9.4;9;CAPT043;Bonne
M001330;PAT0097;2024-12-27 07:48:00;2024-12-27;07:48:00;39.2;135;104;97;95;21;1.28;66.3;23.4;331;9.5;8;CAPT026;Bonne
M001331;PAT0198;2024-05-24 21:46:00;2024-05-24;21:46:00;39;103;87;61;95;14;0.93;77.8;27.1;4408;5.4;9;CAPT043;Bonne
M001332;PAT0190;2024-01-14 07:56:00;2024-01-14;07:56:00;37.9;125;80;68;95;17;1.38;87.2;24.3;4522;5.4;9;CAPT001;Bonne
M001333;PAT0157;2024-07-22 02:41:00;2024-07-22;02:41:00;36.4;121;63;73;95;18;1.12;72.5;18.8;5704;5.1;2;CAPT006;Bonne
M001334;PAT0087;2024-04-02 13:09:00;2024-04-02;13:09:00;36.6;124;75;72;98;16;2.08;66.3;32;6794;3.2;6;CAPT027;Bonne
M001335;PAT0046;2024-12-15 16:53:00;2024-12-15;16:53:00;35.9;124;89;99;96;21;0.81;89.3;23.9;7032;8.1;3;CAPT042;Bonne
M001336;PAT0104;2024-01-07 05:20:00;2024-01-07;05:20:00;36;143;96;56;99;16;1.26;72.9;29.7;4541;3.1;4;CAPT042;Moyenne
M001337;PAT0172;2024-01-28 09:27:00;2024-01-28;09:27:00;36.5;121;64;58;98;20;0.98;79.9;28.3;4188;8.6;5;CAPT029;Bonne
M001338;PAT0129;2024-08-30 22:21:00;2024-08-30;22:21:00;38.9;150;94;96;98;14;0.96;98.4;19.9;265;4.3;5;CAPT028;Bonne
M001339;PAT0137;2024-12-11 02:09:00;2024-12-11;02:09:00;35.5;104;85;60;96;19;1.23;97.2;30;5306;4.8;8;CAPT033;Bonne
M001340;PAT0158;2024-08-20 13:03:00;2024-08-20;13:03:00;37.4;138;92;86;96;15;1.21;47.2;32.8;3170;6.2;9;CAPT004;Moyenne
M001341;PAT0154;2024-05-09 13:21:00;2024-05-09;13:21:00;38.2;105;70;70;96;16;1.18;87.2;18.4;4114;4.9;1;CAPT019;Bonne
M001342;PAT0092;2024-08-16 10:19:00;2024-08-16;10:19:00;38;140;76;84;99;18;0.99;77.8;24.1;2910;3.3;2;CAPT048;Bonne
M001343;PAT0102;2024-02-13 17:06:00;2024-02-13;17:06:00;36;128;86;55;97;23;0.87;53;26.4;7953;9.2;9;CAPT023;Bonne
M001344;PAT0118;2024-05-04 23:52:00;2024-05-04;23:52:00;37.6;105;60;97;88;14;1.18;70.2;19.3;2538;5.6;4;CAPT010;Bonne
M001345;PAT0156;2024-11-22 03:24:00;2024-11-22;03:24:00;37.6;142;78;83;98;21;1.38;84.9;23.7;4919;7.5;0;CAPT020;Bonne
M001346;PAT0109;2024-04-04 23:16:00;2024-04-04;23:16:00;38.4;116;88;64;97;17;0.98;85.8;19.3;5392;9.4;1;CAPT008;Bonne
M001347;PAT0050;2024-06-04 19:32:00;2024-06-04;19:32:00;37.7;125;76;70;98;24;1.1;88.7;29.8;3487;3.3;7;CAPT037;Bonne
M001348;PAT0122;2024-08-11 08:47:00;2024-08-11;08:47:00;38.3;131;65;89;94;13;0.85;55.2;26.5;1188;3.3;9;CAPT026;Bonne
M001349;PAT0047;2024-05-19 00:26:00;2024-05-19;00:26:00;36.3;151;85;79;95;18;1.17;88;29.2;6409;4.9;3;CAPT030;Mauvaise
M001350;PAT0154;2024-11-21 10:06:00;2024-11-21;10:06:00;36.4;115;64;83;97;23;1.25;46;23.5;400;3.4;3;CAPT019;Bonne
M001351;PAT0187;2024-08-23 18:26:00;2024-08-23;18:26:00;38;118;85;66;98;21;1.2;63.1;24.6;5436;9.5;9;CAPT001;Moyenne
M001352;PAT0088;2024-06-26 14:09:00;2024-06-26;14:09:00;37.3;168;91;99;96;12;0.94;85.8;21.6;7641;7.9;2;CAPT044;Bonne
M001353;PAT0100;2024-01-17 21:54:00;2024-01-17;21:54:00;37.8;114;81;95;91;19;0.88;49.3;26.3;4244;9.9;6;CAPT006;Moyenne
M001354;PAT0054;2024-09-28 11:19:00;2024-09-28;11:19:00;36.7;128;89;86;98;22;1.22;62.3;29.5;5117;3.2;4;CAPT040;Bonne
M001355;PAT0150;2024-06-29 18:27:00;2024-06-29;18:27:00;37.2;121;77;89;94;13;0.82;87.1;30.8;1649;5;7;CAPT048;Bonne
M001356;PAT0126;2024-07-11 17:08:00;2024-07-11;17:08:00;37;112;89;69;98;14;1.39;97.2;20.1;3364;5.8;4;CAPT014;Bonne
M001357;PAT0029;2024-04-01 05:49:00;2024-04-01;05:49:00;38.6;134;79;77;97;23;1.1;85.4;24.8;7675;5.9;1;CAPT049;Bonne
M001358;PAT0056;2024-11-02 08:20:00;2024-11-02;08:20:00;38.6;135;60;80;94;19;0.99;79.7;29.3;1670;7.8;8;CAPT041;Bonne
M001359;PAT0196;2024-09-14 17:34:00;2024-09-14;17:34:00;37.1;130;86;66;97;14;1.15;92.2;26.4;2494;6.2;9;CAPT029;Bonne
M001360;PAT0041;2024-03-31 12:18:00;2024-03-31;12:18:00;35.5;119;64;96;91;17;1.35;90.6;31;3705;7.6;6;CAPT044;Bonne
M001361;PAT0026;2024-11-30 13:26:00;2024-11-30;13:26:00;37.1;128;68;90;95;14;0.97;80;28.5;1207;4;0;CAPT040;Bonne
M001362;PAT0129;2024-11-02 18:46:00;2024-11-02;18:46:00;37.1;167;86;99;94;18;1.4;46.3;28.4;5775;4.2;2;CAPT041;Bonne
M001363;PAT0121;2024-07-08 00:47:00;2024-07-08;00:47:00;37.9;110;88;66;98;21;2.77;88.4;24.6;5929;6.6;4;CAPT013;Mauvaise
M001364;PAT0042;2024-05-02 05:30:00;2024-05-02;05:30:00;39.2;135;87;78;98;16;1.02;95.7;23.5;3836;5.1;9;CAPT002;Bonne
M001365;PAT0053;2024-08-23 07:43:00;2024-08-23;07:43:00;37.9;174;106;56;95;20;1.1;99.4;31.5;5932;9.8;6;CAPT033;Bonne
M001366;PAT0165;2024-11-05 10:55:00;2024-11-05;10:55:00;39.2;121;74;59;97;12;0.78;53.8;25.9;3883;9.7;5;CAPT001;Bonne
M001367;PAT0192;2024-12-12 13:55:00;2024-12-12;13:55:00;37.6;118;75;85;96;14;0.72;70.9;24.6;342;8.5;9;CAPT017;Mauvaise
M001368;PAT0184;2024-11-06 20:34:00;2024-11-06;20:34:00;38.4;125;72;72;96;21;1.08;69.1;32.1;5371;3.4;6;CAPT026;Bonne
M001369;PAT0186;2024-07-05 12:45:00;2024-07-05;12:45:00;39.2;124;86;98;96;15;1.24;79.6;25.5;5606;8.5;8;CAPT007;Bonne
M001370;PAT0038;2024-10-23 03:46:00;2024-10-23;03:46:00;36.2;107;68;91;99;16;1.29;67.7;23.8;2386;9.4;4;CAPT031;Bonne
M001371;PAT0054;2024-06-17 20:44:00;2024-06-17;20:44:00;35.8;143;80;90;99;17;0.89;94.5;26.4;6724;4.7;4;CAPT017;Bonne
M001372;PAT0088;2024-08-15 10:50:00;2024-08-15;10:50:00;37.3;138;92;78;96;12;0.91;59.2;22.7;6001;3.3;4;CAPT009;Moyenne
M001373;PAT0038;2024-01-14 07:56:00;2024-01-14;07:56:00;37;142;75;98;98;22;1.07;64.9;23;2511;9.6;6;CAPT011;Bonne
M001374;PAT0146;2024-08-31 22:28:00;2024-08-31;22:28:00;38.2;167;100;60;97;19;1.14;53.5;31.7;838;3.9;1;CAPT039;Bonne
M001375;PAT0075;2024-05-11 20:14:00;2024-05-11;20:14:00;35.6;113;75;97;97;20;3.18;56.6;23.2;7753;7.1;0;CAPT017;Bonne
M001376;PAT0094;2024-09-21 12:30:00;2024-09-21;12:30:00;38;105;78;118;93;22;1.2;54.4;23.9;4952;4.1;8;CAPT033;Moyenne
M001377;PAT0081;2024-07-12 15:41:00;2024-07-12;15:41:00;36.2;124;75;70;99;16;2.4;73.9;21;2260;9.3;3;CAPT001;Moyenne
M001378;PAT0172;2024-06-24 07:19:00;2024-06-24;07:19:00;36.3;137;68;82;94;18;1.36;53.3;28.3;6869;8.1;2;CAPT008;Bonne
M001379;PAT0167;2024-09-12 14:36:00;2024-09-12;14:36:00;39.2;165;109;69;95;14;0.84;94.8;32.3;1265;8.9;1;CAPT034;Bonne
M001380;PAT0059;2024-07-05 21:02:00;2024-07-05;21:02:00;37.1;126;83;89;96;13;1.22;50.4;23.6;3660;3.5;7;CAPT036;Bonne
M001381;PAT0137;2024-10-02 02:51:00;2024-10-02;02:51:00;35.7;111;76;84;97;17;1.29;76.2;22.2;2219;4.8;8;CAPT048;Bonne
M001382;PAT0047;2024-11-29 07:14:00;2024-11-29;07:14:00;38.3;141;97;60;96;14;1.18;70.1;18.7;2787;7.3;2;CAPT036;Moyenne
M001383;PAT0072;2024-04-07 23:53:00;2024-04-07;23:53:00;39.2;135;65;94;96;24;0.76;94.8;20.3;7063;5.1;4;CAPT014;Bonne
M001384;PAT0059;2024-10-24 15:29:00;2024-10-24;15:29:00;35.9;141;82;99;98;21;0.87;93.5;18.9;6157;8.5;6;CAPT005;Moyenne
M001385;PAT0051;2024-08-14 02:30:00;2024-08-14;02:30:00;36.3;105;66;91;98;13;1.03;74.8;21.7;6102;6.4;5;CAPT037;Bonne
M001386;PAT0003;2024-02-27 23:56:00;2024-02-27;23:56:00;37.3;103;78;98;96;18;2.54;80.3;28;4826;7.4;9;CAPT049;Bonne
M001387;PAT0117;2024-05-08 13:38:00;2024-05-08;13:38:00;36.6;107;70;70;94;14;3.48;79.7;23.6;3807;6.4;4;CAPT019;Bonne
M001388;PAT0166;2024-09-29 07:21:00;2024-09-29;07:21:00;36.6;166;99;60;96;21;0.91;75.9;23.2;4579;6.1;7;CAPT049;Bonne
M001389;PAT0047;2024-06-12 16:30:00;2024-06-12;16:30:00;37.5;139;97;86;94;24;1.04;54.8;30.9;3838;7.7;5;CAPT007;Bonne
M001390;PAT0114;2024-12-17 17:52:00;2024-12-17;17:52:00;36.2;107;84;94;97;24;1.99;87.8;31;4482;4.5;3;CAPT033;Bonne
M001391;PAT0079;2024-09-28 15:06:00;2024-09-28;15:06:00;38.2;126;79;69;99;22;1.94;96;21.6;1780;7.7;8;CAPT021;Bonne
M001392;PAT0041;2024-07-21 05:54:00;2024-07-21;05:54:00;36.1;141;88;122;93;19;0.83;81.4;23.5;6319;6.6;0;CAPT031;Moyenne
M001393;PAT0168;2024-08-01 23:17:00;2024-08-01;23:17:00;36.4;106;74;78;94;14;1.12;59.5;33.9;7734;8.8;8;CAPT024;Mauvaise
M001394;PAT0038;2024-06-30 23:20:00;2024-06-30;23:20:00;37.3;114;84;89;94;19;0.91;68.4;24.7;7644;5.9;6;CAPT049;Bonne
M001395;PAT0104;2024-07-28 11:41:00;2024-07-28;11:41:00;38.7;174;101;68;96;16;0.74;98.6;31;1501;3.1;4;CAPT046;Bonne
M001396;PAT0052;2024-05-11 09:53:00;2024-05-11;09:53:00;37;126;74;70;96;17;0.85;62.7;31.4;4406;5.3;0;CAPT036;Bonne
M001397;PAT0190;2024-04-20 19:32:00;2024-04-20;19:32:00;37.3;115;71;74;98;19;0.84;60.1;19.3;7098;4.1;9;CAPT047;Bonne
M001398;PAT0123;2024-10-30 15:02:00;2024-10-30;15:02:00;38.6;138;74;83;99;24;3.37;66.5;34.3;76;7.9;8;CAPT016;Bonne
M001399;PAT0072;2024-10-27 12:03:00;2024-10-27;12:03:00;35.9;135;72;81;97;16;1.39;80.2;22.7;3398;5.6;7;CAPT019;Bonne
M001400;PAT0029;2024-02-07 10:49:00;2024-02-07;10:49:00;38.4;113;85;66;97;15;1.03;90.3;32.9;7740;7.1;7;CAPT037;Moyenne
M001401;PAT0052;2024-08-12 07:20:00;2024-08-12;07:20:00;37.8;128;89;81;94;15;1.09;87;22.4;4769;6.7;3;CAPT019;Bonne
M001402;PAT0177;2024-02-04 22:45:00;2024-02-04;22:45:00;38.5;132;66;55;94;14;0.72;97.6;24.1;4075;8.4;2;CAPT048;Bonne
M001403;PAT0055;2024-08-27 07:29:00;2024-08-27;07:29:00;36.9;115;69;83;96;22;0.83;55.9;34.5;1797;4.8;0;CAPT039;Bonne
M001404;PAT0192;2024-03-12 03:41:00;2024-03-12;03:41:00;37.1;121;83;71;98;14;1.35;66.8;26.3;7345;3.3;7;CAPT034;Moyenne
M001405;PAT0016;2024-09-19 11:01:00;2024-09-19;11:01:00;37.8;138;64;98;98;20;1.34;99.8;34.3;5396;9.1;1;CAPT021;Bonne
M001406;PAT0138;2024-10-21 10:40:00;2024-10-21;10:40:00;35.8;114;64;67;96;23;1.04;49.2;19.6;573;6.9;6;CAPT008;Bonne
M001407;PAT0137;2024-09-19 02:36:00;2024-09-19;02:36:00;39.2;105;66;80;95;19;0.81;78.6;34.9;968;8.3;3;CAPT050;Bonne
M001408;PAT0176;2024-05-21 14:28:00;2024-05-21;14:28:00;39.1;120;67;79;98;14;1;99.7;20.6;2992;5.3;8;CAPT012;Bonne
M001409;PAT0166;2024-08-20 16:49:00;2024-08-20;16:49:00;38.3;176;99;82;98;15;1.1;90.1;25.4;1588;3.2;3;CAPT037;Moyenne
M001410;PAT0076;2024-07-18 00:00:00;2024-07-18;00:00:00;36.4;132;83;74;98;17;0.7;68.5;22.4;3869;4.6;7;CAPT044;Bonne
M001411;PAT0197;2024-08-22 20:42:00;2024-08-22;20:42:00;36.3;106;63;127;95;15;0.93;90.2;33.7;7822;9.3;6;CAPT046;Bonne
M001412;PAT0148;2024-03-16 06:19:00;2024-03-16;06:19:00;36.2;178;100;69;98;24;0.81;46.4;28.2;362;8.9;0;CAPT050;Bonne
M001413;PAT0033;2024-02-05 10:55:00;2024-02-05;10:55:00;36.8;148;94;98;95;15;1.08;57.7;21.5;26;5.1;6;CAPT028;Moyenne
M001414;PAT0070;2024-04-21 11:01:00;2024-04-21;11:01:00;36;108;80;97;96;18;1.74;94.4;25.5;3956;8.8;9;CAPT025;Bonne
M001415;PAT0007;2024-04-16 12:03:00;2024-04-16;12:03:00;37.3;104;70;95;97;20;1.01;67;21.5;1525;5.7;3;CAPT008;Bonne
M001416;PAT0024;2024-09-16 18:46:00;2024-09-16;18:46:00;37.6;102;77;75;99;22;3.43;54;21.6;6900;9.6;1;CAPT048;Bonne
M001417;PAT0155;2024-06-11 13:12:00;2024-06-11;13:12:00;36.3;108;79;82;95;13;0.95;50;26.6;7762;6.3;2;CAPT033;Moyenne
M001418;PAT0029;2024-01-09 00:24:00;2024-01-09;00:24:00;38.7;130;76;71;95;20;1.36;67;32.6;7784;5.5;4;CAPT020;Bonne
M001419;PAT0017;2024-11-29 09:14:00;2024-11-29;09:14:00;39.5;102;78;82;96;17;1;49.6;28.9;3331;5.7;7;CAPT031;Mauvaise
M001420;PAT0005;2024-05-20 23:41:00;2024-05-20;23:41:00;39.1;144;86;100;92;12;1.37;47.5;32.4;5640;4.2;0;CAPT001;Bonne
M001421;PAT0033;2024-03-12 22:30:00;2024-03-12;22:30:00;38.5;137;99;80;98;21;1.06;48.4;31.6;5910;9.1;9;CAPT043;Moyenne
M001422;PAT0076;2024-07-31 05:26:00;2024-07-31;05:26:00;36.2;124;81;69;96;20;0.96;96.5;34.4;4791;8.2;8;CAPT043;Bonne
M001423;PAT0047;2024-02-26 05:01:00;2024-02-26;05:01:00;37.5;175;99;77;98;16;0.96;61.8;28.6;6784;9.4;1;CAPT017;Bonne
M001424;PAT0160;2024-01-14 10:01:00;2024-01-14;10:01:00;39.1;113;67;92;97;21;0.92;46.9;32.8;6170;9.4;4;CAPT003;Bonne
M001425;PAT0139;2024-11-02 23:33:00;2024-11-02;23:33:00;36.2;177;109;57;96;13;0.96;50.5;23.9;2611;4.6;1;CAPT027;Moyenne
M001426;PAT0017;2024-08-31 14:26:00;2024-08-31;14:26:00;38.9;124;87;80;96;17;0.78;74.5;20.3;2158;7.2;9;CAPT041;Bonne
M001427;PAT0001;2024-08-28 08:08:00;2024-08-28;08:08:00;36.8;132;65;99;99;14;1.92;74.7;34.3;2666;7.7;2;CAPT007;Mauvaise
M001428;PAT0123;2024-10-19 06:08:00;2024-10-19;06:08:00;36.4;126;74;65;95;22;2.33;52.1;34;5399;4.6;4;CAPT006;Bonne
M001429;PAT0191;2024-07-25 09:56:00;2024-07-25;09:56:00;38;108;84;88;98;18;0.77;58.7;22.3;5120;8.1;9;CAPT020;Bonne
M001430;PAT0085;2024-08-24 21:37:00;2024-08-24;21:37:00;37.6;110;71;98;97;13;1.2;76.7;33;6305;8.3;8;CAPT009;Bonne
M001431;PAT0084;2024-12-04 04:37:00;2024-12-04;04:37:00;38.4;125;75;64;98;13;1;91.8;30.7;1058;8.6;2;CAPT041;Bonne
M001432;PAT0013;2024-04-03 00:09:00;2024-04-03;00:09:00;38;107;73;64;96;17;1.26;90.9;22;5660;5.8;6;CAPT001;Bonne
M001433;PAT0147;2024-06-25 06:40:00;2024-06-25;06:40:00;39;118;87;115;89;15;1.04;98.4;24.9;1334;9.9;1;CAPT030;Bonne
M001434;PAT0160;2024-08-13 03:47:00;2024-08-13;03:47:00;36.6;115;69;73;97;12;0.88;87.3;33.7;6811;5.4;2;CAPT012;Bonne
M001435;PAT0066;2024-09-06 17:29:00;2024-09-06;17:29:00;38.2;119;72;67;96;22;0.94;81.7;23.8;2991;6.6;0;CAPT005;Bonne
M001436;PAT0094;2024-01-14 17:08:00;2024-01-14;17:08:00;35.9;127;78;93;93;17;1;98.6;32.1;6006;3.8;4;CAPT046;Bonne
M001437;PAT0076;2024-06-26 09:28:00;2024-06-26;09:28:00;37.2;132;71;96;94;23;0.79;99.1;19.4;7297;9.1;9;CAPT033;Bonne
M001438;PAT0047;2024-09-18 06:09:00;2024-09-18;06:09:00;38.9;160;87;61;97;19;0.98;57.2;18.3;979;8.1;2;CAPT023;Bonne
M001439;PAT0135;2024-03-18 18:55:00;2024-03-18;18:55:00;37.6;140;69;76;99;20;1.12;47.6;27.1;4576;6.8;5;CAPT045;Moyenne
M001440;PAT0136;2024-03-22 03:43:00;2024-03-22;03:43:00;36.2;112;86;104;93;22;0.82;79.9;28.5;5543;8.9;4;CAPT049;Moyenne
M001441;PAT0184;2024-11-08 13:54:00;2024-11-08;13:54:00;36.3;133;85;89;95;14;0.81;47.7;34.5;5063;5.8;6;CAPT025;Bonne
M001442;PAT0134;2024-08-31 14:20:00;2024-08-31;14:20:00;36;127;64;79;97;12;3.44;96.6;18;5975;4.8;4;CAPT036;Moyenne
M001443;PAT0172;2024-11-09 19:04:00;2024-11-09;19:04:00;35.7;143;60;84;97;23;0.92;67.6;20.4;7691;8.8;2;CAPT049;Bonne
M001444;PAT0063;2024-03-22 20:26:00;2024-03-22;20:26:00;37.1;123;83;65;98;22;0.97;55.6;32.2;4295;3.5;9;CAPT018;Bonne
M001445;PAT0036;2024-03-04 23:47:00;2024-03-04;23:47:00;37.8;119;67;63;99;23;1.32;82;21.5;5249;4;8;CAPT018;Bonne
M001446;PAT0195;2024-11-22 03:33:00;2024-11-22;03:33:00;36.7;147;105;82;96;18;0.93;50.6;28.7;6445;6.3;1;CAPT043;Moyenne
M001447;PAT0113;2024-03-04 17:47:00;2024-03-04;17:47:00;37.9;111;84;90;96;16;0.91;53.5;33;4674;8.3;8;CAPT047;Bonne
M001448;PAT0088;2024-01-21 12:53:00;2024-01-21;12:53:00;39.1;136;96;91;99;12;1.31;51.2;25.9;6477;7.1;5;CAPT046;Moyenne
M001449;PAT0178;2024-09-06 09:14:00;2024-09-06;09:14:00;37.6;135;65;79;99;18;1.31;49.9;30.4;4654;9.7;4;CAPT024;Moyenne
M001450;PAT0062;2024-12-06 15:53:00;2024-12-06;15:53:00;38.3;130;84;80;96;17;1.31;68.8;19;404;3.7;0;CAPT050;Bonne
M001451;PAT0072;2024-05-21 08:40:00;2024-05-21;08:40:00;37.5;120;73;63;94;16;1.29;68.1;32.2;6622;9.9;6;CAPT006;Bonne
M001452;PAT0004;2024-09-05 07:37:00;2024-09-05;07:37:00;37.5;121;71;60;98;21;0.77;77.5;29.3;1284;3.7;8;CAPT050;Bonne
M001453;PAT0182;2024-11-06 18:24:00;2024-11-06;18:24:00;37.9;148;96;96;99;15;1.04;92.9;29.3;2163;3.3;9;CAPT007;Bonne
M001454;PAT0152;2024-11-25 03:36:00;2024-11-25;03:36:00;35.9;163;103;62;98;21;1.29;98.2;22.1;4514;7.1;4;CAPT046;Bonne
M001455;PAT0155;2024-07-20 22:47:00;2024-07-20;22:47:00;35.7;104;75;71;99;21;1;80.6;25.5;4319;6.2;3;CAPT034;Bonne
M001456;PAT0010;2024-11-17 23:49:00;2024-11-17;23:49:00;37.2;101;79;72;94;21;3.36;94.9;21.7;3164;4.3;2;CAPT041;Bonne
M001457;PAT0085;2024-07-30 00:46:00;2024-07-30;00:46:00;37.3;105;71;93;95;17;0.77;94;24.1;4717;7.8;7;CAPT023;Moyenne
M001458;PAT0064;2024-01-25 10:29:00;2024-01-25;10:29:00;38.3;113;64;95;95;23;0.89;79.9;31.1;3279;4.1;6;CAPT036;Bonne
M001459;PAT0198;2024-11-27 10:47:00;2024-11-27;10:47:00;37.1;126;73;68;97;12;1.3;64.2;31.9;5664;8.9;3;CAPT006;Bonne
M001460;PAT0086;2024-10-02 23:51:00;2024-10-02;23:51:00;38.8;135;66;86;96;18;0.95;57.5;32.1;6679;3.7;5;CAPT047;Bonne
M001461;PAT0024;2024-06-09 19:31:00;2024-06-09;19:31:00;38.1;123;67;77;99;17;2.67;86.6;21.4;2377;9;5;CAPT032;Moyenne
M001462;PAT0090;2024-08-12 11:48:00;2024-08-12;11:48:00;36.1;111;83;116;93;13;0.94;54.3;18.3;7550;4.3;6;CAPT020;Bonne
M001463;PAT0130;2024-10-13 09:48:00;2024-10-13;09:48:00;37.7;112;80;94;99;16;1.19;54.8;28.5;1840;3.5;8;CAPT006;Bonne
M001464;PAT0024;2024-12-05 12:54:00;2024-12-05;12:54:00;36.6;133;63;84;98;20;2.84;84.4;27.1;2753;5.8;3;CAPT025;Moyenne
M001465;PAT0027;2024-05-30 19:36:00;2024-05-30;19:36:00;39.4;118;69;72;99;20;3.14;62.8;21.8;3103;8.8;4;CAPT016;Bonne
M001466;PAT0141;2024-05-20 00:31:00;2024-05-20;00:31:00;36.4;121;72;71;94;19;0.81;83.2;21.7;4011;9.1;7;CAPT029;Bonne
M001467;PAT0166;2024-03-15 00:18:00;2024-03-15;00:18:00;36.5;153;98;95;99;18;1.27;46.1;28.4;762;8.9;9;CAPT027;Moyenne
M001468;PAT0143;2024-10-17 06:26:00;2024-10-17;06:26:00;36.2;110;73;75;96;23;1.09;73.5;24.8;1404;7;6;CAPT025;Bonne
M001469;PAT0192;2024-07-05 08:27:00;2024-07-05;08:27:00;37;112;71;59;96;21;0.88;94.5;33.9;4666;5.2;9;CAPT023;Mauvaise
M001470;PAT0020;2024-03-09 10:55:00;2024-03-09;10:55:00;38.8;130;72;68;94;24;1.37;83.6;31.5;4457;7.1;8;CAPT007;Bonne
M001471;PAT0130;2024-10-01 10:06:00;2024-10-01;10:06:00;38.7;114;75;98;95;19;1.2;78.2;30.2;741;8;5;CAPT042;Bonne
M001472;PAT0142;2024-04-24 14:17:00;2024-04-24;14:17:00;37.8;149;88;58;99;13;1.27;47.9;28.5;7642;6.5;7;CAPT028;Bonne
M001473;PAT0017;2024-03-28 00:35:00;2024-03-28;00:35:00;37.3;138;79;63;94;19;1.37;80.8;33.2;2893;6.3;0;CAPT046;Bonne
M001474;PAT0038;2024-06-30 02:46:00;2024-06-30;02:46:00;36.6;111;84;56;98;22;0.74;58.9;33.2;5715;3.2;1;CAPT039;Bonne
M001475;PAT0126;2024-03-09 12:13:00;2024-03-09;12:13:00;38.1;113;89;83;97;20;1;62;29.9;5093;5.1;9;CAPT015;Bonne
M001476;PAT0146;2024-09-17 13:09:00;2024-09-17;13:09:00;38.6;174;108;68;99;21;1.26;98.9;28;3711;9;7;CAPT040;Moyenne
M001477;PAT0014;2024-07-02 18:07:00;2024-07-02;18:07:00;38.6;116;84;86;97;12;2.84;48.9;19.1;6156;5.9;2;CAPT011;Bonne
M001478;PAT0188;2024-11-03 05:53:00;2024-11-03;05:53:00;36.2;124;86;126;88;20;0.84;80.7;26.4;5285;3.8;0;CAPT006;Bonne
M001479;PAT0025;2024-10-20 22:43:00;2024-10-20;22:43:00;37;148;90;79;99;23;1.36;67.4;29.8;6634;4;3;CAPT022;Moyenne
M001480;PAT0047;2024-06-30 05:45:00;2024-06-30;05:45:00;37.2;140;90;94;98;19;0.77;58.9;19.5;5735;4.8;0;CAPT013;Bonne
M001481;PAT0059;2024-11-27 20:05:00;2024-11-27;20:05:00;36.9;114;63;89;99;17;0.95;86.3;26.9;342;3.1;7;CAPT039;Bonne
M001482;PAT0016;2024-01-31 21:23:00;2024-01-31;21:23:00;35.9;121;64;85;98;23;1.39;45.1;34.7;6649;3.1;3;CAPT021;Bonne
M001483;PAT0099;2024-10-17 18:23:00;2024-10-17;18:23:00;38.9;128;82;113;89;18;0.91;97.6;21.2;1189;7.3;4;CAPT012;Moyenne
M001484;PAT0138;2024-06-25 03:55:00;2024-06-25;03:55:00;38.2;133;69;76;98;13;0.85;53.5;24.4;7145;4.2;6;CAPT029;Moyenne
M001485;PAT0181;2024-03-31 16:09:00;2024-03-31;16:09:00;38.8;114;86;63;96;21;1.29;69.5;28.6;7576;9.5;8;CAPT008;Bonne
M001486;PAT0080;2024-02-25 11:43:00;2024-02-25;11:43:00;36.2;120;68;127;93;22;1.35;73.5;33.3;6486;6.5;0;CAPT039;Bonne
M001487;PAT0040;2024-06-21 14:59:00;2024-06-21;14:59:00;38.1;114;60;84;98;15;1.4;90.7;31.3;3360;9.6;8;CAPT043;Bonne
M001488;PAT0142;2024-05-06 11:09:00;2024-05-06;11:09:00;36.5;156;97;61;97;24;0.75;90;21.2;4970;5.8;8;CAPT023;Bonne
M001489;PAT0016;2024-09-02 21:45:00;2024-09-02;21:45:00;38.5;115;69;65;97;23;1.34;77.5;32.4;4062;3.6;2;CAPT042;Mauvaise
M001490;PAT0083;2024-10-15 18:44:00;2024-10-15;18:44:00;37.6;116;62;55;98;14;1.34;66.7;27.3;5695;4.4;3;CAPT021;Bonne
M001491;PAT0035;2024-04-11 09:40:00;2024-04-11;09:40:00;37.2;115;71;75;98;12;1.01;68.9;19.4;7335;3.2;3;CAPT007;Mauvaise
M001492;PAT0083;2024-11-08 12:19:00;2024-11-08;12:19:00;37.5;136;77;69;97;24;1.09;88.2;22.9;2416;7.8;8;CAPT004;Moyenne
M001493;PAT0136;2024-04-06 02:19:00;2024-04-06;02:19:00;39.1;105;76;109;88;22;1.28;86.1;27.7;5188;4.2;6;CAPT021;Moyenne
M001494;PAT0190;2024-01-15 01:19:00;2024-01-15;01:19:00;37;113;76;73;94;12;0.73;64.3;27.1;4364;8.8;5;CAPT044;Bonne
M001495;PAT0112;2024-09-25 05:32:00;2024-09-25;05:32:00;37;132;89;89;95;14;1.22;83.5;33.5;7570;3.7;2;CAPT012;Bonne
M001496;PAT0057;2024-02-07 22:13:00;2024-02-07;22:13:00;37.5;103;79;73;95;22;1.2;76.4;28.4;56;3.3;1;CAPT025;Bonne
M001497;PAT0053;2024-02-29 09:00:00;2024-02-29;09:00:00;39.1;172;91;61;95;15;1.33;81.3;33.6;4121;5.3;9;CAPT012;Bonne
M001498;PAT0100;2024-07-09 12:02:00;2024-07-09;12:02:00;36.1;108;88;109;89;24;1.28;77.9;28.6;1841;4.8;5;CAPT028;Moyenne
M001499;PAT0175;2024-11-16 09:13:00;2024-11-16;09:13:00;39.3;147;96;64;94;19;1.1;80.9;33.5;7828;5.9;5;CAPT001;Bonne
M001500;PAT0107;2024-07-12 08:53:00;2024-07-12;08:53:00;39.1;143;68;92;93;21;1.28;89.9;26.3;5588;7.2;3;CAPT041;Mauvaise
M001501;PAT0178;2024-12-22 14:08:00;2024-12-22;14:08:00;38.2;107;69;97;95;17;0.98;57.3;28.8;461;3.8;7;CAPT032;Bonne
M001502;PAT0018;2024-06-16 05:47:00;2024-06-16;05:47:00;36.5;116;80;72;99;18;0.83;82.4;33.8;7741;5.8;6;CAPT035;Bonne
M001503;PAT0074;2024-10-18 08:06:00;2024-10-18;08:06:00;38.5;114;80;78;97;19;0.9;66.7;33.1;4582;4.4;5;CAPT006;Bonne
M001504;PAT0143;2024-04-12 04:33:00;2024-04-12;04:33:00;39.5;112;71;63;95;12;1.29;70.8;19.9;5594;4.6;4;CAPT025;Bonne
M001505;PAT0048;2024-12-21 02:15:00;2024-12-21;02:15:00;37.2;123;66;88;97;18;0.76;65.4;30.6;5838;6.1;0;CAPT050;Bonne
M001506;PAT0011;2024-09-14 06:49:00;2024-09-14;06:49:00;36.3;122;65;86;98;13;1.16;62.5;27.7;7394;9.6;0;CAPT022;Bonne
M001507;PAT0065;2024-06-28 14:12:00;2024-06-28;14:12:00;39.1;179;89;67;99;16;1.35;48.1;24.5;443;9.6;2;CAPT033;Bonne
M001508;PAT0017;2024-11-17 06:21:00;2024-11-17;06:21:00;38.1;117;80;64;98;20;0.86;69.1;32.8;5747;3.5;8;CAPT016;Bonne
M001509;PAT0155;2024-10-12 05:09:00;2024-10-12;05:09:00;37.7;122;81;58;95;19;1.07;62.5;19.9;581;3.5;2;CAPT034;Bonne
M001510;PAT0137;2024-03-27 23:59:00;2024-03-27;23:59:00;36.8;122;65;70;95;19;0.71;47.1;33.3;400;7.8;0;CAPT001;Bonne
M001511;PAT0098;2024-01-30 12:49:00;2024-01-30;12:49:00;37.8;144;87;83;97;18;0.7;92.1;31;7086;3.2;2;CAPT035;Bonne
M001512;PAT0019;2024-08-31 18:41:00;2024-08-31;18:41:00;37;161;100;78;99;23;0.71;82.7;24.6;4498;9.4;7;CAPT016;Bonne
M001513;PAT0175;2024-05-08 11:40:00;2024-05-08;11:40:00;37.3;136;101;93;98;12;1.04;95.6;20.6;7333;6.8;9;CAPT024;Bonne
M001514;PAT0058;2024-11-22 23:11:00;2024-11-22;23:11:00;39.4;125;83;74;94;12;0.8;66.4;22.4;2115;4.1;4;CAPT048;Bonne
M001515;PAT0006;2024-06-02 04:02:00;2024-06-02;04:02:00;37.3;144;98;82;94;22;1;84.1;27.2;5273;4.6;6;CAPT026;Bonne
M001516;PAT0033;2024-06-29 06:25:00;2024-06-29;06:25:00;37.2;163;102;94;97;21;1.29;68;30.5;2809;6.1;9;CAPT025;Mauvaise
M001517;PAT0119;2024-06-15 21:25:00;2024-06-15;21:25:00;36;120;83;92;96;19;0.95;74.1;22.2;2654;8;8;CAPT037;Bonne
M001518;PAT0050;2024-12-03 19:23:00;2024-12-03;19:23:00;39.1;101;61;93;94;21;1.36;75.2;31;6379;5.9;1;CAPT042;Bonne
M001519;PAT0079;2024-03-13 15:06:00;2024-03-13;15:06:00;37.7;132;63;99;97;22;1.69;69.9;33.4;1660;9.7;9;CAPT040;Bonne
M001520;PAT0106;2024-04-21 10:35:00;2024-04-21;10:35:00;39.1;124;76;91;95;20;1.32;81.3;33.9;7621;6;1;CAPT029;Mauvaise
M001521;PAT0007;2024-07-16 18:42:00;2024-07-16;18:42:00;36.2;113;67;71;97;14;1.19;99.1;29.6;92;8.4;9;CAPT042;Moyenne
M001522;PAT0103;2024-04-11 04:26:00;2024-04-11;04:26:00;36.8;142;67;90;92;16;1.1;58.5;30.6;5603;8.3;6;CAPT032;Bonne
M001523;PAT0081;2024-11-09 16:47:00;2024-11-09;16:47:00;38;123;87;97;94;16;2.6;46.9;19.7;5139;3.5;2;CAPT002;Bonne
M001524;PAT0003;2024-01-28 10:54:00;2024-01-28;10:54:00;35.9;114;78;62;98;14;3.32;96.2;24.1;6336;8.2;8;CAPT014;Bonne
M001525;PAT0079;2024-07-04 19:58:00;2024-07-04;19:58:00;36.8;125;76;88;94;19;3.13;94.7;25.6;4722;5.4;4;CAPT012;Bonne
M001526;PAT0075;2024-10-14 05:57:00;2024-10-14;05:57:00;39;100;84;58;97;15;1.9;54;20;521;9.4;8;CAPT027;Moyenne
M001527;PAT0041;2024-11-17 15:44:00;2024-11-17;15:44:00;39.4;126;83;101;93;15;1.09;82.9;33.4;3247;9.8;2;CAPT043;Bonne
M001528;PAT0038;2024-02-19 01:08:00;2024-02-19;01:08:00;39;109;74;61;97;19;1.34;71;26.1;3695;8.4;2;CAPT038;Bonne
M001529;PAT0177;2024-07-04 14:37:00;2024-07-04;14:37:00;37.8;102;89;76;96;14;1.39;69.6;18.3;5579;6.4;5;CAPT043;Mauvaise
M001530;PAT0146;2024-06-22 02:56:00;2024-06-22;02:56:00;37;175;85;67;96;14;0.94;54.7;28.6;2335;7.7;5;CAPT010;Bonne
M001531;PAT0029;2024-12-08 06:40:00;2024-12-08;06:40:00;36.8;118;65;94;99;24;1.4;84.1;34.1;427;3.6;9;CAPT039;Bonne
M001532;PAT0127;2024-10-29 13:10:00;2024-10-29;13:10:00;37;132;72;90;99;22;1.24;58.9;26.7;658;9.9;5;CAPT002;Bonne
M001533;PAT0126;2024-03-26 01:41:00;2024-03-26;01:41:00;36.5;126;68;79;95;14;0.92;61.9;25.6;7170;6;3;CAPT003;Mauvaise
M001534;PAT0070;2024-12-02 14:42:00;2024-12-02;14:42:00;35.8;102;69;78;96;19;2.92;75.3;20.2;133;9.8;3;CAPT040;Bonne
M001535;PAT0003;2024-01-10 09:24:00;2024-01-10;09:24:00;36.3;126;80;98;95;24;2.89;70.9;24.6;6485;7.9;2;CAPT018;Bonne
M001536;PAT0179;2024-07-06 16:54:00;2024-07-06;16:54:00;39.5;162;105;72;97;24;0.96;68.3;30;5229;3.9;4;CAPT023;Bonne
M001537;PAT0185;2024-04-08 15:18:00;2024-04-08;15:18:00;36.6;124;86;94;97;23;0.88;95.2;33.6;4374;3.6;2;CAPT043;Moyenne
M001538;PAT0082;2024-02-28 00:51:00;2024-02-28;00:51:00;36;172;103;81;94;19;1.3;86.9;22.1;3557;4.2;3;CAPT005;Bonne
M001539;PAT0040;2024-05-01 02:55:00;2024-05-01;02:55:00;35.8;114;86;57;95;19;1.1;84.8;30.5;975;5.4;0;CAPT040;Bonne
M001540;PAT0019;2024-11-16 14:40:00;2024-11-16;14:40:00;39;145;100;59;98;21;0.81;88.2;19.8;5645;3.9;1;CAPT046;Bonne
M001541;PAT0036;2024-02-11 05:05:00;2024-02-11;05:05:00;38.4;104;66;70;99;16;0.84;50;25.4;567;7.8;8;CAPT014;Mauvaise
M001542;PAT0013;2024-07-17 10:40:00;2024-07-17;10:40:00;37.6;116;74;90;99;24;1.2;71.2;21.4;2531;9.9;5;CAPT039;Moyenne
M001543;PAT0181;2024-05-27 23:43:00;2024-05-27;23:43:00;37.9;109;68;90;98;15;0.83;92.3;25.5;6187;6.6;7;CAPT006;Bonne
M001544;PAT0046;2024-05-14 04:56:00;2024-05-14;04:56:00;37.7;135;77;99;98;13;1.38;98.5;29.9;4000;7.9;4;CAPT005;Bonne
M001545;PAT0049;2024-06-13 07:10:00;2024-06-13;07:10:00;37.1;104;88;60;99;14;0.83;91;23;303;5.9;3;CAPT041;Bonne
M001546;PAT0074;2024-05-08 11:47:00;2024-05-08;11:47:00;36.5;132;80;81;96;19;0.85;45.4;33.1;6391;7.8;4;CAPT019;Bonne
M001547;PAT0194;2024-02-01 02:31:00;2024-02-01;02:31:00;36.9;125;61;66;99;12;0.81;85.3;28.5;2310;8.7;3;CAPT006;Bonne
M001548;PAT0173;2024-08-16 00:47:00;2024-08-16;00:47:00;38.2;137;70;90;88;21;1.24;62.5;31.1;7347;9.4;7;CAPT045;Bonne
M001549;PAT0175;2024-02-03 18:16:00;2024-02-03;18:16:00;38.4;151;92;99;96;15;1.12;62.5;24.1;5777;8.7;5;CAPT024;Bonne
M001550;PAT0128;2024-09-07 10:34:00;2024-09-07;10:34:00;39.5;104;77;92;90;17;0.91;55.5;28;592;3.3;5;CAPT023;Moyenne
M001551;PAT0105;2024-08-24 10:59:00;2024-08-24;10:59:00;38.7;148;90;94;94;22;1.03;97;24.9;1882;9.1;8;CAPT030;Bonne
M001552;PAT0116;2024-07-16 13:01:00;2024-07-16;13:01:00;39;128;87;95;89;17;0.81;88.4;24.5;6765;9.1;3;CAPT010;Bonne
M001553;PAT0103;2024-08-10 21:57:00;2024-08-10;21:57:00;36.2;124;68;92;89;22;0.96;77.6;21.1;5594;3.7;3;CAPT026;Moyenne
M001554;PAT0121;2024-06-21 06:01:00;2024-06-21;06:01:00;37.5;115;78;65;95;19;1.54;53.7;32.1;3638;9;0;CAPT018;Bonne
M001555;PAT0059;2024-11-06 23:31:00;2024-11-06;23:31:00;37.2;108;87;98;99;19;0.83;97.1;20.7;6905;9.8;0;CAPT004;Bonne
M001556;PAT0091;2024-02-04 10:45:00;2024-02-04;10:45:00;37.4;138;78;79;99;16;1.37;60.9;22;5783;9.6;7;CAPT014;Bonne
M001557;PAT0107;2024-06-06 20:10:00;2024-06-06;20:10:00;36.9;118;77;91;93;16;1.04;62.1;28.5;6047;7.3;9;CAPT039;Bonne
M001558;PAT0034;2024-06-23 23:23:00;2024-06-23;23:23:00;38.7;138;67;96;98;23;1.07;92.5;24.3;2567;9.8;9;CAPT005;Bonne
M001559;PAT0005;2024-08-01 07:13:00;2024-08-01;07:13:00;39.3;126;77;125;94;12;1.01;82.9;33.5;4210;9.3;8;CAPT041;Bonne
M001560;PAT0122;2024-10-11 10:36:00;2024-10-11;10:36:00;38.7;100;66;80;97;18;1.25;83.4;33.3;7879;9.8;2;CAPT041;Bonne
M001561;PAT0147;2024-04-27 22:37:00;2024-04-27;22:37:00;37.9;106;80;126;94;18;1.38;89.7;22.2;696;6.9;7;CAPT002;Bonne
M001562;PAT0081;2024-02-18 12:48:00;2024-02-18;12:48:00;36.1;126;81;58;96;21;2.38;62.7;27;3842;6.2;2;CAPT047;Bonne
M001563;PAT0069;2024-07-18 06:50:00;2024-07-18;06:50:00;38.6;116;69;76;99;12;0.75;84.2;24.2;6036;8.4;3;CAPT031;Bonne
M001564;PAT0064;2024-01-02 10:22:00;2024-01-02;10:22:00;38.8;137;71;79;99;20;0.86;71.5;20.5;5139;4.9;0;CAPT021;Bonne
M001565;PAT0125;2024-11-05 17:12:00;2024-11-05;17:12:00;38.8;106;88;83;98;14;3.47;80.5;34.3;4865;7.2;5;CAPT008;Moyenne
M001566;PAT0076;2024-04-09 16:51:00;2024-04-09;16:51:00;37.5;106;64;61;95;12;1.21;58.7;24.4;6412;7.9;8;CAPT001;Moyenne
M001567;PAT0077;2024-03-14 09:01:00;2024-03-14;09:01:00;35.6;120;87;74;95;16;0.88;80.4;25.2;2769;5.6;6;CAPT050;Bonne
M001568;PAT0038;2024-07-14 17:10:00;2024-07-14;17:10:00;37.9;110;81;71;98;17;1.01;86.7;19.8;5924;4.9;3;CAPT018;Bonne
M001569;PAT0051;2024-08-20 09:10:00;2024-08-20;09:10:00;37.8;105;61;68;99;15;1.19;62.8;18.3;2060;3.4;8;CAPT021;Bonne
M001570;PAT0142;2024-03-13 10:53:00;2024-03-13;10:53:00;38.4;148;104;90;99;17;1.03;75.3;28.7;2063;7.5;7;CAPT026;Moyenne
M001571;PAT0046;2024-01-18 20:18:00;2024-01-18;20:18:00;36.8;109;84;85;98;22;0.93;86.6;18.7;3664;6.6;0;CAPT047;Bonne
M001572;PAT0184;2024-09-11 02:59:00;2024-09-11;02:59:00;35.8;141;85;75;97;12;1.2;53.3;26.9;131;9.6;3;CAPT016;Bonne
M001573;PAT0024;2024-07-01 10:05:00;2024-07-01;10:05:00;37.2;108;89;99;97;16;2.94;86.3;26.4;4604;6.8;6;CAPT034;Bonne
M001574;PAT0107;2024-07-21 22:09:00;2024-07-21;22:09:00;37.7;136;67;122;94;23;1.15;49.9;21.5;5349;4.1;4;CAPT049;Mauvaise
M001575;PAT0067;2024-01-29 20:43:00;2024-01-29;20:43:00;37.7;100;68;72;98;21;0.86;47.9;32.3;5294;4.6;2;CAPT003;Bonne
M001576;PAT0011;2024-04-29 04:55:00;2024-04-29;04:55:00;36.1;109;68;67;96;17;0.85;62.6;24.6;3414;7.4;0;CAPT026;Bonne
M001577;PAT0005;2024-05-28 15:01:00;2024-05-28;15:01:00;38.2;115;80;129;91;15;1.06;83.3;27.4;5079;3.3;4;CAPT038;Bonne
M001578;PAT0010;2024-10-25 15:00:00;2024-10-25;15:00:00;36.9;127;86;59;94;18;1.68;49.4;33;5989;6.6;1;CAPT011;Bonne
M001579;PAT0102;2024-10-01 00:58:00;2024-10-01;00:58:00;38;120;67;91;96;13;0.85;79.3;22.5;6709;5.6;0;CAPT025;Bonne
M001580;PAT0041;2024-11-07 08:21:00;2024-11-07;08:21:00;36.3;137;74;96;93;13;1.28;94.4;24.7;7744;7.6;5;CAPT029;Bonne
M001581;PAT0008;2024-11-29 21:32:00;2024-11-29;21:32:00;38.6;143;70;102;95;13;1.01;56.3;19.9;1744;5.7;0;CAPT007;Bonne
M001582;PAT0191;2024-04-15 06:48:00;2024-04-15;06:48:00;37.8;119;69;83;95;12;1.35;86.1;32.2;1525;7.7;3;CAPT038;Bonne
M001583;PAT0078;2024-01-28 20:40:00;2024-01-28;20:40:00;36.4;143;74;93;96;17;2.03;94;32.3;3124;4.5;9;CAPT002;Bonne
M001584;PAT0080;2024-04-02 10:13:00;2024-04-02;10:13:00;37.5;111;71;117;89;16;0.71;84.6;30.2;824;6.2;8;CAPT026;Moyenne
M001585;PAT0155;2024-09-08 15:35:00;2024-09-08;15:35:00;37.9;144;88;89;96;12;1.23;88.7;29.3;370;9.6;8;CAPT005;Bonne
M001586;PAT0158;2024-01-01 00:39:00;2024-01-01;00:39:00;35.7;143;91;57;98;14;0.78;45.6;22.7;1187;3;6;CAPT029;Bonne
M001587;PAT0098;2024-03-22 03:03:00;2024-03-22;03:03:00;37;143;89;72;97;16;1.21;80.5;34.5;3286;8.2;6;CAPT024;Bonne
M001588;PAT0020;2024-11-30 00:19:00;2024-11-30;00:19:00;38.6;141;71;94;96;12;0.9;94.4;23.1;962;4.8;1;CAPT014;Bonne
M001589;PAT0031;2024-12-15 00:56:00;2024-12-15;00:56:00;39.2;101;64;83;94;21;1.34;71.2;18.2;1491;3.6;9;CAPT016;Bonne
M001590;PAT0117;2024-10-23 22:35:00;2024-10-23;22:35:00;36.6;120;85;69;97;19;3.2;46.2;27.6;3056;3.4;4;CAPT045;Bonne
M001591;PAT0040;2024-07-22 21:24:00;2024-07-22;21:24:00;35.6;126;71;80;94;21;0.85;72.4;32.1;1497;5.9;3;CAPT001;Bonne
M001592;PAT0148;2024-12-02 02:49:00;2024-12-02;02:49:00;39;149;102;55;96;18;1.33;84;30.2;5889;4.4;0;CAPT018;Bonne
M001593;PAT0007;2024-04-06 07:44:00;2024-04-06;07:44:00;37.3;115;81;76;95;13;1.17;45.1;29.1;942;9.1;0;CAPT028;Bonne
M001594;PAT0144;2024-09-07 07:45:00;2024-09-07;07:45:00;38.9;134;85;75;99;14;3.39;47.6;24.2;4904;7.2;4;CAPT030;Bonne
M001595;PAT0121;2024-07-10 21:57:00;2024-07-10;21:57:00;37;123;86;58;99;19;2.45;75.3;20.5;7719;8.1;9;CAPT023;Bonne
M001596;PAT0105;2024-07-24 11:29:00;2024-07-24;11:29:00;39.4;140;100;72;94;17;0.82;87.2;20.5;236;7.7;6;CAPT032;Bonne
M001597;PAT0173;2024-07-03 13:05:00;2024-07-03;13:05:00;37.9;120;89;99;95;22;1.08;93.7;23.7;6796;5.5;8;CAPT030;Bonne
M001598;PAT0116;2024-12-14 05:56:00;2024-12-14;05:56:00;35.7;123;88;123;94;24;1.23;72.8;32.6;7080;7.4;4;CAPT039;Moyenne
M001599;PAT0088;2024-03-22 18:08:00;2024-03-22;18:08:00;39.4;138;103;93;95;19;1.08;88.6;32;1392;5.8;7;CAPT027;Bonne
M001600;PAT0029;2024-10-05 01:33:00;2024-10-05;01:33:00;35.9;142;86;55;95;12;1.39;45.2;33.9;5476;7.7;5;CAPT011;Bonne
M001601;PAT0190;2024-12-29 10:31:00;2024-12-29;10:31:00;36;123;66;75;99;14;0.86;85.3;31.5;5807;6.8;8;CAPT026;Moyenne
M001602;PAT0134;2024-07-20 07:36:00;2024-07-20;07:36:00;36.9;102;62;73;99;17;2.71;67.4;30.8;1360;3.7;3;CAPT041;Bonne
M001603;PAT0165;2024-12-21 06:45:00;2024-12-21;06:45:00;35.5;118;64;56;95;22;1.02;88.6;26.6;3628;3.8;6;CAPT010;Bonne
M001604;PAT0019;2024-06-05 07:48:00;2024-06-05;07:48:00;37.1;139;87;92;98;21;1.19;90.4;27.2;3026;3.7;7;CAPT013;Bonne
M001605;PAT0007;2024-05-31 03:13:00;2024-05-31;03:13:00;36.2;123;83;71;95;13;0.71;87.7;19.2;6827;4.8;6;CAPT008;Bonne
M001606;PAT0109;2024-12-04 12:00:00;2024-12-04;12:00:00;38.3;120;82;89;94;24;1.36;61.5;24.6;774;4.5;4;CAPT028;Bonne
M001607;PAT0159;2024-09-01 20:39:00;2024-09-01;20:39:00;37.9;132;67;66;99;21;1.11;82.4;34.6;6260;6.5;7;CAPT023;Bonne
M001608;PAT0008;2024-08-30 12:48:00;2024-08-30;12:48:00;37.7;141;80;128;89;14;0.88;50.4;29.7;1857;7.3;5;CAPT023;Bonne
M001609;PAT0176;2024-01-14 12:02:00;2024-01-14;12:02:00;39.4;109;63;57;94;19;1.04;86.7;19.5;6101;4.8;0;CAPT006;Moyenne
M001610;PAT0022;2024-11-19 03:29:00;2024-11-19;03:29:00;37;179;96;81;94;23;0.87;63.6;28.3;3541;6.3;2;CAPT021;Bonne
M001611;PAT0080;2024-12-26 14:13:00;2024-12-26;14:13:00;38;144;78;102;90;21;1.09;50.2;29.6;7637;7.2;4;CAPT044;Bonne
M001612;PAT0200;2024-09-16 14:04:00;2024-09-16;14:04:00;37.5;101;74;98;99;22;0.72;70.5;29.9;5190;5.7;3;CAPT035;Bonne
M001613;PAT0168;2024-05-09 18:07:00;2024-05-09;18:07:00;38.3;122;72;71;97;20;1.21;72;33.3;909;5.1;3;CAPT011;Bonne
M001614;PAT0011;2024-06-18 13:07:00;2024-06-18;13:07:00;38.2;102;85;80;95;14;0.9;98.3;19.3;1408;6.4;9;CAPT016;Bonne
M001615;PAT0002;2024-11-30 05:49:00;2024-11-30;05:49:00;37;134;73;57;98;13;0.97;61.6;21.8;7501;9.1;4;CAPT038;Bonne
M001616;PAT0127;2024-08-15 22:58:00;2024-08-15;22:58:00;36;139;63;90;96;22;1.73;54;20.2;2816;9.9;7;CAPT039;Bonne
M001617;PAT0145;2024-09-11 11:50:00;2024-09-11;11:50:00;38.3;106;80;65;96;24;0.72;46.1;26.9;4237;7.9;5;CAPT041;Mauvaise
M001618;PAT0140;2024-08-30 01:17:00;2024-08-30;01:17:00;37.2;111;76;64;98;13;0.77;83.6;19.1;5717;3.6;8;CAPT043;Bonne
M001619;PAT0092;2024-09-16 07:58:00;2024-09-16;07:58:00;39.2;139;85;67;95;16;1.03;52.6;18.4;5125;3.6;4;CAPT012;Moyenne
M001620;PAT0171;2024-12-03 17:23:00;2024-12-03;17:23:00;37.7;106;63;79;96;23;0.84;71.3;34.5;3597;7.6;9;CAPT038;Moyenne
M001621;PAT0106;2024-01-21 07:12:00;2024-01-21;07:12:00;36.1;104;67;59;95;23;1.47;52.3;29.9;1623;3.1;7;CAPT004;Bonne
M001622;PAT0131;2024-02-27 16:42:00;2024-02-27;16:42:00;36.6;105;75;90;97;22;1.25;74.2;23.2;2050;8.7;4;CAPT021;Moyenne
M001623;PAT0063;2024-04-19 06:42:00;2024-04-19;06:42:00;37.4;117;75;77;96;16;1.3;71.3;19.7;4424;5.7;2;CAPT041;Bonne
M001624;PAT0161;2024-02-06 04:42:00;2024-02-06;04:42:00;36;107;65;58;97;23;1.08;73;32.6;5854;3.5;8;CAPT033;Moyenne
M001625;PAT0019;2024-05-06 20:48:00;2024-05-06;20:48:00;37.2;176;106;68;98;20;1.1;79.4;33.9;7366;8.8;4;CAPT027;Bonne
M001626;PAT0016;2024-01-22 10:49:00;2024-01-22;10:49:00;37.1;101;62;98;96;15;1.23;55.6;30.4;1893;5.6;2;CAPT029;Bonne
M001627;PAT0156;2024-04-25 23:58:00;2024-04-25;23:58:00;36;100;76;70;94;20;1.29;78.8;31.4;7092;9.2;8;CAPT042;Bonne
M001628;PAT0194;2024-05-03 19:33:00;2024-05-03;19:33:00;36.7;108;71;95;95;22;1.14;87.5;25.4;3338;3.2;7;CAPT005;Bonne
M001629;PAT0144;2024-03-15 20:02:00;2024-03-15;20:02:00;37;105;80;74;96;19;1.4;66.6;25.9;1521;8.6;0;CAPT022;Bonne
M001630;PAT0078;2024-11-05 10:58:00;2024-11-05;10:58:00;36.7;118;66;85;95;19;3.12;97.2;26.7;1421;5.7;6;CAPT045;Bonne
M001631;PAT0151;2024-12-15 19:38:00;2024-12-15;19:38:00;38.1;135;76;91;97;20;2.8;76.6;26;825;3.6;3;CAPT032;Mauvaise
M001632;PAT0088;2024-11-11 20:04:00;2024-11-11;20:04:00;36.5;162;102;74;94;15;1.07;59.8;22.6;5492;5;7;CAPT033;Bonne
M001633;PAT0059;2024-06-14 07:36:00;2024-06-14;07:36:00;36.3;116;84;63;97;24;0.92;98.5;21.3;3551;5.3;1;CAPT044;Bonne
M001634;PAT0106;2024-11-02 13:42:00;2024-11-02;13:42:00;38.1;108;89;74;99;23;1.84;87.3;33.1;4096;4;8;CAPT050;Bonne
M001635;PAT0177;2024-12-17 21:23:00;2024-12-17;21:23:00;38.4;134;63;55;99;20;0.91;75.4;21.5;2269;6.2;7;CAPT034;Bonne
M001636;PAT0045;2024-05-29 20:15:00;2024-05-29;20:15:00;36.3;113;84;58;94;21;0.78;88.4;32.1;7138;4.3;6;CAPT042;Bonne
M001637;PAT0128;2024-07-19 15:45:00;2024-07-19;15:45:00;36.6;112;63;125;95;13;0.96;76.3;27.1;5703;4;9;CAPT039;Moyenne
M001638;PAT0019;2024-07-11 17:25:00;2024-07-11;17:25:00;35.5;141;96;79;96;21;0.88;55.4;33.9;5891;9.5;9;CAPT030;Bonne
M001639;PAT0141;2024-05-21 16:36:00;2024-05-21;16:36:00;37.2;131;88;64;98;17;1.11;59.6;34.7;271;7.4;2;CAPT032;Mauvaise
M001640;PAT0153;2024-08-11 12:20:00;2024-08-11;12:20:00;36;117;85;98;94;12;0.78;55;24.1;3823;8.6;1;CAPT004;Bonne
M001641;PAT0011;2024-05-22 03:35:00;2024-05-22;03:35:00;37.6;138;87;55;98;21;1.29;52;19.6;1301;8.2;4;CAPT028;Bonne
M001642;PAT0053;2024-12-04 18:03:00;2024-12-04;18:03:00;35.5;147;85;70;94;17;0.73;63.6;28.6;319;4.9;2;CAPT028;Moyenne
M001643;PAT0062;2024-11-12 19:36:00;2024-11-12;19:36:00;38.5;141;80;66;97;12;0.86;96;24;7540;4.7;0;CAPT002;Bonne
M001644;PAT0142;2024-04-22 05:51:00;2024-04-22;05:51:00;39.4;162;91;63;99;21;1.11;66.1;27.2;3828;3.1;6;CAPT011;Moyenne
M001645;PAT0024;2024-11-10 08:51:00;2024-11-10;08:51:00;37.4;114;65;75;99;13;2.51;50.3;32.4;455;4.5;6;CAPT030;Bonne
M001646;PAT0157;2024-03-29 07:17:00;2024-03-29;07:17:00;35.9;136;84;87;94;17;0.82;58.1;23.2;6387;7.1;9;CAPT039;Bonne
M001647;PAT0099;2024-04-28 03:54:00;2024-04-28;03:54:00;35.8;140;64;103;92;19;1.01;84.2;25.5;7910;8.2;7;CAPT025;Moyenne
M001648;PAT0158;2024-01-12 17:48:00;2024-01-12;17:48:00;36.6;152;109;73;99;17;1.23;93.5;26.4;4801;8.5;6;CAPT034;Bonne
M001649;PAT0088;2024-09-12 16:39:00;2024-09-12;16:39:00;37.1;145;85;78;95;12;0.93;69.3;21.5;6247;4;1;CAPT005;Bonne
M001650;PAT0154;2024-12-15 12:10:00;2024-12-15;12:10:00;38.7;121;64;94;96;24;1.29;56.4;23.3;6617;5.8;3;CAPT016;Bonne
M001651;PAT0184;2024-04-28 12:38:00;2024-04-28;12:38:00;39;122;75;66;99;19;0.9;97.8;29.7;2833;6.9;1;CAPT042;Moyenne
M001652;PAT0179;2024-01-12 12:36:00;2024-01-12;12:36:00;36.9;150;97;83;94;21;0.75;66;26.3;5659;8.1;8;CAPT028;Bonne
M001653;PAT0023;2024-06-27 07:17:00;2024-06-27;07:17:00;37;135;68;68;96;23;2.21;99.8;26.1;2292;4.2;9;CAPT038;Mauvaise
M001654;PAT0166;2024-09-28 06:54:00;2024-09-28;06:54:00;35.6;172;87;70;99;15;1.06;66;18.8;3039;4.6;7;CAPT046;Bonne
M001655;PAT0041;2024-12-22 17:03:00;2024-12-22;17:03:00;36.5;115;65;97;90;20;0.76;73.9;22.3;2745;4;1;CAPT010;Bonne
M001656;PAT0112;2024-04-05 07:26:00;2024-04-05;07:26:00;36.7;143;76;69;95;24;0.89;73.6;21.9;2004;3.6;0;CAPT004;Bonne
M001657;PAT0147;2024-03-31 09:35:00;2024-03-31;09:35:00;37.4;126;62;105;91;13;1.16;68.3;20.9;4718;3.1;0;CAPT013;Moyenne
M001658;PAT0155;2024-02-04 03:17:00;2024-02-04;03:17:00;38.8;130;63;98;94;12;1.2;54.8;20.1;870;6.2;1;CAPT049;Bonne
M001659;PAT0095;2024-03-19 17:59:00;2024-03-19;17:59:00;36.2;122;74;80;99;20;1.21;88.3;23.5;6700;4.2;6;CAPT018;Moyenne
M001660;PAT0132;2024-09-13 16:57:00;2024-09-13;16:57:00;35.7;113;76;66;98;19;3.07;52.4;18.8;5399;4.1;3;CAPT009;Bonne
M001661;PAT0062;2024-07-07 18:50:00;2024-07-07;18:50:00;36.6;119;74;58;99;13;1.3;58.5;21;7963;3.8;1;CAPT016;Bonne
M001662;PAT0042;2024-01-22 02:24:00;2024-01-22;02:24:00;36;129;85;80;97;21;1.15;60.8;27;7771;6.4;7;CAPT049;Bonne
M001663;PAT0102;2024-07-25 16:29:00;2024-07-25;16:29:00;39.3;109;88;77;98;20;1.09;96.9;24;1331;7.2;2;CAPT046;Bonne
M001664;PAT0192;2024-05-08 16:59:00;2024-05-08;16:59:00;37.1;126;65;64;95;19;0.98;72.7;26.5;7589;8.6;4;CAPT014;Moyenne
M001665;PAT0019;2024-07-07 09:07:00;2024-07-07;09:07:00;37.9;173;86;59;95;22;1.12;67.7;24.4;3785;5.6;1;CAPT021;Mauvaise
M001666;PAT0125;2024-01-09 06:27:00;2024-01-09;06:27:00;38.6;140;64;61;97;13;1.66;86.3;25.6;4130;7.1;1;CAPT049;Moyenne
M001667;PAT0192;2024-06-03 12:15:00;2024-06-03;12:15:00;36.1;130;82;73;97;19;0.8;94.5;33.4;2899;4.8;6;CAPT026;Bonne
M001668;PAT0120;2024-07-09 06:29:00;2024-07-09;06:29:00;36;173;101;73;99;14;1.2;97.8;22.2;1439;4;6;CAPT041;Bonne
M001669;PAT0026;2024-01-28 11:29:00;2024-01-28;11:29:00;39.1;129;76;96;98;17;0.91;93.8;32.8;6011;3.5;0;CAPT019;Moyenne
M001670;PAT0091;2024-10-09 15:02:00;2024-10-09;15:02:00;39.2;123;84;91;98;19;1.27;92.8;26.2;4390;5.5;6;CAPT013;Moyenne
M001671;PAT0080;2024-03-25 00:06:00;2024-03-25;00:06:00;36.1;136;75;103;90;22;1.35;84.1;22.6;4690;3.2;8;CAPT014;Mauvaise
M001672;PAT0162;2024-01-13 14:25:00;2024-01-13;14:25:00;36.8;153;96;58;94;22;1.06;78.7;23.9;7189;5.3;3;CAPT024;Bonne
M001673;PAT0014;2024-10-26 03:56:00;2024-10-26;03:56:00;37.3;133;70;85;96;19;3.04;71.8;31;6389;3.3;7;CAPT050;Bonne
M001674;PAT0141;2024-10-16 16:04:00;2024-10-16;16:04:00;39.5;120;73;84;95;21;1.21;53.4;32;5082;5.3;7;CAPT046;Mauvaise
M001675;PAT0113;2024-11-21 08:09:00;2024-11-21;08:09:00;36.1;107;82;88;96;20;1.21;95.3;19.6;1622;5.7;5;CAPT026;Bonne
M001676;PAT0057;2024-06-04 00:08:00;2024-06-04;00:08:00;36.3;126;61;99;94;21;0.73;76.3;25.1;5339;8.8;2;CAPT010;Moyenne
M001677;PAT0110;2024-05-10 06:00:00;2024-05-10;06:00:00;39.5;132;79;84;98;19;1.08;54;18.6;2853;8.1;0;CAPT005;Bonne
M001678;PAT0057;2024-03-25 21:31:00;2024-03-25;21:31:00;36;102;73;80;96;22;1.03;81.8;31.8;4397;5.4;7;CAPT047;Bonne
M001679;PAT0096;2024-05-12 18:35:00;2024-05-12;18:35:00;37.7;173;103;58;94;24;1.3;94.6;30.6;6611;7.4;2;CAPT021;Mauvaise
M001680;PAT0135;2024-12-15 22:37:00;2024-12-15;22:37:00;37.6;136;79;78;97;13;0.81;60.3;28.1;1401;9.3;5;CAPT015;Bonne
M001681;PAT0006;2024-05-19 10:32:00;2024-05-19;10:32:00;36.7;151;89;79;95;23;1;98.5;34.9;4278;3.4;4;CAPT038;Bonne
M001682;PAT0077;2024-05-11 03:52:00;2024-05-11;03:52:00;36.1;126;74;99;98;17;1.26;57.3;31.3;7635;9.2;3;CAPT016;Bonne
M001683;PAT0119;2024-02-20 22:34:00;2024-02-20;22:34:00;37.5;118;72;91;95;17;1.33;67.7;24.8;6661;7;3;CAPT020;Mauvaise
M001684;PAT0021;2024-11-15 15:59:00;2024-11-15;15:59:00;38.2;138;63;88;96;18;0.87;87.6;33.7;6786;3.4;0;CAPT026;Mauvaise
M001685;PAT0111;2024-08-30 00:21:00;2024-08-30;00:21:00;39.3;115;84;69;99;17;0.81;51.5;22;3789;9.2;5;CAPT032;Moyenne
M001686;PAT0102;2024-07-26 13:54:00;2024-07-26;13:54:00;36.4;117;79;71;97;23;1.11;58.4;31.7;875;5.4;8;CAPT039;Mauvaise
M001687;PAT0084;2024-02-12 03:05:00;2024-02-12;03:05:00;35.8;132;69;71;94;12;1.12;85.6;20.6;6627;6;0;CAPT006;Bonne
M001688;PAT0179;2024-01-27 00:30:00;2024-01-27;00:30:00;36.2;157;86;62;98;18;1.15;52.3;34.7;3384;5.6;5;CAPT044;Bonne
M001689;PAT0180;2024-10-19 02:02:00;2024-10-19;02:02:00;36.2;122;68;124;90;13;0.95;62;19.7;7968;10;0;CAPT006;Bonne
M001690;PAT0011;2024-04-08 05:57:00;2024-04-08;05:57:00;37.1;129;82;69;96;20;1.13;99.6;19.8;4173;7.2;1;CAPT040;Bonne
M001691;PAT0135;2024-11-09 09:08:00;2024-11-09;09:08:00;35.8;117;65;86;98;19;0.75;78.3;22.4;5595;7.5;1;CAPT045;Bonne
M001692;PAT0132;2024-11-06 07:44:00;2024-11-06;07:44:00;36.6;138;81;97;98;19;1.42;66.6;23.8;1217;4.1;7;CAPT031;Bonne
M001693;PAT0116;2024-09-17 09:18:00;2024-09-17;09:18:00;38.1;127;66;107;95;19;0.95;89.8;25.1;1448;9.5;6;CAPT020;Bonne
M001694;PAT0171;2024-05-03 14:09:00;2024-05-03;14:09:00;38.3;135;71;58;94;19;0.93;47;19;83;9.1;7;CAPT010;Bonne
M001695;PAT0028;2024-03-05 04:46:00;2024-03-05;04:46:00;35.8;106;85;67;99;19;1.4;87.4;29.7;5302;7.1;4;CAPT046;Bonne
M001696;PAT0124;2024-03-03 20:42:00;2024-03-03;20:42:00;39.3;128;79;68;97;13;2.2;75.4;28;2586;9.6;7;CAPT014;Moyenne
M001697;PAT0122;2024-07-05 05:25:00;2024-07-05;05:25:00;36.3;103;80;72;98;17;1.16;48.6;18.5;5551;9;3;CAPT017;Bonne
M001698;PAT0100;2024-09-11 14:42:00;2024-09-11;14:42:00;39.4;127;80;105;91;17;0.83;88.1;32.7;7055;6.1;2;CAPT021;Mauvaise
M001699;PAT0191;2024-08-04 21:20:00;2024-08-04;21:20:00;39.3;134;79;83;95;23;1.38;86.3;32.8;7762;4.3;5;CAPT011;Mauvaise
M001700;PAT0065;2024-09-06 10:09:00;2024-09-06;10:09:00;35.7;149;85;56;99;20;0.99;52.7;26.7;4545;6.5;2;CAPT018;Bonne
M001701;PAT0052;2024-08-01 01:49:00;2024-08-01;01:49:00;35.5;112;65;84;96;16;1.2;64.8;23.8;1550;7.3;1;CAPT022;Bonne
M001702;PAT0001;2024-09-13 06:13:00;2024-09-13;06:13:00;36.1;110;67;92;95;14;1.44;82.4;32.6;2031;8.2;6;CAPT018;Bonne
M001703;PAT0136;2024-09-27 18:39:00;2024-09-27;18:39:00;39.2;116;66;129;94;15;0.97;55.8;31.1;7970;8.1;2;CAPT003;Bonne
M001704;PAT0117;2024-10-29 17:18:00;2024-10-29;17:18:00;37.7;130;84;95;98;13;3.42;86.6;18.8;6036;5.3;0;CAPT027;Bonne
M001705;PAT0151;2024-02-02 15:53:00;2024-02-02;15:53:00;39;107;79;75;96;15;2.64;96.1;33.5;2228;7.3;4;CAPT015;Moyenne
M001706;PAT0081;2024-04-24 14:16:00;2024-04-24;14:16:00;36.7;118;82;97;96;19;3.12;80.9;18.7;1395;4.6;2;CAPT038;Bonne
M001707;PAT0066;2024-01-03 16:14:00;2024-01-03;16:14:00;35.7;104;79;95;96;18;0.98;97.4;25.6;5358;5.8;7;CAPT028;Bonne
M001708;PAT0013;2024-05-20 17:52:00;2024-05-20;17:52:00;39.1;122;76;92;95;24;1.37;96.7;18.3;61;9.1;6;CAPT047;Moyenne
M001709;PAT0197;2024-06-05 19:42:00;2024-06-05;19:42:00;35.7;136;79;122;92;13;1.15;99.4;21.6;5710;7.6;6;CAPT019;Bonne
M001710;PAT0200;2024-04-30 12:35:00;2024-04-30;12:35:00;38.4;136;83;83;98;19;0.78;54.7;29.2;3925;3.1;4;CAPT028;Bonne
M001711;PAT0021;2024-05-05 15:01:00;2024-05-05;15:01:00;35.9;140;76;99;94;23;0.93;96.2;30.4;7443;4.2;3;CAPT019;Bonne
M001712;PAT0172;2024-03-23 13:13:00;2024-03-23;13:13:00;38.4;107;86;89;99;23;0.88;64.9;31;7980;5;2;CAPT035;Bonne
M001713;PAT0178;2024-02-05 02:09:00;2024-02-05;02:09:00;39;100;84;81;97;21;1.08;91.9;18.1;2972;4.7;3;CAPT050;Moyenne
M001714;PAT0198;2024-05-18 05:07:00;2024-05-18;05:07:00;38.6;124;68;74;95;16;1.26;63.6;26.5;4250;8.8;8;CAPT035;Bonne
M001715;PAT0120;2024-09-03 21:39:00;2024-09-03;21:39:00;36.6;155;85;78;98;23;1.06;49.6;31.4;1385;5.5;1;CAPT025;Mauvaise
M001716;PAT0049;2024-05-08 23:01:00;2024-05-08;23:01:00;39.1;101;82;84;99;22;1.08;79.1;34.5;758;8.4;0;CAPT005;Bonne
M001717;PAT0042;2024-03-23 16:52:00;2024-03-23;16:52:00;38.3;106;75;87;98;12;0.8;55.7;34.8;6794;8.3;5;CAPT023;Bonne
M001718;PAT0008;2024-07-18 13:06:00;2024-07-18;13:06:00;38.7;143;64;115;89;23;0.94;87.7;24.8;3517;4.2;9;CAPT040;Moyenne
M001719;PAT0164;2024-10-27 23:44:00;2024-10-27;23:44:00;35.8;139;93;81;97;21;1.04;99.6;21.9;6618;7.6;3;CAPT050;Bonne
M001720;PAT0127;2024-08-22 12:20:00;2024-08-22;12:20:00;38.1;120;60;82;95;21;2.48;56;18.7;2742;6.2;0;CAPT001;Moyenne
M001721;PAT0147;2024-12-06 11:41:00;2024-12-06;11:41:00;36.9;124;72;122;88;19;0.95;86.2;18.1;6980;5.2;5;CAPT030;Bonne
M001722;PAT0022;2024-02-19 19:33:00;2024-02-19;19:33:00;37.7;164;98;77;96;17;0.79;51.4;20.3;7434;6.5;5;CAPT036;Bonne
M001723;PAT0186;2024-03-02 19:51:00;2024-03-02;19:51:00;35.6;134;82;90;94;23;1.23;90.9;23.4;219;5.2;5;CAPT028;Bonne
M001724;PAT0076;2024-02-24 01:19:00;2024-02-24;01:19:00;38.2;114;70;78;96;17;0.73;99.9;29.8;3833;8.7;1;CAPT010;Moyenne
M001725;PAT0072;2024-07-29 02:33:00;2024-07-29;02:33:00;37;140;77;98;98;21;0.94;72.4;30.6;491;5.8;1;CAPT002;Bonne
M001726;PAT0073;2024-12-30 02:55:00;2024-12-30;02:55:00;36;120;75;94;96;19;0.93;73.9;28.2;1761;3.7;7;CAPT008;Bonne
M001727;PAT0025;2024-06-19 10:56:00;2024-06-19;10:56:00;36;167;107;67;99;16;1.38;76.7;27.9;4144;3.6;0;CAPT004;Moyenne
M001728;PAT0071;2024-10-08 17:58:00;2024-10-08;17:58:00;38.9;138;85;80;94;20;1.92;89.6;27.3;3534;7;3;CAPT045;Moyenne
M001729;PAT0140;2024-10-09 21:19:00;2024-10-09;21:19:00;35.9;129;87;67;99;13;0.91;67.2;33.8;4946;5.2;8;CAPT027;Bonne
M001730;PAT0024;2024-05-17 23:03:00;2024-05-17;23:03:00;36;105;71;74;99;17;2.71;50.2;34.1;6457;3;8;CAPT031;Bonne
M001731;PAT0011;2024-07-03 12:34:00;2024-07-03;12:34:00;35.9;135;76;88;99;21;1.03;53.7;34;71;9.3;1;CAPT016;Bonne
M001732;PAT0021;2024-04-04 20:58:00;2024-04-04;20:58:00;37.8;100;82;74;96;19;0.93;92.7;28.7;3480;3.1;8;CAPT014;Bonne
M001733;PAT0187;2024-03-27 23:52:00;2024-03-27;23:52:00;39;137;81;80;99;17;1.2;73;34.8;6083;3;6;CAPT034;Moyenne
M001734;PAT0070;2024-04-06 15:35:00;2024-04-06;15:35:00;36.5;118;66;89;94;12;2.53;68.6;28.4;6221;5.7;5;CAPT034;Bonne
M001735;PAT0075;2024-07-26 18:26:00;2024-07-26;18:26:00;39.1;127;73;90;99;23;1.99;60.8;22.2;5012;9;0;CAPT008;Bonne
M001736;PAT0181;2024-11-27 19:31:00;2024-11-27;19:31:00;35.5;114;71;57;96;14;0.99;51.3;28;525;8.2;1;CAPT045;Bonne
M001737;PAT0033;2024-11-24 18:07:00;2024-11-24;18:07:00;39.4;160;103;66;95;12;1.1;58.7;30.1;5922;4.6;9;CAPT016;Bonne
M001738;PAT0191;2024-02-06 21:25:00;2024-02-06;21:25:00;36;140;70;75;96;16;0.73;57;34.3;1236;7;6;CAPT042;Moyenne
M001739;PAT0054;2024-12-22 00:26:00;2024-12-22;00:26:00;35.9;108;80;72;98;19;1.2;56.3;20.5;3563;8.1;3;CAPT008;Moyenne
M001740;PAT0095;2024-07-29 12:42:00;2024-07-29;12:42:00;37.6;140;84;78;94;17;0.93;60.1;29.3;2091;9;8;CAPT010;Bonne
M001741;PAT0053;2024-04-06 21:54:00;2024-04-06;21:54:00;39.3;168;95;85;95;18;0.97;58.4;26.3;1659;4.9;5;CAPT004;Bonne
M001742;PAT0065;2024-08-25 05:03:00;2024-08-25;05:03:00;38.6;174;99;95;97;24;0.7;90.9;30.7;6764;6.7;0;CAPT014;Bonne
M001743;PAT0106;2024-05-27 04:18:00;2024-05-27;04:18:00;36.6;123;63;90;98;13;1.45;68.4;18.2;5659;8.5;9;CAPT034;Bonne
M001744;PAT0017;2024-06-27 09:41:00;2024-06-27;09:41:00;36.4;135;86;60;96;18;1.11;56.1;32.7;6693;8.9;2;CAPT025;Bonne
M001745;PAT0070;2024-04-22 14:57:00;2024-04-22;14:57:00;36;129;80;95;99;17;1.57;88;29;6876;5.7;3;CAPT036;Moyenne
M001746;PAT0131;2024-03-15 03:17:00;2024-03-15;03:17:00;38.4;138;77;58;98;15;1.15;73.7;29.7;1763;4.9;8;CAPT043;Bonne
M001747;PAT0133;2024-07-25 00:04:00;2024-07-25;00:04:00;37.8;128;61;76;99;19;1.26;93.7;22.1;3991;5;6;CAPT016;Bonne
M001748;PAT0194;2024-10-11 19:36:00;2024-10-11;19:36:00;38.7;135;66;70;95;17;1.37;74.1;21.1;1082;6.5;5;CAPT034;Mauvaise
M001749;PAT0001;2024-01-11 10:49:00;2024-01-11;10:49:00;38.3;107;89;81;96;20;1.54;75.5;27.7;7799;3;8;CAPT013;Bonne
M001750;PAT0048;2024-06-05 23:48:00;2024-06-05;23:48:00;37.2;121;77;66;96;24;0.78;83.3;22.6;7590;4.4;8;CAPT026;Bonne
M001751;PAT0172;2024-11-04 18:36:00;2024-11-04;18:36:00;36.9;109;61;67;99;24;1.29;65.9;28.6;3685;9.2;8;CAPT021;Bonne
M001752;PAT0012;2024-07-01 15:48:00;2024-07-01;15:48:00;36.5;112;64;68;98;20;3.17;63.3;21.9;6983;9.7;6;CAPT002;Bonne
M001753;PAT0177;2024-10-16 04:14:00;2024-10-16;04:14:00;37.1;102;82;94;94;18;0.75;47.4;25.9;530;6.7;1;CAPT048;Bonne
M001754;PAT0019;2024-10-07 14:45:00;2024-10-07;14:45:00;36;153;103;80;94;17;0.77;85.6;21.7;2203;3.7;2;CAPT017;Bonne
M001755;PAT0003;2024-07-28 03:17:00;2024-07-28;03:17:00;38.1;118;60;61;98;18;3.31;93.9;33.2;1706;3.7;4;CAPT016;Bonne
M001756;PAT0157;2024-05-08 19:34:00;2024-05-08;19:34:00;38.5;142;83;62;95;23;0.78;96.6;22.1;4649;6.3;9;CAPT018;Bonne
M001757;PAT0139;2024-12-22 23:00:00;2024-12-22;23:00:00;39.2;154;100;91;96;22;0.82;71.9;34.9;6990;8.6;9;CAPT022;Bonne
M001758;PAT0026;2024-10-25 07:59:00;2024-10-25;07:59:00;37.8;144;81;94;96;12;0.76;45;29.8;4931;9.5;2;CAPT049;Bonne
M001759;PAT0116;2024-03-25 00:47:00;2024-03-25;00:47:00;35.9;140;82;98;95;16;1.09;79.5;18.4;3816;4.9;6;CAPT012;Bonne
M001760;PAT0041;2024-01-24 23:11:00;2024-01-24;23:11:00;36.3;124;85;98;94;18;0.86;56.5;20.3;5344;6.2;0;CAPT043;Bonne
M001761;PAT0116;2024-03-09 01:07:00;2024-03-09;01:07:00;38.4;108;71;95;91;24;0.86;84.8;24.2;793;8.3;7;CAPT049;Bonne
M001762;PAT0077;2024-08-09 04:44:00;2024-08-09;04:44:00;35.8;126;65;58;96;16;1.28;94.6;26.1;5951;3.1;1;CAPT024;Moyenne
M001763;PAT0009;2024-12-16 13:06:00;2024-12-16;13:06:00;35.8;111;86;84;98;17;1.07;53.7;19.2;1876;5.9;5;CAPT028;Moyenne
M001764;PAT0059;2024-03-26 08:45:00;2024-03-26;08:45:00;37.6;117;79;83;99;23;1.19;75.5;29.5;7188;9.6;0;CAPT038;Bonne
M001765;PAT0150;2024-08-19 05:53:00;2024-08-19;05:53:00;39.5;117;84;91;97;17;1.39;74.3;27.6;5771;9.7;3;CAPT028;Bonne
M001766;PAT0045;2024-08-15 08:20:00;2024-08-15;08:20:00;36.5;108;60;57;98;18;1.13;56.8;30.5;3976;8.4;5;CAPT002;Bonne
M001767;PAT0051;2024-07-11 17:29:00;2024-07-11;17:29:00;39.2;118;89;77;96;22;0.98;93.1;20;1446;7.9;3;CAPT004;Bonne
M001768;PAT0059;2024-09-30 03:35:00;2024-09-30;03:35:00;37.4;126;73;88;94;23;1.22;95;27.9;1246;8.2;1;CAPT009;Bonne
M001769;PAT0014;2024-10-02 07:51:00;2024-10-02;07:51:00;36;134;85;85;99;17;2.39;94.9;26.6;2476;7.2;8;CAPT005;Moyenne
M001770;PAT0062;2024-02-12 10:33:00;2024-02-12;10:33:00;37.7;108;74;67;99;13;1.08;59.3;23.6;2521;4;5;CAPT012;Bonne
M001771;PAT0012;2024-04-15 04:51:00;2024-04-15;04:51:00;38.7;135;80;97;97;23;2.18;83.4;19.5;5167;4;5;CAPT029;Moyenne
M001772;PAT0019;2024-11-20 17:05:00;2024-11-20;17:05:00;38.5;167;96;61;94;13;1;62.7;20.8;5008;4.9;3;CAPT022;Bonne
M001773;PAT0008;2024-01-06 00:49:00;2024-01-06;00:49:00;38.2;141;71;106;92;17;0.72;46.3;31.8;4962;3.2;6;CAPT021;Bonne
M001774;PAT0043;2024-11-22 18:05:00;2024-11-22;18:05:00;35.8;103;78;91;96;21;2.94;55.5;34.2;1976;3.7;8;CAPT035;Moyenne
M001775;PAT0166;2024-11-18 23:38:00;2024-11-18;23:38:00;35.6;156;104;90;95;21;0.96;53.2;24;3619;5.7;7;CAPT008;Bonne
M001776;PAT0130;2024-05-29 08:10:00;2024-05-29;08:10:00;35.8;108;89;55;98;13;1.15;89.7;28.2;6094;7;1;CAPT031;Bonne
M001777;PAT0074;2024-02-09 04:11:00;2024-02-09;04:11:00;38.8;130;73;68;98;14;1.04;60.9;28.6;1370;3.3;8;CAPT025;Bonne
M001778;PAT0121;2024-08-10 14:01:00;2024-08-10;14:01:00;35.7;142;87;78;97;15;1.29;47.7;29.3;6515;9.2;1;CAPT025;Bonne
M001779;PAT0089;2024-02-15 11:46:00;2024-02-15;11:46:00;37.6;103;73;93;95;19;1.15;74.2;24.9;5591;6.9;3;CAPT016;Mauvaise
M001780;PAT0106;2024-05-17 16:14:00;2024-05-17;16:14:00;39.5;116;81;76;99;23;1.54;65.3;18.8;6865;5.2;7;CAPT011;Bonne
M001781;PAT0148;2024-01-22 17:45:00;2024-01-22;17:45:00;35.7;149;89;70;98;13;0.96;70.8;24.9;1919;4.7;3;CAPT039;Mauvaise
M001782;PAT0158;2024-11-12 11:50:00;2024-11-12;11:50:00;39.5;175;106;81;94;15;1.09;87.5;31.2;5166;9.7;0;CAPT034;Bonne
M001783;PAT0048;2024-02-01 08:51:00;2024-02-01;08:51:00;35.7;100;67;70;95;23;0.79;51.7;24.7;5973;8.8;1;CAPT008;Bonne
M001784;PAT0143;2024-01-03 08:40:00;2024-01-03;08:40:00;38.4;111;78;79;95;22;1.34;97.9;28.9;6980;6.8;1;CAPT031;Bonne
M001785;PAT0128;2024-05-07 16:12:00;2024-05-07;16:12:00;37;109;74;96;91;16;1.32;87;27;3182;3.4;3;CAPT018;Bonne
M001786;PAT0063;2024-02-03 04:44:00;2024-02-03;04:44:00;37.1;114;69;78;95;24;0.81;82.3;30.3;3801;6.7;9;CAPT042;Moyenne
M001787;PAT0172;2024-06-06 13:19:00;2024-06-06;13:19:00;36.1;116;80;68;95;24;1.17;58.3;25.1;5658;8;8;CAPT024;Bonne
M001788;PAT0185;2024-09-27 13:13:00;2024-09-27;13:13:00;35.9;109;83;63;99;18;1.21;97.8;22.3;6086;6.2;8;CAPT003;Bonne
M001789;PAT0100;2024-11-19 12:10:00;2024-11-19;12:10:00;36.9;128;76;109;94;22;0.9;86.3;30.9;4071;9.1;6;CAPT003;Bonne
M001790;PAT0048;2024-04-27 23:43:00;2024-04-27;23:43:00;37;119;71;93;99;20;0.98;74.9;21.2;5096;4.3;6;CAPT047;Bonne
M001791;PAT0006;2024-08-28 12:19:00;2024-08-28;12:19:00;37.1;151;100;76;95;19;1.17;60.4;22.9;6768;7;1;CAPT034;Bonne
M001792;PAT0130;2024-01-12 07:46:00;2024-01-12;07:46:00;35.9;141;61;56;96;18;1.34;58.3;29.9;244;6.6;4;CAPT018;Bonne
M001793;PAT0085;2024-03-09 14:39:00;2024-03-09;14:39:00;38.8;131;87;82;99;20;1.21;48.4;29.7;4611;3.3;9;CAPT044;Bonne
M001794;PAT0164;2024-05-29 07:13:00;2024-05-29;07:13:00;39.2;137;85;71;99;16;0.74;56.5;31;7826;5.5;6;CAPT034;Bonne
M001795;PAT0066;2024-12-28 03:25:00;2024-12-28;03:25:00;38.4;134;76;70;95;18;1.11;89.4;31.7;858;3.6;8;CAPT046;Mauvaise
M001796;PAT0154;2024-08-26 23:56:00;2024-08-26;23:56:00;38.6;124;85;68;99;20;1.02;74.9;28.3;5859;4.4;3;CAPT038;Bonne
M001797;PAT0024;2024-04-11 15:13:00;2024-04-11;15:13:00;36;131;77;68;95;12;2.65;80.4;35;4713;3.3;3;CAPT027;Moyenne
M001798;PAT0009;2024-02-12 19:48:00;2024-02-12;19:48:00;37.5;123;61;82;96;19;1.21;86.7;23.6;4288;5.7;0;CAPT030;Bonne
M001799;PAT0129;2024-10-09 23:55:00;2024-10-09;23:55:00;37.6;143;100;59;95;23;1.3;45.5;33.5;5526;4.5;1;CAPT002;Bonne
M001800;PAT0008;2024-06-20 13:07:00;2024-06-20;13:07:00;37.7;112;83;100;91;14;1.11;91.1;26.9;5648;3.1;4;CAPT045;Bonne
M001801;PAT0097;2024-11-22 22:31:00;2024-11-22;22:31:00;36.6;161;104;87;95;19;0.93;60.6;34.6;4407;3.8;7;CAPT047;Bonne
M001802;PAT0107;2024-11-13 21:13:00;2024-11-13;21:13:00;37.1;143;87;128;95;20;1.34;78.5;23.9;1172;9.2;8;CAPT005;Bonne
M001803;PAT0080;2024-03-04 16:40:00;2024-03-04;16:40:00;38.6;141;69;99;91;24;1.12;60.8;27.2;4559;4.6;0;CAPT026;Moyenne
M001804;PAT0136;2024-01-14 18:08:00;2024-01-14;18:08:00;38.5;125;80;108;92;16;1.03;67.4;20.9;5392;8.1;7;CAPT014;Mauvaise
M001805;PAT0156;2024-03-16 02:15:00;2024-03-16;02:15:00;37.3;140;67;99;94;14;1.12;63.4;25.1;1403;3.6;6;CAPT003;Bonne
M001806;PAT0179;2024-05-30 04:33:00;2024-05-30;04:33:00;37.6;171;109;60;95;13;1.22;96.7;18.7;570;5.6;8;CAPT002;Bonne
M001807;PAT0200;2024-05-01 15:59:00;2024-05-01;15:59:00;37.1;104;64;85;97;14;1.25;68.9;31.4;7517;3.3;5;CAPT045;Bonne
M001808;PAT0025;2024-03-06 13:49:00;2024-03-06;13:49:00;38.9;150;104;67;97;21;0.78;96.6;34;2093;9.1;1;CAPT004;Bonne
M001809;PAT0134;2024-07-03 12:25:00;2024-07-03;12:25:00;39;102;68;65;96;20;3.24;49.9;32.8;2517;3.2;9;CAPT010;Bonne
M001810;PAT0176;2024-06-13 23:13:00;2024-06-13;23:13:00;35.9;108;79;75;95;17;1.02;54.7;21.7;2204;9.3;8;CAPT023;Bonne
M001811;PAT0014;2024-09-17 17:11:00;2024-09-17;17:11:00;37.2;104;67;65;94;16;3.08;51;28.6;1129;6.4;0;CAPT049;Bonne
M001812;PAT0144;2024-03-14 19:13:00;2024-03-14;19:13:00;39.4;138;87;59;94;17;2.68;90.7;22.9;7129;9.7;4;CAPT008;Moyenne
M001813;PAT0062;2024-10-10 00:50:00;2024-10-10;00:50:00;37.6;110;69;93;95;23;0.91;69.6;21.3;7410;5.1;5;CAPT031;Bonne
M001814;PAT0171;2024-09-27 04:26:00;2024-09-27;04:26:00;35.7;104;70;79;96;14;1.34;57.9;24.4;5909;8.1;4;CAPT004;Moyenne
M001815;PAT0027;2024-08-19 22:44:00;2024-08-19;22:44:00;35.6;110;62;85;98;16;2.73;90.2;26.6;7111;10;3;CAPT038;Bonne
M001816;PAT0182;2024-05-28 09:36:00;2024-05-28;09:36:00;36.2;138;102;58;97;21;0.75;45.9;34.9;2696;9.9;9;CAPT038;Bonne
M001817;PAT0043;2024-11-02 22:36:00;2024-11-02;22:36:00;38;103;68;99;94;17;2.13;79.4;31;1140;7;2;CAPT025;Bonne
M001818;PAT0200;2024-10-09 20:38:00;2024-10-09;20:38:00;38.5;120;74;57;98;16;1.16;86;29.5;6641;8.3;8;CAPT030;Bonne
M001819;PAT0023;2024-05-31 04:34:00;2024-05-31;04:34:00;38.6;113;65;75;97;19;3.25;76.9;28.8;4001;7;7;CAPT010;Bonne
M001820;PAT0085;2024-05-30 00:49:00;2024-05-30;00:49:00;37.5;104;89;76;97;18;1.1;62;28.5;6278;9.8;1;CAPT013;Bonne
M001821;PAT0045;2024-02-25 05:53:00;2024-02-25;05:53:00;38.6;113;77;95;99;16;1.32;90.1;23;7626;4;7;CAPT028;Bonne
M001822;PAT0104;2024-01-29 13:39:00;2024-01-29;13:39:00;38.3;163;95;59;94;17;1.09;99.5;26;4959;5.8;3;CAPT008;Moyenne
M001823;PAT0118;2024-01-16 20:28:00;2024-01-16;20:28:00;36.2;121;61;106;91;20;1.23;56.9;27.5;6071;10;0;CAPT015;Bonne
M001824;PAT0134;2024-06-15 21:42:00;2024-06-15;21:42:00;37.9;117;78;72;98;19;2.6;64.9;22.1;3151;9.7;1;CAPT009;Bonne
M001825;PAT0169;2024-01-09 09:52:00;2024-01-09;09:52:00;35.5;115;76;61;97;13;1.33;64;24.9;2569;7.6;4;CAPT010;Bonne
M001826;PAT0178;2024-08-10 10:01:00;2024-08-10;10:01:00;37.7;118;72;98;96;17;1.1;91.7;20.5;7053;7.1;3;CAPT023;Bonne
M001827;PAT0140;2024-08-10 21:17:00;2024-08-10;21:17:00;35.9;117;88;89;97;17;1.17;75.3;27.7;1171;5.4;7;CAPT041;Bonne
M001828;PAT0019;2024-04-20 00:35:00;2024-04-20;00:35:00;37.4;153;108;58;94;13;1.35;68.4;29.4;2188;7.8;9;CAPT010;Moyenne
M001829;PAT0197;2024-09-27 10:36:00;2024-09-27;10:36:00;36.8;129;61;119;90;17;0.83;95.8;20;2903;8.9;0;CAPT050;Bonne
M001830;PAT0069;2024-03-17 07:37:00;2024-03-17;07:37:00;38.7;109;77;73;94;14;0.98;62.1;26.7;7895;7.4;8;CAPT003;Bonne
M001831;PAT0008;2024-03-25 15:48:00;2024-03-25;15:48:00;36.4;103;65;93;92;20;1.28;45.4;32.5;619;6;6;CAPT026;Bonne
M001832;PAT0100;2024-01-29 03:53:00;2024-01-29;03:53:00;39.4;136;88;100;94;22;0.74;66.3;21.4;3596;3.6;7;CAPT013;Bonne
M001833;PAT0157;2024-01-14 01:04:00;2024-01-14;01:04:00;37;117;78;98;97;13;0.93;48.1;29;6665;3.6;6;CAPT041;Bonne
M001834;PAT0156;2024-06-13 01:29:00;2024-06-13;01:29:00;37.1;143;73;69;95;13;0.75;54.7;28.7;4126;4.4;3;CAPT038;Bonne
M001835;PAT0114;2024-11-17 04:03:00;2024-11-17;04:03:00;38.4;134;82;96;94;17;2.68;57.1;22.8;2274;3.1;2;CAPT032;Bonne
M001836;PAT0113;2024-05-24 12:10:00;2024-05-24;12:10:00;35.7;119;82;57;96;24;1.01;96.9;33.1;2566;8.1;1;CAPT049;Mauvaise
M001837;PAT0106;2024-11-01 04:22:00;2024-11-01;04:22:00;35.6;127;75;96;97;24;2.74;88.9;30.7;3881;6.4;4;CAPT041;Bonne
M001838;PAT0122;2024-01-25 05:36:00;2024-01-25;05:36:00;38.3;110;82;65;94;13;1.35;78.1;31.1;7874;4.8;1;CAPT026;Bonne
M001839;PAT0135;2024-05-14 02:12:00;2024-05-14;02:12:00;36.3;114;70;65;97;23;1.17;70;19.5;5343;3.9;8;CAPT021;Bonne
M001840;PAT0092;2024-03-28 06:22:00;2024-03-28;06:22:00;39.2;124;70;73;97;12;1.2;67.1;25.9;954;9.5;4;CAPT030;Moyenne
M001841;PAT0003;2024-03-25 21:06:00;2024-03-25;21:06:00;35.8;133;63;56;95;24;1.67;54;24.5;1266;4.5;4;CAPT028;Bonne
M001842;PAT0061;2024-12-08 10:08:00;2024-12-08;10:08:00;37.4;110;89;84;95;13;3.1;75;34.6;6141;5.6;5;CAPT013;Bonne
M001843;PAT0056;2024-12-07 17:18:00;2024-12-07;17:18:00;36.7;109;81;71;99;22;1.01;77.6;30.3;4562;4.2;0;CAPT038;Bonne
M001844;PAT0083;2024-07-21 09:32:00;2024-07-21;09:32:00;35.7;131;85;90;97;21;0.73;90;25.3;5539;5;5;CAPT004;Moyenne
M001845;PAT0061;2024-12-15 08:53:00;2024-12-15;08:53:00;35.9;120;71;84;97;22;2.24;70.9;19.8;2233;4;8;CAPT030;Bonne
M001846;PAT0190;2024-12-07 16:10:00;2024-12-07;16:10:00;39.2;105;64;81;94;15;1.25;49.1;32.2;5880;7.5;8;CAPT032;Moyenne
M001847;PAT0151;2024-04-03 03:40:00;2024-04-03;03:40:00;36.3;107;74;69;98;14;2.43;73.6;34.6;1830;4.2;5;CAPT035;Bonne
M001848;PAT0088;2024-09-08 23:43:00;2024-09-08;23:43:00;37.9;162;101;96;96;22;1.21;57.9;25.2;334;8.8;9;CAPT035;Bonne
M001849;PAT0063;2024-09-20 05:34:00;2024-09-20;05:34:00;38.2;102;89;57;95;20;1.31;62.5;18.5;4714;4.6;3;CAPT049;Bonne
M001850;PAT0116;2024-01-12 15:50:00;2024-01-12;15:50:00;38.3;121;77;104;94;21;1.37;75;28.8;3732;5.8;6;CAPT008;Bonne
M001851;PAT0117;2024-02-01 12:55:00;2024-02-01;12:55:00;39.3;128;69;67;95;18;2.3;58;24.9;990;8.5;3;CAPT010;Mauvaise
M001852;PAT0004;2024-01-02 12:34:00;2024-01-02;12:34:00;36.1;102;80;56;97;12;0.96;81.2;20.9;6734;4.6;8;CAPT023;Bonne
M001853;PAT0084;2024-02-14 12:43:00;2024-02-14;12:43:00;39;106;78;98;94;18;1.17;65.1;31.2;6866;6.8;9;CAPT029;Moyenne
M001854;PAT0027;2024-07-26 18:09:00;2024-07-26;18:09:00;38.4;121;72;82;99;17;2.78;73.8;31.1;5917;4.2;3;CAPT037;Bonne
M001855;PAT0036;2024-07-22 14:48:00;2024-07-22;14:48:00;37.9;137;86;96;97;24;0.93;47.2;28;5239;8.4;8;CAPT018;Bonne
M001856;PAT0061;2024-11-07 17:18:00;2024-11-07;17:18:00;38.6;140;84;98;98;12;2.19;92.7;34.2;3957;3.9;7;CAPT003;Moyenne
M001857;PAT0085;2024-11-05 22:46:00;2024-11-05;22:46:00;36.4;144;88;86;94;16;1.26;91.3;25.4;3281;8;9;CAPT046;Bonne
M001858;PAT0178;2024-05-29 20:08:00;2024-05-29;20:08:00;36.7;135;60;77;98;13;0.88;78.3;32.4;7959;7.3;0;CAPT036;Moyenne
M001859;PAT0162;2024-02-13 09:22:00;2024-02-13;09:22:00;37.3;151;90;76;98;13;0.75;75;25.8;4593;8.7;8;CAPT003;Bonne
M001860;PAT0178;2024-02-16 11:59:00;2024-02-16;11:59:00;36.2;137;61;81;94;16;1.16;94.2;24.8;2499;5.7;2;CAPT013;Mauvaise
M001861;PAT0139;2024-12-02 05:01:00;2024-12-02;05:01:00;39.2;168;98;69;97;13;1.24;69.9;24.5;6563;3.5;2;CAPT040;Bonne
M001862;PAT0017;2024-12-05 14:31:00;2024-12-05;14:31:00;37.9;129;72;81;97;14;1.2;72.1;27.2;5326;9;7;CAPT037;Bonne
M001863;PAT0112;2024-03-19 04:20:00;2024-03-19;04:20:00;37.6;122;81;90;98;19;1.05;55.8;34.9;3330;3.3;1;CAPT042;Bonne
M001864;PAT0137;2024-09-25 00:25:00;2024-09-25;00:25:00;38.1;122;67;99;94;23;0.92;82.5;31.5;3324;5.6;2;CAPT045;Bonne
M001865;PAT0069;2024-12-05 11:48:00;2024-12-05;11:48:00;39.5;123;79;62;98;14;1.32;66;28.5;4670;7.8;3;CAPT037;Bonne
M001866;PAT0010;2024-03-04 05:17:00;2024-03-04;05:17:00;39.1;119;83;60;94;17;1.27;54.7;30.7;4578;9;2;CAPT018;Bonne
M001867;PAT0065;2024-09-25 12:29:00;2024-09-25;12:29:00;37.9;162;94;87;96;21;0.83;55.8;24;5408;8.7;3;CAPT019;Mauvaise
M001868;PAT0048;2024-11-20 04:43:00;2024-11-20;04:43:00;37.6;111;84;98;98;19;1.15;76.7;22.6;7595;5.7;8;CAPT015;Bonne
M001869;PAT0050;2024-10-20 03:21:00;2024-10-20;03:21:00;37.1;131;72;91;97;16;1.08;59.3;29.6;5835;9.4;2;CAPT012;Bonne
M001870;PAT0137;2024-09-04 05:58:00;2024-09-04;05:58:00;39.3;120;70;60;94;12;1.23;66.4;34.5;1099;4.2;9;CAPT038;Bonne
M001871;PAT0057;2024-04-23 10:33:00;2024-04-23;10:33:00;37.9;100;81;88;96;14;1.31;82.8;19.7;4521;9;5;CAPT033;Bonne
M001872;PAT0028;2024-07-19 11:23:00;2024-07-19;11:23:00;35.6;119;80;56;95;21;1.09;80.5;26.8;4919;9.7;9;CAPT036;Moyenne
M001873;PAT0084;2024-06-13 15:49:00;2024-06-13;15:49:00;38.2;105;82;82;94;16;0.71;90.4;21.8;1078;4.4;0;CAPT041;Bonne
M001874;PAT0160;2024-12-11 16:52:00;2024-12-11;16:52:00;37.8;143;78;76;94;16;0.78;95.9;19.9;3343;6.4;3;CAPT031;Moyenne
M001875;PAT0043;2024-09-24 22:21:00;2024-09-24;22:21:00;37.8;118;75;86;98;22;1.31;59.8;18.6;7068;8.9;1;CAPT014;Bonne
M001876;PAT0101;2024-06-15 09:29:00;2024-06-15;09:29:00;35.9;135;75;77;99;23;0.92;90.5;21.4;3010;4.5;9;CAPT012;Bonne
M001877;PAT0094;2024-04-19 13:30:00;2024-04-19;13:30:00;38.4;121;73;106;92;14;1.13;97.3;19.7;7279;8.6;9;CAPT029;Moyenne
M001878;PAT0082;2024-11-13 08:54:00;2024-11-13;08:54:00;36.1;158;107;66;95;21;0.73;92.5;31.6;7465;5;3;CAPT050;Bonne
M001879;PAT0023;2024-06-30 05:29:00;2024-06-30;05:29:00;37;110;81;70;98;20;1.28;74.1;35;238;7.9;2;CAPT034;Bonne
M001880;PAT0122;2024-11-05 23:53:00;2024-11-05;23:53:00;36;135;80;93;99;21;1.09;71.3;22.6;3079;3.9;7;CAPT033;Mauvaise
M001881;PAT0135;2024-06-27 12:10:00;2024-06-27;12:10:00;39.1;129;85;76;94;21;1.09;96.4;27.5;6137;9.4;3;CAPT050;Bonne
M001882;PAT0110;2024-06-15 18:32:00;2024-06-15;18:32:00;37.2;100;87;60;97;16;0.99;86.5;27.2;1226;5;4;CAPT011;Bonne
M001883;PAT0036;2024-06-21 16:21:00;2024-06-21;16:21:00;39.4;117;79;82;98;16;1.04;94.1;22.8;4381;7.4;0;CAPT047;Moyenne
M001884;PAT0151;2024-07-05 10:50:00;2024-07-05;10:50:00;38.4;104;65;81;94;24;2.17;78.8;21;1918;3.9;5;CAPT040;Bonne
M001885;PAT0031;2024-12-20 13:21:00;2024-12-20;13:21:00;35.6;119;77;88;98;18;1.38;96.3;18.1;364;3.3;0;CAPT010;Bonne
M001886;PAT0079;2024-04-27 18:41:00;2024-04-27;18:41:00;39;120;77;94;99;14;2.06;49;22;7952;7.5;1;CAPT008;Bonne
M001887;PAT0084;2024-02-05 06:00:00;2024-02-05;06:00:00;36.8;122;65;82;99;21;1.31;71.4;26.9;7852;7.4;7;CAPT028;Mauvaise
M001888;PAT0143;2024-12-15 03:18:00;2024-12-15;03:18:00;36.7;128;82;86;95;22;1.22;91.8;26.9;176;5.7;0;CAPT038;Bonne
M001889;PAT0159;2024-09-08 04:31:00;2024-09-08;04:31:00;39.4;144;62;91;96;17;1.4;83;33.9;1617;6;2;CAPT041;Bonne
M001890;PAT0113;2024-05-29 20:26:00;2024-05-29;20:26:00;36.1;104;68;82;96;23;1.2;45.4;24.2;5082;6.6;5;CAPT048;Bonne
M001891;PAT0181;2024-07-07 09:13:00;2024-07-07;09:13:00;39.3;120;86;60;99;12;0.82;48.8;21.7;5834;8.7;8;CAPT046;Moyenne
M001892;PAT0140;2024-02-24 23:08:00;2024-02-24;23:08:00;36.3;138;66;84;98;12;1.27;48.5;21.4;4312;4;8;CAPT042;Bonne
M001893;PAT0002;2024-11-15 02:03:00;2024-11-15;02:03:00;37;129;78;62;94;14;1.14;45.4;19.5;4587;4.7;6;CAPT017;Bonne
M001894;PAT0126;2024-10-10 14:22:00;2024-10-10;14:22:00;35.6;135;82;98;96;24;0.81;54.1;26;3661;6.6;4;CAPT006;Mauvaise
M001895;PAT0171;2024-04-02 11:30:00;2024-04-02;11:30:00;37.4;129;66;67;95;23;1.02;59.3;34.5;6598;6.9;6;CAPT018;Bonne
M001896;PAT0124;2024-03-20 18:02:00;2024-03-20;18:02:00;36.8;144;88;89;97;14;1.51;79;26.7;6662;8.4;1;CAPT043;Bonne
M001897;PAT0190;2024-12-02 17:15:00;2024-12-02;17:15:00;38.4;119;65;94;95;21;1.02;66.6;27.3;6566;4.3;3;CAPT029;Bonne
M001898;PAT0031;2024-03-30 02:29:00;2024-03-30;02:29:00;38.2;114;79;76;96;17;1.15;55.9;31.4;2612;8.1;4;CAPT037;Bonne
M001899;PAT0168;2024-04-05 00:20:00;2024-04-05;00:20:00;36.2;142;77;77;98;20;1.11;53.5;34.2;7304;9.4;0;CAPT014;Bonne
M001900;PAT0190;2024-03-28 03:46:00;2024-03-28;03:46:00;37.2;100;61;58;99;15;0.99;63;32.5;2945;3.5;7;CAPT020;Bonne
M001901;PAT0061;2024-03-14 07:57:00;2024-03-14;07:57:00;36.2;113;79;79;95;12;2.47;80.9;29.9;7815;4.7;4;CAPT037;Moyenne
M001902;PAT0139;2024-10-11 09:17:00;2024-10-11;09:17:00;37.2;142;89;70;95;22;0.84;71.9;29;7271;8.2;8;CAPT032;Moyenne
M001903;PAT0057;2024-07-20 09:15:00;2024-07-20;09:15:00;39.3;114;80;81;94;19;0.81;76.4;22.4;6977;4.8;0;CAPT050;Bonne
M001904;PAT0128;2024-02-29 05:57:00;2024-02-29;05:57:00;37.3;136;68;123;89;14;1.13;90.4;32.6;950;6.1;2;CAPT012;Moyenne
M001905;PAT0147;2024-02-05 05:03:00;2024-02-05;05:03:00;36.8;113;73;127;90;12;0.82;81.7;28.1;6141;8.3;3;CAPT032;Moyenne
M001906;PAT0185;2024-09-08 22:57:00;2024-09-08;22:57:00;38.8;116;87;80;95;22;0.78;52.6;34.2;4113;9.6;9;CAPT034;Moyenne
M001907;PAT0063;2024-01-15 21:48:00;2024-01-15;21:48:00;39.4;111;81;70;97;22;0.79;52.4;24.2;211;8.1;2;CAPT047;Mauvaise
M001908;PAT0014;2024-03-29 01:56:00;2024-03-29;01:56:00;35.7;102;71;84;94;16;2.46;86.9;26.3;7612;8.7;5;CAPT044;Moyenne
M001909;PAT0120;2024-09-16 18:28:00;2024-09-16;18:28:00;36.9;176;101;58;96;22;1.06;56.6;30.6;4551;7.9;6;CAPT024;Bonne
M001910;PAT0171;2024-04-04 07:40:00;2024-04-04;07:40:00;37.6;130;66;62;99;21;1.06;95.8;31.6;3318;9.5;9;CAPT050;Bonne
M001911;PAT0011;2024-05-22 09:15:00;2024-05-22;09:15:00;39.2;142;81;57;96;17;0.84;80.5;31.8;1184;9;0;CAPT037;Bonne
M001912;PAT0083;2024-02-04 11:53:00;2024-02-04;11:53:00;39;125;67;70;99;21;0.78;97.5;32.8;6441;7;4;CAPT006;Bonne
M001913;PAT0006;2024-11-25 18:10:00;2024-11-25;18:10:00;38.6;146;104;68;99;14;1.25;85.1;28;3356;5.4;3;CAPT002;Moyenne
M001914;PAT0024;2024-09-01 08:41:00;2024-09-01;08:41:00;39;101;61;71;95;13;1.9;73.1;19;4885;8.8;2;CAPT001;Moyenne
M001915;PAT0148;2024-08-28 02:13:00;2024-08-28;02:13:00;38.2;135;108;90;94;15;0.99;72.5;28.3;4861;3.8;1;CAPT026;Bonne
M001916;PAT0013;2024-03-18 03:13:00;2024-03-18;03:13:00;36.1;111;69;85;98;24;1.14;92.7;33.7;3069;9.7;5;CAPT027;Bonne
M001917;PAT0120;2024-03-12 01:07:00;2024-03-12;01:07:00;37.9;157;99;80;96;18;1.23;86;19.5;6291;3.8;7;CAPT026;Bonne
M001918;PAT0027;2024-04-02 01:07:00;2024-04-02;01:07:00;38;107;77;95;99;22;1.5;46.8;20.3;6115;5.4;4;CAPT048;Bonne
M001919;PAT0136;2024-05-07 06:59:00;2024-05-07;06:59:00;38;138;89;98;94;20;1.23;85.1;18.6;7123;7;9;CAPT028;Bonne
M001920;PAT0098;2024-10-01 00:42:00;2024-10-01;00:42:00;36.2;103;65;78;99;20;0.94;80.8;29.3;2240;5.1;0;CAPT034;Bonne
M001921;PAT0027;2024-05-24 05:06:00;2024-05-24;05:06:00;35.9;126;66;63;96;14;1.54;46.2;27.5;7545;5.8;4;CAPT034;Bonne
M001922;PAT0036;2024-01-05 18:42:00;2024-01-05;18:42:00;36.8;120;69;87;99;22;1.35;52.4;28.1;307;5.6;5;CAPT002;Moyenne
M001923;PAT0152;2024-07-06 11:46:00;2024-07-06;11:46:00;37;174;85;58;96;15;0.84;88.5;31.8;7068;8.2;4;CAPT001;Bonne
M001924;PAT0055;2024-10-18 19:22:00;2024-10-18;19:22:00;36;119;68;77;98;13;1.2;83.2;26.4;1648;3.1;8;CAPT007;Bonne
M001925;PAT0059;2024-03-01 04:17:00;2024-03-01;04:17:00;36.3;114;61;74;99;16;1.38;96.4;27.3;7743;6.8;5;CAPT025;Bonne
M001926;PAT0079;2024-03-07 06:54:00;2024-03-07;06:54:00;35.6;133;66;57;94;19;2.95;96.8;33.1;7319;8.4;2;CAPT002;Moyenne
M001927;PAT0037;2024-01-28 13:07:00;2024-01-28;13:07:00;36.9;124;83;57;98;13;1.39;53.9;21.9;1820;6.5;9;CAPT004;Bonne
M001928;PAT0043;2024-02-01 14:46:00;2024-02-01;14:46:00;38.4;138;68;91;97;19;2.58;49.7;25.2;2957;7.1;3;CAPT027;Bonne
M001929;PAT0059;2024-05-24 16:41:00;2024-05-24;16:41:00;39.3;127;73;98;95;24;0.79;50.9;23.4;4830;9.7;0;CAPT011;Bonne
M001930;PAT0176;2024-01-04 07:44:00;2024-01-04;07:44:00;38.3;127;84;86;94;23;1.14;60.7;22.2;6393;3.9;0;CAPT040;Bonne
M001931;PAT0093;2024-07-26 15:36:00;2024-07-26;15:36:00;39.2;112;82;64;99;22;3.29;80.2;24.3;4089;9.3;3;CAPT020;Bonne
M001932;PAT0160;2024-08-14 18:43:00;2024-08-14;18:43:00;38.6;140;74;67;95;15;0.75;64.1;22.8;2807;8.9;0;CAPT016;Moyenne
M001933;PAT0065;2024-02-24 04:53:00;2024-02-24;04:53:00;38.7;172;97;71;97;23;1.04;70.4;18;6158;3.3;4;CAPT004;Bonne
M001934;PAT0197;2024-09-20 03:02:00;2024-09-20;03:02:00;36.3;130;63;124;89;15;0.78;89.3;30.5;3546;5.9;9;CAPT015;Bonne
M001935;PAT0026;2024-05-21 02:31:00;2024-05-21;02:31:00;36.1;119;88;83;94;13;1.01;73.4;27.3;5652;6.6;9;CAPT047;Bonne
M001936;PAT0172;2024-02-24 04:37:00;2024-02-24;04:37:00;35.6;129;88;87;95;17;0.96;84.6;34.6;3391;7.9;4;CAPT030;Bonne
M001937;PAT0022;2024-01-22 13:28:00;2024-01-22;13:28:00;35.9;177;104;69;97;17;0.84;48;30.1;2773;5.3;9;CAPT004;Moyenne
M001938;PAT0074;2024-09-28 08:31:00;2024-09-28;08:31:00;36.7;132;85;95;96;18;0.95;89.1;21;6422;7.9;6;CAPT002;Bonne
M001939;PAT0005;2024-04-03 11:34:00;2024-04-03;11:34:00;38.9;137;82;118;91;23;1.1;82.2;25.6;2882;7.9;6;CAPT039;Moyenne
M001940;PAT0065;2024-04-14 03:35:00;2024-04-14;03:35:00;35.5;163;107;91;94;21;1.05;55.9;29.4;2275;9.1;6;CAPT013;Bonne
M001941;PAT0156;2024-08-13 08:53:00;2024-08-13;08:53:00;37.2;130;61;55;95;21;0.98;66.6;32;445;3.6;7;CAPT038;Bonne
M001942;PAT0017;2024-03-11 22:54:00;2024-03-11;22:54:00;37.4;114;75;71;97;21;1.07;46.8;34.7;7699;5.8;5;CAPT028;Mauvaise
M001943;PAT0026;2024-06-18 20:37:00;2024-06-18;20:37:00;35.6;133;88;86;96;17;0.92;48.7;20;7657;6.1;3;CAPT032;Bonne
M001944;PAT0171;2024-05-09 01:01:00;2024-05-09;01:01:00;38.5;138;79;78;95;20;1.03;59.4;22;6947;8.4;6;CAPT036;Moyenne
M001945;PAT0018;2024-10-15 22:54:00;2024-10-15;22:54:00;38.3;111;60;79;98;14;1.27;83.3;27.8;5315;5.2;5;CAPT043;Moyenne
M001946;PAT0182;2024-03-29 01:16:00;2024-03-29;01:16:00;37.9;173;108;93;94;24;0.75;72.6;31.7;6387;5.1;6;CAPT039;Bonne
M001947;PAT0128;2024-07-21 19:33:00;2024-07-21;19:33:00;39.5;136;77;109;95;16;1.35;80.1;29;1720;4.4;8;CAPT038;Bonne
M001948;PAT0113;2024-07-31 12:38:00;2024-07-31;12:38:00;37.7;130;81;60;97;22;1.18;61.1;25;2908;5.7;9;CAPT007;Bonne
M001949;PAT0039;2024-05-26 01:31:00;2024-05-26;01:31:00;37.4;143;82;69;98;21;0.85;59.6;22;990;4.2;6;CAPT021;Moyenne
M001950;PAT0112;2024-12-18 16:42:00;2024-12-18;16:42:00;37.9;118;66;57;99;14;0.83;60.9;27.7;4857;3.8;8;CAPT040;Mauvaise
M001951;PAT0115;2024-02-04 22:52:00;2024-02-04;22:52:00;39.1;113;62;82;95;21;1.26;54.1;25.3;2726;9.9;4;CAPT043;Bonne
M001952;PAT0036;2024-08-27 01:32:00;2024-08-27;01:32:00;37.3;113;88;90;96;19;0.72;94.7;32.4;5543;3.7;4;CAPT027;Moyenne
M001953;PAT0015;2024-12-04 21:42:00;2024-12-04;21:42:00;35.6;107;74;59;97;15;1.29;89.2;28.7;3658;3.7;1;CAPT035;Bonne
M001954;PAT0022;2024-12-16 22:48:00;2024-12-16;22:48:00;38;164;99;60;98;19;0.86;73.2;26.6;6856;10;1;CAPT038;Moyenne
M001955;PAT0115;2024-02-27 02:28:00;2024-02-27;02:28:00;39.4;135;86;63;98;14;1.33;85.2;27.1;4693;7.4;2;CAPT019;Bonne
M001956;PAT0170;2024-02-06 17:59:00;2024-02-06;17:59:00;37.1;169;90;82;95;16;1.06;59.3;27.1;5821;4.1;8;CAPT008;Bonne
M001957;PAT0116;2024-07-01 16:32:00;2024-07-01;16:32:00;38.4;121;83;128;95;17;1.36;57.8;34.7;3997;9.8;1;CAPT024;Bonne
M001958;PAT0113;2024-10-03 05:03:00;2024-10-03;05:03:00;38.7;122;67;87;94;15;1.35;59.3;18.8;4759;6.3;9;CAPT031;Bonne
M001959;PAT0171;2024-04-02 06:24:00;2024-04-02;06:24:00;37.8;112;69;77;95;12;0.77;61.5;24.9;1699;8.4;1;CAPT043;Bonne
M001960;PAT0022;2024-09-18 15:43:00;2024-09-18;15:43:00;38.8;150;107;65;99;12;1.35;59.9;20.8;3773;7.7;8;CAPT036;Bonne
M001961;PAT0130;2024-07-19 18:42:00;2024-07-19;18:42:00;39.2;144;85;71;94;19;0.81;71.2;28.8;2165;4.9;7;CAPT038;Bonne
M001962;PAT0091;2024-03-01 08:57:00;2024-03-01;08:57:00;38.7;142;73;78;95;18;0.86;88.5;25.2;2918;5.5;9;CAPT003;Bonne
M001963;PAT0127;2024-11-24 07:11:00;2024-11-24;07:11:00;37.5;109;78;99;95;24;3.27;82.1;31.7;6083;6.9;4;CAPT015;Bonne
M001964;PAT0086;2024-06-30 03:49:00;2024-06-30;03:49:00;39.2;130;76;64;96;16;1.21;77;32.6;1256;7.6;4;CAPT042;Moyenne
M001965;PAT0102;2024-11-23 01:56:00;2024-11-23;01:56:00;37.9;140;73;99;97;21;0.83;68.2;28.9;613;8.8;2;CAPT025;Bonne
M001966;PAT0099;2024-05-15 19:27:00;2024-05-15;19:27:00;35.6;116;78;92;92;12;1.08;69.9;23.3;6348;3.5;8;CAPT001;Moyenne
M001967;PAT0040;2024-02-22 12:09:00;2024-02-22;12:09:00;36.1;116;75;88;99;17;1.09;96.3;27.9;4086;4.7;0;CAPT041;Bonne
M001968;PAT0105;2024-10-06 04:00:00;2024-10-06;04:00:00;37.5;174;109;56;95;21;0.89;76.6;31.4;7518;4.6;8;CAPT035;Moyenne
M001969;PAT0103;2024-09-13 07:39:00;2024-09-13;07:39:00;35.7;120;88;114;93;21;1.07;69;34.7;2219;5.8;8;CAPT010;Bonne
M001970;PAT0193;2024-11-04 18:04:00;2024-11-04;18:04:00;37.2;143;85;126;95;16;1.07;79.3;19.1;2379;5.1;7;CAPT014;Mauvaise
M001971;PAT0029;2024-05-07 11:42:00;2024-05-07;11:42:00;38.5;108;82;93;98;14;1.11;78;31.9;5267;10;6;CAPT014;Mauvaise
M001972;PAT0183;2024-04-29 06:30:00;2024-04-29;06:30:00;38.4;129;80;98;96;12;0.99;94.2;23.8;3526;9.9;5;CAPT003;Bonne
M001973;PAT0066;2024-09-18 03:25:00;2024-09-18;03:25:00;36.8;122;74;84;95;24;0.92;90.7;18.4;507;4.2;3;CAPT018;Mauvaise
M001974;PAT0193;2024-03-15 08:07:00;2024-03-15;08:07:00;38;122;60;123;89;15;0.91;68.6;29.1;5858;9.1;0;CAPT045;Bonne
M001975;PAT0075;2024-10-17 13:25:00;2024-10-17;13:25:00;38.9;133;75;65;94;24;1.83;70.9;30.6;7264;9.3;8;CAPT048;Bonne
M001976;PAT0017;2024-03-05 22:16:00;2024-03-05;22:16:00;37.9;133;80;83;98;15;1.24;76.5;27.3;3787;3.3;9;CAPT035;Moyenne
M001977;PAT0187;2024-07-24 14:53:00;2024-07-24;14:53:00;37.7;127;62;74;95;15;0.7;50.3;19.4;5905;4.9;4;CAPT034;Bonne
M001978;PAT0027;2024-06-16 19:11:00;2024-06-16;19:11:00;39.2;126;86;96;94;17;3.01;79.5;34.1;7690;6.8;1;CAPT040;Bonne
M001979;PAT0170;2024-05-07 22:37:00;2024-05-07;22:37:00;37.1;155;105;72;98;14;1.08;79;25.5;4355;9.5;1;CAPT025;Moyenne
M001980;PAT0146;2024-02-16 10:21:00;2024-02-16;10:21:00;37.9;159;108;67;99;22;0.92;98.8;31.7;6075;3.3;2;CAPT008;Bonne
M001981;PAT0158;2024-11-02 21:11:00;2024-11-02;21:11:00;35.7;172;103;55;94;16;0.79;82.8;26.1;7765;5.5;1;CAPT045;Bonne
M001982;PAT0098;2024-01-23 11:07:00;2024-01-23;11:07:00;35.8;138;76;58;97;24;1.32;49.3;29.6;2847;3.4;3;CAPT039;Moyenne
M001983;PAT0138;2024-10-11 12:13:00;2024-10-11;12:13:00;37.2;132;66;63;94;13;1.23;58.7;34.6;1333;7.5;5;CAPT007;Mauvaise
M001984;PAT0132;2024-06-16 11:38:00;2024-06-16;11:38:00;35.7;103;72;77;99;22;2.53;71.7;18.8;1772;7.2;2;CAPT042;Bonne
M001985;PAT0147;2024-03-10 09:33:00;2024-03-10;09:33:00;39.4;124;75;124;88;13;0.91;58.8;18.8;7322;9.4;0;CAPT025;Bonne
M001986;PAT0175;2024-10-12 19:27:00;2024-10-12;19:27:00;37.2;150;99;96;99;13;1.31;67.6;23.6;6447;6.1;2;CAPT011;Mauvaise
M001987;PAT0004;2024-06-08 10:27:00;2024-06-08;10:27:00;39;109;89;59;97;16;1.27;72;25.5;6553;6.8;5;CAPT002;Bonne
M001988;PAT0147;2024-06-06 10:14:00;2024-06-06;10:14:00;36.3;112;68;109;95;23;1.02;72.9;28.3;4715;6;8;CAPT016;Bonne
M001989;PAT0095;2024-07-26 12:50:00;2024-07-26;12:50:00;36;143;60;74;97;23;0.88;79.8;31.1;6472;5.4;0;CAPT019;Bonne
M001990;PAT0014;2024-11-19 10:38:00;2024-11-19;10:38:00;37.9;113;78;61;96;14;1.45;57.6;18.9;7008;7.9;9;CAPT044;Bonne
M001991;PAT0109;2024-04-05 03:11:00;2024-04-05;03:11:00;36.1;103;76;71;97;19;0.81;55;31;6614;6.2;7;CAPT031;Moyenne
M001992;PAT0178;2024-06-08 12:08:00;2024-06-08;12:08:00;38.6;137;88;73;96;24;1.16;78.7;24.6;4087;3.7;3;CAPT012;Moyenne
M001993;PAT0072;2024-02-21 02:23:00;2024-02-21;02:23:00;39.1;105;86;77;99;23;1.2;91.8;31.9;7087;4.8;3;CAPT034;Bonne
M001994;PAT0164;2024-01-31 00:48:00;2024-01-31;00:48:00;39.1;136;97;94;94;16;0.97;74.5;19.8;3742;7.1;3;CAPT026;Bonne
M001995;PAT0124;2024-10-13 04:12:00;2024-10-13;04:12:00;39;137;86;90;98;24;2.84;54.5;28.1;164;9.6;9;CAPT029;Bonne
M001996;PAT0004;2024-05-19 14:08:00;2024-05-19;14:08:00;39.5;138;81;93;95;13;1.35;67.5;22.5;5117;4.1;9;CAPT028;Mauvaise
M001997;PAT0020;2024-02-26 05:03:00;2024-02-26;05:03:00;36.3;109;66;84;95;18;0.8;58.8;30.5;4614;9.2;4;CAPT022;Moyenne
M001998;PAT0059;2024-12-22 18:46:00;2024-12-22;18:46:00;37;117;72;79;95;12;1;86.4;18.8;1637;6.9;8;CAPT041;Mauvaise
M001999;PAT0044;2024-05-15 16:11:00;2024-05-15;16:11:00;36.7;139;78;109;94;14;0.96;51.8;27.5;3205;8.3;8;CAPT033;Mauvaise
M002000;PAT0084;2024-07-04 08:03:00;2024-07-04;08:03:00;35.6;130;75;86;98;21;1.32;97;22.3;1715;7.6;1;CAPT019;Bonne
M002001;PAT0167;2024-03-15 06:54:00;2024-03-15;06:54:00;39;174;98;82;96;17;1.03;51.1;34.1;7485;4.1;7;CAPT046;Bonne
M002002;PAT0115;2024-10-02 19:48:00;2024-10-02;19:48:00;38.4;100;84;56;99;24;0.9;98.7;29.6;1184;7.3;7;CAPT006;Bonne
M002003;PAT0116;2024-07-22 06:15:00;2024-07-22;06:15:00;38.2;103;83;112;92;13;1.01;80.5;29.5;916;4.2;9;CAPT011;Mauvaise
M002004;PAT0008;2024-10-11 17:24:00;2024-10-11;17:24:00;38.2;102;76;126;89;19;0.83;90.1;33.3;5912;5.5;6;CAPT001;Mauvaise
M002005;PAT0168;2024-02-04 19:50:00;2024-02-04;19:50:00;37;100;60;69;94;13;1.08;58.6;18.7;3792;5.3;3;CAPT041;Bonne
M002006;PAT0050;2024-11-07 07:20:00;2024-11-07;07:20:00;38.4;143;63;67;97;18;0.72;72.7;20.5;5677;7.4;8;CAPT015;Bonne
M002007;PAT0085;2024-06-05 00:02:00;2024-06-05;00:02:00;38.9;132;79;58;94;17;1.29;92.5;31.4;3177;8.2;1;CAPT033;Bonne
M002008;PAT0018;2024-07-21 14:30:00;2024-07-21;14:30:00;37.5;123;74;89;94;18;1.2;73.3;19.1;3720;6;0;CAPT012;Bonne
M002009;PAT0072;2024-12-09 11:16:00;2024-12-09;11:16:00;36.5;112;62;58;97;22;0.88;47.9;27;1499;8.7;6;CAPT024;Bonne
M002010;PAT0177;2024-11-04 19:13:00;2024-11-04;19:13:00;37.3;123;70;64;98;24;0.75;88.1;19.8;3708;7.5;9;CAPT042;Moyenne
M002011;PAT0194;2024-12-08 10:15:00;2024-12-08;10:15:00;38.1;118;71;76;98;19;1.34;51.8;27.1;7325;9.7;4;CAPT033;Moyenne
M002012;PAT0170;2024-10-02 23:24:00;2024-10-02;23:24:00;38.7;171;100;72;97;22;0.88;76.2;25.2;3034;7.1;4;CAPT033;Mauvaise
M002013;PAT0199;2024-12-19 19:03:00;2024-12-19;19:03:00;36.7;111;82;88;99;24;0.81;99.2;26.2;4965;7.9;6;CAPT031;Bonne
M002014;PAT0027;2024-08-18 21:08:00;2024-08-18;21:08:00;36.5;103;89;84;98;21;1.83;57.8;31.8;6654;9;0;CAPT039;Bonne
M002015;PAT0139;2024-07-14 22:16:00;2024-07-14;22:16:00;36.2;142;107;78;95;14;1.22;52.3;21.5;6360;6.9;0;CAPT015;Moyenne
M002016;PAT0152;2024-09-23 07:15:00;2024-09-23;07:15:00;37.8;158;91;67;99;22;1.01;50.7;34.6;5444;9.9;3;CAPT043;Bonne
M002017;PAT0141;2024-07-19 05:56:00;2024-07-19;05:56:00;37.8;144;69;80;99;23;1.05;99.1;26.8;2335;6.6;0;CAPT004;Bonne
M002018;PAT0183;2024-04-18 05:09:00;2024-04-18;05:09:00;36;119;66;95;96;24;1.1;89.9;18.3;3085;4.6;7;CAPT001;Moyenne
M002019;PAT0005;2024-09-24 12:29:00;2024-09-24;12:29:00;37.2;117;75;118;90;14;0.74;51.3;33.5;5684;6.6;1;CAPT041;Moyenne
M002020;PAT0153;2024-10-12 21:30:00;2024-10-12;21:30:00;38.4;104;69;83;95;23;1.17;51.7;27.3;2394;8.7;4;CAPT013;Moyenne
M002021;PAT0096;2024-02-17 09:03:00;2024-02-17;09:03:00;39.2;157;85;58;96;16;0.97;57.9;27.4;1623;9.5;7;CAPT042;Bonne
M002022;PAT0063;2024-02-13 18:32:00;2024-02-13;18:32:00;38.5;109;76;56;94;15;1.15;88.2;22.7;4274;8.5;0;CAPT050;Moyenne
M002023;PAT0141;2024-04-09 10:19:00;2024-04-09;10:19:00;37.1;105;68;59;97;24;1.15;99;23.4;7252;7.7;8;CAPT007;Bonne
M002024;PAT0009;2024-01-09 14:53:00;2024-01-09;14:53:00;38.5;107;79;81;99;16;0.7;95.4;18.1;6716;8.7;6;CAPT018;Bonne
M002025;PAT0085;2024-10-28 12:28:00;2024-10-28;12:28:00;38.8;104;68;61;97;15;1.37;63.2;33.3;7910;3.3;4;CAPT028;Bonne
M002026;PAT0172;2024-05-17 02:04:00;2024-05-17;02:04:00;35.6;114;61;67;99;18;0.97;80.6;33.6;359;5.1;5;CAPT006;Moyenne
M002027;PAT0182;2024-04-25 09:00:00;2024-04-25;09:00:00;38.7;173;102;84;99;20;0.76;74.8;19.7;3227;7.3;5;CAPT038;Moyenne
M002028;PAT0069;2024-08-28 01:33:00;2024-08-28;01:33:00;38;102;64;55;95;14;1.24;65.2;27.5;6311;4.4;8;CAPT027;Bonne
M002029;PAT0141;2024-10-10 04:24:00;2024-10-10;04:24:00;37.6;141;61;59;96;24;0.84;76.2;28.6;5290;4.1;0;CAPT039;Bonne
M002030;PAT0118;2024-09-27 07:34:00;2024-09-27;07:34:00;37.2;114;85;107;95;20;1.25;75.5;33.3;7168;7;8;CAPT031;Bonne
M002031;PAT0136;2024-12-04 20:31:00;2024-12-04;20:31:00;38.6;142;72;91;93;17;1.4;49;18.5;551;8.6;1;CAPT028;Bonne
M002032;PAT0047;2024-02-09 18:29:00;2024-02-09;18:29:00;39.1;163;96;65;99;14;0.95;46.3;28.1;3597;3.9;1;CAPT006;Bonne
M002033;PAT0034;2024-12-25 11:29:00;2024-12-25;11:29:00;38.9;110;81;57;95;12;1;79.7;27.8;5373;8.8;7;CAPT012;Moyenne
M002034;PAT0098;2024-02-10 17:54:00;2024-02-10;17:54:00;35.5;114;64;81;99;22;0.71;96.9;33.3;1003;5.6;2;CAPT009;Moyenne
M002035;PAT0019;2024-07-03 10:32:00;2024-07-03;10:32:00;36.8;157;86;61;95;16;1.25;97.7;25.8;2086;6.2;2;CAPT046;Bonne
M002036;PAT0024;2024-03-11 15:18:00;2024-03-11;15:18:00;37;142;63;71;96;20;2.74;55.2;19.3;5193;6.8;4;CAPT042;Bonne
M002037;PAT0142;2024-02-17 19:45:00;2024-02-17;19:45:00;37.9;174;102;57;99;21;0.8;96.7;25.4;7091;4.2;8;CAPT010;Bonne
M002038;PAT0155;2024-06-20 16:37:00;2024-06-20;16:37:00;35.8;110;87;87;97;21;1.36;47.9;30;6554;10;5;CAPT017;Bonne
M002039;PAT0185;2024-05-16 04:06:00;2024-05-16;04:06:00;38.8;121;64;89;95;14;1.21;64.1;23;3656;6.4;2;CAPT003;Mauvaise
M002040;PAT0082;2024-09-15 04:00:00;2024-09-15;04:00:00;38.9;152;95;66;96;13;1;52.8;32.4;4983;5.6;5;CAPT001;Bonne
M002041;PAT0182;2024-01-26 02:40:00;2024-01-26;02:40:00;37.1;140;102;99;99;14;1.1;95.9;33.3;2726;5.9;2;CAPT004;Bonne
M002042;PAT0118;2024-03-10 08:54:00;2024-03-10;08:54:00;39;122;71;113;93;13;0.82;99.6;26.6;7527;9.4;8;CAPT040;Bonne
M002043;PAT0084;2024-05-23 00:03:00;2024-05-23;00:03:00;35.9;141;76;61;94;18;1.32;73.6;34.1;3453;8.7;1;CAPT012;Bonne
M002044;PAT0042;2024-08-19 07:05:00;2024-08-19;07:05:00;36;134;88;82;96;12;1.18;68.1;24.6;4244;9.5;4;CAPT050;Bonne
M002045;PAT0096;2024-02-03 01:50:00;2024-02-03;01:50:00;36.9;179;93;92;99;14;0.7;75.9;29.9;6132;9.6;9;CAPT006;Moyenne
M002046;PAT0030;2024-01-01 19:11:00;2024-01-01;19:11:00;38.9;152;105;73;98;20;1.1;93.7;19.9;2442;8.7;9;CAPT006;Moyenne
M002047;PAT0081;2024-02-11 23:56:00;2024-02-11;23:56:00;35.7;125;80;72;97;13;1.63;65;34.1;2304;9;7;CAPT029;Bonne
M002048;PAT0014;2024-03-10 06:02:00;2024-03-10;06:02:00;35.6;114;87;88;97;12;3.09;48.9;25.3;5106;5.2;4;CAPT001;Mauvaise
M002049;PAT0002;2024-05-11 22:53:00;2024-05-11;22:53:00;39.5;131;79;90;99;18;1.37;49.8;26.6;4245;8.5;8;CAPT036;Bonne
M002050;PAT0183;2024-05-30 07:51:00;2024-05-30;07:51:00;38.1;109;83;62;96;21;0.93;88.9;26.9;3981;5.9;3;CAPT036;Bonne
M002051;PAT0147;2024-07-30 11:08:00;2024-07-30;11:08:00;37.9;105;80;122;90;18;0.85;60.3;26;855;3.8;1;CAPT047;Mauvaise
M002052;PAT0023;2024-09-20 04:30:00;2024-09-20;04:30:00;36.3;142;64;73;98;19;3.41;62.1;27.2;4151;4.5;1;CAPT050;Bonne
M002053;PAT0186;2024-01-19 08:21:00;2024-01-19;08:21:00;35.7;109;61;62;94;22;1.24;64.3;27.5;5157;7.3;9;CAPT015;Moyenne
M002054;PAT0176;2024-08-27 09:13:00;2024-08-27;09:13:00;39.4;133;62;63;98;21;0.83;88.1;30.4;393;6.1;1;CAPT034;Moyenne
M002055;PAT0196;2024-05-03 10:55:00;2024-05-03;10:55:00;39.2;120;60;57;98;20;1.32;68.1;19;6905;9;0;CAPT035;Moyenne
M002056;PAT0112;2024-08-07 14:12:00;2024-08-07;14:12:00;37.9;108;65;94;98;18;0.73;57;30.2;1798;4.8;6;CAPT020;Moyenne
M002057;PAT0139;2024-10-07 09:11:00;2024-10-07;09:11:00;36.8;142;93;82;95;18;1.05;57.5;33.7;5166;8.6;1;CAPT041;Moyenne
M002058;PAT0077;2024-03-11 17:03:00;2024-03-11;17:03:00;36.8;109;81;87;96;23;0.98;47.9;31.9;6957;9.5;3;CAPT046;Bonne
M002059;PAT0013;2024-08-17 19:21:00;2024-08-17;19:21:00;36.9;115;81;59;97;20;0.98;65;24.8;7973;4.4;5;CAPT012;Bonne
M002060;PAT0187;2024-10-31 01:34:00;2024-10-31;01:34:00;39.2;138;83;95;95;22;1.28;94.6;23.5;2636;3.3;2;CAPT041;Bonne
M002061;PAT0180;2024-01-15 21:38:00;2024-01-15;21:38:00;35.9;100;67;93;92;17;0.92;57.8;34.2;2674;10;4;CAPT030;Bonne
M002062;PAT0200;2024-07-17 03:38:00;2024-07-17;03:38:00;39.4;102;78;55;98;18;1.06;46.1;23.6;5664;5.1;6;CAPT029;Bonne
M002063;PAT0175;2024-12-17 22:11:00;2024-12-17;22:11:00;36.2;157;89;61;94;21;0.97;46.3;30.2;4741;5.6;0;CAPT015;Bonne
M002064;PAT0081;2024-05-17 22:05:00;2024-05-17;22:05:00;38.2;112;71;58;99;19;3.08;99.9;33.2;7103;7.7;4;CAPT012;Bonne
M002065;PAT0113;2024-10-16 11:55:00;2024-10-16;11:55:00;39.3;144;85;97;94;24;1.33;45.6;32.6;1628;8.3;4;CAPT045;Moyenne
M002066;PAT0013;2024-02-26 10:13:00;2024-02-26;10:13:00;39;139;76;77;98;20;0.76;96.2;33.4;1409;5.4;2;CAPT042;Bonne
M002067;PAT0176;2024-05-12 14:40:00;2024-05-12;14:40:00;39.1;130;66;84;95;14;1.18;63.7;25.4;1842;3.3;2;CAPT032;Moyenne
M002068;PAT0026;2024-12-26 06:54:00;2024-12-26;06:54:00;36;109;88;80;94;20;1.24;77.7;18.8;7205;5.5;8;CAPT048;Bonne
M002069;PAT0152;2024-11-25 00:58:00;2024-11-25;00:58:00;36.4;135;108;57;94;19;1.17;86.3;19.1;5435;3.1;0;CAPT026;Bonne
M002070;PAT0074;2024-11-14 06:19:00;2024-11-14;06:19:00;38.6;124;89;95;97;24;1.37;45.7;29.7;6616;7.1;2;CAPT001;Bonne
M002071;PAT0072;2024-01-17 06:27:00;2024-01-17;06:27:00;35.7;124;88;65;97;15;0.94;78.6;34.5;4941;5;5;CAPT005;Bonne
M002072;PAT0139;2024-11-10 03:14:00;2024-11-10;03:14:00;39.5;136;92;90;95;18;0.91;63.5;28.5;483;9.2;8;CAPT035;Bonne
M002073;PAT0092;2024-05-04 11:43:00;2024-05-04;11:43:00;37.8;128;83;60;94;18;0.94;53.1;24.1;2432;3.5;2;CAPT004;Mauvaise
M002074;PAT0105;2024-10-18 18:00:00;2024-10-18;18:00:00;38.1;137;85;55;98;24;1.37;66.9;25.3;7837;9.4;0;CAPT036;Bonne
M002075;PAT0016;2024-07-17 22:28:00;2024-07-17;22:28:00;37.4;129;81;58;97;20;0.75;47.4;29.8;6539;4.7;0;CAPT031;Bonne
M002076;PAT0129;2024-12-14 04:45:00;2024-12-14;04:45:00;39.1;144;87;83;97;12;0.89;57;21.3;6464;8.9;9;CAPT020;Bonne
M002077;PAT0149;2024-07-10 07:01:00;2024-07-10;07:01:00;35.5;101;76;97;93;17;1.19;72;24.4;1561;8.9;9;CAPT011;Moyenne
M002078;PAT0086;2024-04-21 05:40:00;2024-04-21;05:40:00;36.9;130;79;97;99;19;0.93;45.6;26.4;3597;9.9;0;CAPT021;Moyenne
M002079;PAT0066;2024-07-19 05:18:00;2024-07-19;05:18:00;35.9;108;70;77;96;13;0.79;74.5;21.1;5262;3.4;2;CAPT012;Bonne
M002080;PAT0170;2024-12-25 04:14:00;2024-12-25;04:14:00;38.7;162;91;98;97;21;1.36;61.9;32.6;3845;3.5;8;CAPT048;Bonne
M002081;PAT0009;2024-11-25 13:53:00;2024-11-25;13:53:00;38.2;134;76;97;95;21;1.1;64.6;18.1;7676;8.4;4;CAPT035;Moyenne
M002082;PAT0143;2024-09-18 08:15:00;2024-09-18;08:15:00;35.6;141;62;80;94;22;1.34;93.8;20;4881;5.7;2;CAPT029;Bonne
M002083;PAT0057;2024-11-11 00:18:00;2024-11-11;00:18:00;39.1;123;64;78;96;22;1.26;63.4;34.6;7141;9.4;1;CAPT022;Moyenne
M002084;PAT0194;2024-10-15 17:50:00;2024-10-15;17:50:00;39.4;140;63;59;98;21;1.31;69.8;32.6;135;9;5;CAPT006;Bonne
M002085;PAT0044;2024-10-30 13:19:00;2024-10-30;13:19:00;36.2;121;73;119;93;16;1.12;47.6;34.2;6543;4.7;4;CAPT043;Bonne
M002086;PAT0046;2024-12-21 04:29:00;2024-12-21;04:29:00;37;109;64;77;95;20;1.26;73.6;19.3;775;6.2;4;CAPT030;Bonne
M002087;PAT0007;2024-03-05 00:58:00;2024-03-05;00:58:00;37.3;107;82;86;97;14;1.19;50;23.9;4735;4.1;6;CAPT046;Mauvaise
M002088;PAT0193;2024-04-02 06:27:00;2024-04-02;06:27:00;38.3;128;82;122;91;13;1.09;54.3;29;3765;7.3;0;CAPT043;Bonne
M002089;PAT0044;2024-09-25 03:33:00;2024-09-25;03:33:00;37.8;127;60;128;89;18;0.75;71.9;18.1;1042;5.6;8;CAPT007;Bonne
M002090;PAT0112;2024-02-27 16:27:00;2024-02-27;16:27:00;36.3;122;78;55;94;22;0.77;65.4;27.4;6257;3.6;7;CAPT038;Bonne
M002091;PAT0081;2024-08-25 22:30:00;2024-08-25;22:30:00;36.2;127;64;95;97;20;2.51;83;24.5;241;6.6;6;CAPT046;Mauvaise
M002092;PAT0013;2024-06-22 07:30:00;2024-06-22;07:30:00;37.6;118;81;96;95;18;1.23;89.5;28.3;542;4.5;3;CAPT036;Bonne
M002093;PAT0097;2024-03-20 16:58:00;2024-03-20;16:58:00;37.8;172;94;95;95;22;1.13;94.5;31.7;6760;4.9;3;CAPT020;Bonne
M002094;PAT0014;2024-09-20 04:10:00;2024-09-20;04:10:00;38.4;108;67;69;95;19;2.71;71.2;18;2912;4.2;8;CAPT014;Bonne
M002095;PAT0158;2024-03-06 20:59:00;2024-03-06;20:59:00;38.9;174;105;59;98;14;0.91;57.6;29.3;3412;4.1;3;CAPT017;Bonne
M002096;PAT0023;2024-09-06 08:41:00;2024-09-06;08:41:00;36.3;115;84;85;95;15;1.84;52.2;30.7;418;6.7;5;CAPT008;Bonne
M002097;PAT0017;2024-07-03 18:38:00;2024-07-03;18:38:00;38.3;115;74;93;95;21;1;83.6;29.4;6264;8.2;5;CAPT048;Bonne
M002098;PAT0004;2024-11-20 06:03:00;2024-11-20;06:03:00;36.6;127;60;55;97;15;0.79;84.3;20.5;4755;9;7;CAPT009;Bonne
M002099;PAT0184;2024-07-02 04:44:00;2024-07-02;04:44:00;39;142;76;79;95;23;1.01;58.4;30.2;7592;3.3;6;CAPT050;Bonne
M002100;PAT0195;2024-02-17 13:21:00;2024-02-17;13:21:00;39;146;99;94;94;16;0.79;67.4;24.7;6526;3;1;CAPT004;Bonne
M002101;PAT0089;2024-10-31 07:59:00;2024-10-31;07:59:00;38.8;116;62;55;96;13;1.2;70.1;24;5155;9.3;2;CAPT007;Bonne
M002102;PAT0157;2024-03-08 02:43:00;2024-03-08;02:43:00;35.6;104;78;97;98;15;1.08;53.9;28.2;6155;5.9;2;CAPT044;Moyenne
M002103;PAT0191;2024-06-01 12:55:00;2024-06-01;12:55:00;37.9;135;89;66;95;12;0.75;92.3;20.7;5938;8.2;1;CAPT034;Bonne
M002104;PAT0056;2024-01-15 08:15:00;2024-01-15;08:15:00;38.9;117;88;83;98;16;0.78;85.8;32;3032;3.5;7;CAPT025;Bonne
M002105;PAT0101;2024-10-17 02:51:00;2024-10-17;02:51:00;39;137;60;64;98;23;0.81;96.6;25.1;7648;3.1;6;CAPT004;Bonne
M002106;PAT0094;2024-07-07 13:53:00;2024-07-07;13:53:00;39.4;110;83;113;94;13;0.98;66.6;34.2;7700;9.1;3;CAPT003;Bonne
M002107;PAT0099;2024-07-20 04:05:00;2024-07-20;04:05:00;37.8;124;74;125;95;23;0.86;89.2;24.2;1767;3.4;7;CAPT038;Bonne
M002108;PAT0074;2024-05-10 09:41:00;2024-05-10;09:41:00;35.6;105;64;56;97;21;1.25;98.1;24.7;6531;4.4;6;CAPT020;Bonne
M002109;PAT0155;2024-04-25 18:26:00;2024-04-25;18:26:00;36.9;130;75;95;95;23;1.24;61.6;28.3;7936;4.2;4;CAPT013;Bonne
M002110;PAT0034;2024-07-16 04:27:00;2024-07-16;04:27:00;39;119;61;90;99;17;1.29;51.5;23;1643;4;1;CAPT014;Bonne
M002111;PAT0106;2024-06-24 20:35:00;2024-06-24;20:35:00;38.3;119;63;87;99;13;2.73;59.7;20.6;2285;7.8;2;CAPT033;Mauvaise
M002112;PAT0163;2024-01-21 17:47:00;2024-01-21;17:47:00;37.5;126;64;120;93;14;1.32;99.2;34.2;1653;7.3;6;CAPT048;Bonne
M002113;PAT0160;2024-03-16 20:15:00;2024-03-16;20:15:00;38.4;100;78;61;97;23;1.35;94.9;30.1;1235;7.6;6;CAPT037;Moyenne
M002114;PAT0175;2024-04-22 06:35:00;2024-04-22;06:35:00;36.9;163;102;95;96;17;0.97;58.2;20.3;1667;9.8;0;CAPT019;Bonne
M002115;PAT0118;2024-04-05 11:42:00;2024-04-05;11:42:00;35.7;114;81;97;94;13;1.38;74.2;21.8;5350;4.8;5;CAPT013;Bonne
M002116;PAT0009;2024-05-03 02:05:00;2024-05-03;02:05:00;38.3;101;63;74;96;19;1.27;65.1;29.4;2973;6.5;6;CAPT002;Bonne
M002117;PAT0096;2024-05-16 11:55:00;2024-05-16;11:55:00;37.4;160;109;59;95;14;1.39;85;33.6;5943;6.9;3;CAPT018;Bonne
M002118;PAT0128;2024-08-20 12:37:00;2024-08-20;12:37:00;38.3;133;81;109;89;20;0.93;84.6;34.8;339;8.1;8;CAPT041;Bonne
M002119;PAT0086;2024-07-03 07:27:00;2024-07-03;07:27:00;37;143;70;97;99;18;1.36;71;32.6;6347;5.8;4;CAPT047;Bonne
M002120;PAT0153;2024-07-14 02:27:00;2024-07-14;02:27:00;36.3;115;82;84;96;24;1.24;60.4;19.3;1701;5.4;2;CAPT024;Bonne
M002121;PAT0006;2024-01-05 18:21:00;2024-01-05;18:21:00;39.2;164;89;93;96;18;1.07;96.5;33.6;7028;5.1;1;CAPT006;Moyenne
M002122;PAT0088;2024-07-23 19:09:00;2024-07-23;19:09:00;36.8;138;85;68;96;22;0.83;96.7;27.8;7300;5.8;3;CAPT029;Bonne
M002123;PAT0047;2024-05-02 00:29:00;2024-05-02;00:29:00;39;152;96;85;99;16;0.78;60.2;22.1;686;8.4;6;CAPT038;Bonne
M002124;PAT0031;2024-07-16 03:59:00;2024-07-16;03:59:00;38.8;104;68;99;95;22;0.89;47.9;29.4;6351;4.9;3;CAPT035;Bonne
M002125;PAT0150;2024-03-21 13:52:00;2024-03-21;13:52:00;36;139;72;69;97;15;0.84;87.7;33.1;6828;4.5;6;CAPT004;Bonne
M002126;PAT0116;2024-04-22 21:49:00;2024-04-22;21:49:00;37.3;131;65;119;89;16;1.1;50.7;33.4;1292;9.3;4;CAPT002;Bonne
M002127;PAT0137;2024-03-03 15:33:00;2024-03-03;15:33:00;38.8;123;79;62;97;20;1.15;95.6;20.4;2452;3.8;2;CAPT024;Bonne
M002128;PAT0187;2024-02-17 17:17:00;2024-02-17;17:17:00;36.8;119;74;80;99;21;1.08;56.5;31.9;394;7.6;4;CAPT048;Bonne
M002129;PAT0046;2024-09-15 14:16:00;2024-09-15;14:16:00;36.6;110;86;84;96;13;1;82.4;33.1;549;6.5;6;CAPT008;Bonne
M002130;PAT0128;2024-03-24 20:59:00;2024-03-24;20:59:00;38.8;102;62;117;93;15;0.84;46.4;27;285;8.6;9;CAPT048;Bonne
M002131;PAT0038;2024-08-15 14:28:00;2024-08-15;14:28:00;36;114;65;68;99;20;0.86;68.6;29.6;1466;5.8;0;CAPT013;Bonne
M002132;PAT0120;2024-05-22 01:41:00;2024-05-22;01:41:00;38.8;142;103;86;98;20;0.7;95.9;28.7;4426;5.5;7;CAPT010;Bonne
M002133;PAT0113;2024-02-02 00:59:00;2024-02-02;00:59:00;39.2;136;75;63;97;15;1.35;62.9;26.8;7349;9.9;2;CAPT003;Bonne
M002134;PAT0007;2024-09-04 21:11:00;2024-09-04;21:11:00;38.4;104;67;68;96;19;1.34;48.6;21.2;1292;6.2;7;CAPT013;Bonne
M002135;PAT0031;2024-11-05 09:14:00;2024-11-05;09:14:00;39.4;130;88;80;95;21;1;83.1;20.1;3153;9.4;8;CAPT049;Bonne
M002136;PAT0102;2024-11-17 22:05:00;2024-11-17;22:05:00;37.5;137;75;70;97;12;1.07;54;18.6;6647;3.9;2;CAPT025;Bonne
M002137;PAT0160;2024-12-29 04:33:00;2024-12-29;04:33:00;38.6;137;63;90;97;21;0.94;54.7;30.3;2056;7.2;7;CAPT012;Bonne
M002138;PAT0148;2024-09-05 07:22:00;2024-09-05;07:22:00;36;151;85;74;99;17;1.21;65.5;28.5;5555;8.8;2;CAPT043;Bonne
M002139;PAT0175;2024-04-30 04:10:00;2024-04-30;04:10:00;36.1;142;106;79;97;21;0.85;83.1;31.8;1904;4.6;7;CAPT040;Bonne
M002140;PAT0049;2024-11-04 19:11:00;2024-11-04;19:11:00;35.5;120;66;78;94;23;1.33;65;26.1;6123;7.9;5;CAPT015;Moyenne
M002141;PAT0091;2024-04-26 13:27:00;2024-04-26;13:27:00;35.8;119;83;89;97;21;0.86;64.3;18.6;7715;5.8;5;CAPT004;Bonne
M002142;PAT0142;2024-01-24 16:11:00;2024-01-24;16:11:00;37.1;156;85;59;94;16;1.38;72.4;34.3;1253;8.4;2;CAPT011;Bonne
M002143;PAT0052;2024-02-20 00:31:00;2024-02-20;00:31:00;36;142;72;74;97;22;0.97;66.8;24;3819;8.9;4;CAPT036;Bonne
M002144;PAT0057;2024-10-12 21:35:00;2024-10-12;21:35:00;38;130;84;83;98;20;1.33;55.1;19.5;328;9;9;CAPT043;Mauvaise
M002145;PAT0162;2024-12-28 08:34:00;2024-12-28;08:34:00;38.9;138;92;86;98;12;1;87.9;26.1;2124;5.3;4;CAPT049;Bonne
M002146;PAT0068;2024-04-17 06:44:00;2024-04-17;06:44:00;39.4;117;72;94;95;23;0.79;52.8;20.7;2360;8;6;CAPT002;Bonne
M002147;PAT0163;2024-11-07 09:16:00;2024-11-07;09:16:00;39.5;132;79;120;89;14;0.77;64;34.8;7563;9;2;CAPT037;Mauvaise
M002148;PAT0040;2024-12-06 21:40:00;2024-12-06;21:40:00;38.9;130;69;88;96;14;1.2;54.8;34.3;4077;5.8;6;CAPT025;Bonne
M002149;PAT0047;2024-11-12 10:13:00;2024-11-12;10:13:00;37;166;95;83;99;15;1.27;47.7;24.6;1989;8.8;0;CAPT041;Bonne
M002150;PAT0185;2024-05-05 02:54:00;2024-05-05;02:54:00;38.1;116;80;88;99;20;1.04;74.2;22.6;7012;7.8;3;CAPT032;Bonne
M002151;PAT0071;2024-04-30 00:31:00;2024-04-30;00:31:00;38.2;111;62;60;99;19;1.44;57.6;27.5;3476;5.1;4;CAPT008;Bonne
M002152;PAT0168;2024-03-17 00:56:00;2024-03-17;00:56:00;38.1;134;75;69;98;17;1.09;57.1;24.6;238;5.8;0;CAPT004;Mauvaise
M002153;PAT0131;2024-12-05 12:14:00;2024-12-05;12:14:00;37.8;131;86;76;96;23;1.25;84.6;29.2;299;5.7;2;CAPT021;Bonne
M002154;PAT0188;2024-08-31 01:23:00;2024-08-31;01:23:00;36.8;141;65;98;89;15;0.89;76.3;31.6;4680;9.6;3;CAPT043;Bonne
M002155;PAT0018;2024-08-07 23:17:00;2024-08-07;23:17:00;35.8;127;78;73;94;22;0.96;76.1;33.6;5737;5.4;7;CAPT028;Bonne
M002156;PAT0070;2024-12-09 02:36:00;2024-12-09;02:36:00;38.4;117;62;97;95;14;1.24;77.6;21.6;2791;5.2;5;CAPT036;Bonne
M002157;PAT0128;2024-04-04 01:30:00;2024-04-04;01:30:00;38.7;106;69;104;94;24;0.95;89.6;18.3;7529;4.2;5;CAPT011;Bonne
M002158;PAT0171;2024-11-14 20:31:00;2024-11-14;20:31:00;35.9;128;76;98;95;23;0.71;85.1;19.5;7192;5.2;8;CAPT013;Bonne
M002159;PAT0147;2024-08-08 19:25:00;2024-08-08;19:25:00;37.4;143;75;120;90;16;0.87;76.2;25.7;706;3.3;9;CAPT034;Moyenne
M002160;PAT0122;2024-03-25 13:31:00;2024-03-25;13:31:00;39.1;109;61;78;96;19;0.85;57.7;31.6;354;9.9;6;CAPT012;Bonne
M002161;PAT0034;2024-07-18 21:48:00;2024-07-18;21:48:00;35.6;133;68;73;95;23;1.01;97.8;29.8;6002;9.7;1;CAPT035;Moyenne
M002162;PAT0160;2024-10-05 13:22:00;2024-10-05;13:22:00;36.4;120;62;59;96;22;1.03;80.1;21.5;3927;7.4;6;CAPT037;Bonne
M002163;PAT0179;2024-04-13 03:38:00;2024-04-13;03:38:00;35.9;167;101;71;99;21;1.19;87.3;23.6;5469;4.3;7;CAPT033;Bonne
M002164;PAT0173;2024-10-23 20:21:00;2024-10-23;20:21:00;36.2;106;65;93;88;20;1.21;51.9;18.8;622;3.8;0;CAPT005;Bonne
M002165;PAT0091;2024-06-27 15:51:00;2024-06-27;15:51:00;37;104;64;90;94;16;1.29;99.6;27.6;6451;6.2;9;CAPT019;Bonne
M002166;PAT0123;2024-01-26 00:08:00;2024-01-26;00:08:00;37.2;133;67;55;98;15;1.22;75.9;24.7;6066;5.2;4;CAPT043;Bonne
M002167;PAT0196;2024-07-24 09:36:00;2024-07-24;09:36:00;37.3;131;87;78;96;23;1;69.8;23.3;3123;9.6;0;CAPT027;Bonne
M002168;PAT0052;2024-06-26 13:44:00;2024-06-26;13:44:00;39.5;133;70;61;94;22;0.97;59.1;23.6;1026;3.2;5;CAPT016;Bonne
M002169;PAT0091;2024-04-22 15:12:00;2024-04-22;15:12:00;35.7;142;88;96;98;18;0.92;85.7;34.6;724;7;7;CAPT040;Bonne
M002170;PAT0048;2024-08-13 02:07:00;2024-08-13;02:07:00;39;120;79;77;97;16;1.37;76.1;24.1;6164;7;0;CAPT025;Moyenne
M002171;PAT0058;2024-01-26 22:23:00;2024-01-26;22:23:00;37.9;113;86;73;95;23;0.92;84.5;21;3873;5.4;5;CAPT011;Mauvaise
M002172;PAT0136;2024-07-30 21:13:00;2024-07-30;21:13:00;37.2;105;80;94;94;12;0.81;57.9;19.3;3020;5.2;2;CAPT019;Moyenne
M002173;PAT0135;2024-10-13 18:48:00;2024-10-13;18:48:00;36.8;112;70;81;97;14;1.13;66.6;33.7;3897;5.9;8;CAPT028;Bonne
M002174;PAT0064;2024-06-18 08:55:00;2024-06-18;08:55:00;39.1;116;72;68;98;21;0.91;95.8;30.7;6839;5.2;5;CAPT017;Moyenne
M002175;PAT0019;2024-06-05 19:07:00;2024-06-05;19:07:00;37.1;158;90;81;99;16;1.25;96;28;615;8.3;1;CAPT016;Bonne
M002176;PAT0181;2024-05-12 08:37:00;2024-05-12;08:37:00;37.3;135;76;91;96;15;1.36;57.5;33;4356;9.1;3;CAPT017;Bonne
M002177;PAT0005;2024-12-12 21:44:00;2024-12-12;21:44:00;37.7;109;81;121;94;12;1.07;53;18.8;109;5.3;3;CAPT027;Moyenne
M002178;PAT0033;2024-09-01 23:59:00;2024-09-01;23:59:00;36.4;149;96;76;95;15;1.12;76.7;31.9;5701;7.5;3;CAPT034;Bonne
M002179;PAT0150;2024-05-18 03:15:00;2024-05-18;03:15:00;36.1;122;71;99;96;17;1.3;98.2;35;7020;8.3;3;CAPT029;Bonne
M002180;PAT0034;2024-03-29 03:55:00;2024-03-29;03:55:00;37.4;102;73;72;96;14;0.74;47.4;23.6;1532;9.3;9;CAPT034;Bonne
M002181;PAT0090;2024-11-18 22:50:00;2024-11-18;22:50:00;37.2;118;68;93;94;14;0.83;63.5;31.6;5167;3.9;7;CAPT050;Bonne
M002182;PAT0033;2024-01-06 01:19:00;2024-01-06;01:19:00;36.6;135;91;85;95;23;0.73;68.8;23.2;1839;9.5;0;CAPT010;Moyenne
M002183;PAT0186;2024-10-17 01:52:00;2024-10-17;01:52:00;35.6;106;87;57;96;17;1.13;94.3;32.9;3038;3.7;5;CAPT050;Moyenne
M002184;PAT0030;2024-08-24 10:54:00;2024-08-24;10:54:00;37.1;177;101;72;99;24;0.84;64.6;30;3191;5.7;4;CAPT022;Moyenne
M002185;PAT0150;2024-12-12 15:00:00;2024-12-12;15:00:00;37.7;126;67;78;97;19;0.94;68.7;31.7;276;9.5;4;CAPT040;Bonne
M002186;PAT0056;2024-05-13 22:23:00;2024-05-13;22:23:00;37.7;126;73;81;94;20;1.36;55.4;29.8;1120;5.8;0;CAPT015;Bonne
M002187;PAT0022;2024-10-04 17:23:00;2024-10-04;17:23:00;35.7;178;95;85;98;12;0.75;56.3;33.1;4307;4.3;0;CAPT027;Bonne
M002188;PAT0041;2024-03-10 01:54:00;2024-03-10;01:54:00;36.5;115;63;97;89;20;1.35;62.1;23;462;4.9;8;CAPT014;Bonne
M002189;PAT0168;2024-06-03 07:42:00;2024-06-03;07:42:00;37.3;109;68;85;95;19;0.78;76.9;26.6;3389;7.9;2;CAPT043;Bonne
M002190;PAT0102;2024-10-03 00:02:00;2024-10-03;00:02:00;37.7;109;77;82;99;23;1.25;94.6;34.1;6778;5.2;1;CAPT046;Bonne
M002191;PAT0037;2024-05-23 12:48:00;2024-05-23;12:48:00;37.8;100;87;57;97;21;1.1;47.8;33.1;7188;7.6;4;CAPT042;Bonne
M002192;PAT0170;2024-08-12 09:04:00;2024-08-12;09:04:00;37.4;148;99;64;94;23;1.38;55.4;18.6;5926;4.5;4;CAPT021;Moyenne
M002193;PAT0015;2024-10-01 11:03:00;2024-10-01;11:03:00;36.2;141;84;80;99;15;0.81;89.8;28.4;7000;5;8;CAPT026;Mauvaise
M002194;PAT0087;2024-06-21 23:55:00;2024-06-21;23:55:00;38.5;109;68;80;96;22;1.62;86.7;21.4;3131;3.9;2;CAPT010;Bonne
M002195;PAT0160;2024-01-05 04:01:00;2024-01-05;04:01:00;36;105;74;83;98;17;1.26;67.1;34.9;3204;4.5;4;CAPT001;Mauvaise
M002196;PAT0059;2024-04-11 08:26:00;2024-04-11;08:26:00;37.4;122;71;73;97;22;0.72;48.7;29.8;2867;7.7;7;CAPT028;Bonne
M002197;PAT0117;2024-01-06 14:54:00;2024-01-06;14:54:00;37.2;130;87;82;99;19;2.04;87.7;28.4;3130;5.4;4;CAPT021;Bonne
M002198;PAT0064;2024-01-30 05:17:00;2024-01-30;05:17:00;38.1;141;67;92;97;20;1.33;56.6;19.3;3630;9.3;8;CAPT015;Bonne
M002199;PAT0189;2024-05-12 15:10:00;2024-05-12;15:10:00;36.4;143;74;98;94;14;2.54;56.9;30.2;6452;9.7;1;CAPT009;Bonne
M002200;PAT0012;2024-05-31 14:04:00;2024-05-31;14:04:00;39.3;112;67;67;97;17;1.49;89;31.8;7397;8.6;4;CAPT050;Bonne
M002201;PAT0005;2024-03-24 05:42:00;2024-03-24;05:42:00;38.7;106;85;104;95;12;0.76;61.1;33;7465;3.4;6;CAPT047;Bonne
M002202;PAT0106;2024-05-12 21:56:00;2024-05-12;21:56:00;37.7;140;74;94;98;13;3.31;85.1;34.3;4499;8.8;1;CAPT031;Bonne
M002203;PAT0165;2024-09-10 10:52:00;2024-09-10;10:52:00;36.5;129;62;93;94;12;1.15;50.8;31.4;2920;7.2;5;CAPT012;Moyenne
M002204;PAT0068;2024-07-03 20:34:00;2024-07-03;20:34:00;36.4;127;80;99;99;17;0.74;93;25.5;3648;8.5;4;CAPT031;Bonne
M002205;PAT0162;2024-09-15 02:11:00;2024-09-15;02:11:00;36.1;137;101;84;95;14;0.8;77.9;31.6;3091;7.1;6;CAPT045;Bonne
M002206;PAT0088;2024-09-30 09:45:00;2024-09-30;09:45:00;36.5;174;109;69;99;18;0.97;72.9;30.6;7859;9.6;1;CAPT032;Bonne
M002207;PAT0064;2024-08-19 18:49:00;2024-08-19;18:49:00;39.3;114;79;98;96;21;1.14;88.7;19.7;13;3.6;5;CAPT004;Bonne
M002208;PAT0031;2024-09-19 01:15:00;2024-09-19;01:15:00;38.3;134;60;55;95;14;1.07;99;27.4;7831;8.7;9;CAPT048;Moyenne
M002209;PAT0158;2024-02-07 14:54:00;2024-02-07;14:54:00;35.7;147;93;93;95;14;0.73;90.3;23;3187;3.3;3;CAPT041;Bonne
M002210;PAT0058;2024-06-29 03:37:00;2024-06-29;03:37:00;39.4;121;75;57;96;20;1.12;78.9;29.8;2793;4.2;7;CAPT021;Moyenne
M002211;PAT0189;2024-02-26 15:06:00;2024-02-26;15:06:00;36.2;131;80;57;97;24;3.24;52.8;26.4;3307;5.7;4;CAPT017;Bonne
M002212;PAT0064;2024-08-20 05:10:00;2024-08-20;05:10:00;35.6;118;66;76;97;16;0.85;92.1;20.5;2045;3.8;9;CAPT012;Moyenne
M002213;PAT0097;2024-12-16 08:37:00;2024-12-16;08:37:00;39;173;98;74;95;22;1.18;66;34.3;5717;9.4;1;CAPT048;Bonne
M002214;PAT0189;2024-10-03 06:12:00;2024-10-03;06:12:00;39.4;133;82;55;95;16;1.2;61.2;25.5;128;9.3;5;CAPT002;Bonne
M002215;PAT0079;2024-09-22 15:32:00;2024-09-22;15:32:00;37.9;108;66;71;96;16;2.36;95.7;18.2;3891;6.3;1;CAPT011;Bonne
M002216;PAT0003;2024-11-10 21:24:00;2024-11-10;21:24:00;38.6;132;63;77;96;15;3.18;82.6;19.2;4360;8.4;7;CAPT021;Bonne
M002217;PAT0049;2024-08-17 15:16:00;2024-08-17;15:16:00;38;111;60;69;94;13;1.25;94.7;24.8;7077;7.4;9;CAPT014;Bonne
M002218;PAT0041;2024-11-02 23:20:00;2024-11-02;23:20:00;37.2;125;88;129;90;14;1.36;59.7;25.7;949;6.5;5;CAPT021;Bonne
M002219;PAT0044;2024-07-02 18:09:00;2024-07-02;18:09:00;35.6;143;71;128;90;15;0.81;49.4;24.8;6932;6.8;8;CAPT010;Bonne
M002220;PAT0155;2024-11-30 11:36:00;2024-11-30;11:36:00;38.4;125;72;90;94;21;0.79;53.7;28.1;3476;3.8;1;CAPT021;Moyenne
M002221;PAT0197;2024-01-22 04:37:00;2024-01-22;04:37:00;36.8;105;70;120;91;19;0.99;86.7;29.9;2972;5.8;4;CAPT028;Bonne
M002222;PAT0063;2024-03-19 20:26:00;2024-03-19;20:26:00;36.2;123;85;90;98;13;1.02;79.2;23;1025;8.3;9;CAPT012;Bonne
M002223;PAT0011;2024-02-08 10:42:00;2024-02-08;10:42:00;36.5;107;79;61;97;21;1;73.3;29;2194;6.9;9;CAPT007;Bonne
M002224;PAT0050;2024-02-24 07:41:00;2024-02-24;07:41:00;37.7;114;73;68;96;13;0.84;91.8;18.7;2652;7;5;CAPT015;Bonne
M002225;PAT0181;2024-02-02 20:05:00;2024-02-02;20:05:00;36.2;122;87;68;99;15;1.3;53.4;34.1;6348;4.2;2;CAPT005;Mauvaise
M002226;PAT0096;2024-09-18 21:58:00;2024-09-18;21:58:00;39;136;93;99;98;14;1.22;84.1;27.2;2627;9.1;1;CAPT035;Bonne
M002227;PAT0107;2024-07-24 09:57:00;2024-07-24;09:57:00;35.5;114;76;121;92;21;1.08;87;19.9;4224;5.3;5;CAPT036;Mauvaise
M002228;PAT0138;2024-06-07 09:48:00;2024-06-07;09:48:00;36;106;72;67;94;12;0.74;91;18;4621;8.6;9;CAPT012;Bonne
M002229;PAT0146;2024-09-11 14:40:00;2024-09-11;14:40:00;37.6;158;85;64;98;15;1.35;58.5;23.3;3272;5.3;3;CAPT048;Bonne
M002230;PAT0100;2024-05-24 12:47:00;2024-05-24;12:47:00;36.7;122;62;96;89;14;1.15;86;28.1;2625;8.1;8;CAPT014;Bonne
M002231;PAT0076;2024-02-27 19:09:00;2024-02-27;19:09:00;38.4;138;79;72;95;19;1.16;69;20.5;1814;3.5;6;CAPT012;Moyenne
M002232;PAT0005;2024-02-02 01:18:00;2024-02-02;01:18:00;36.2;125;67;119;89;13;0.91;58.9;21.7;6724;9.8;0;CAPT019;Mauvaise
M002233;PAT0188;2024-09-18 18:49:00;2024-09-18;18:49:00;38.9;105;82;108;95;22;1.04;92.6;19.5;2668;9;7;CAPT029;Mauvaise
M002234;PAT0040;2024-07-27 18:39:00;2024-07-27;18:39:00;37.9;100;65;61;99;22;1.28;78.7;27.8;2126;6.7;3;CAPT042;Moyenne
M002235;PAT0042;2024-04-11 03:47:00;2024-04-11;03:47:00;37.7;122;75;78;96;15;1.06;48.1;32.9;6315;6;4;CAPT002;Bonne
M002236;PAT0189;2024-03-27 22:00:00;2024-03-27;22:00:00;35.7;137;69;81;95;17;2.78;64.1;21.3;2295;4.1;5;CAPT022;Mauvaise
M002237;PAT0050;2024-04-06 03:00:00;2024-04-06;03:00:00;36.8;103;84;94;96;21;1.08;47.6;31.8;3824;4.9;4;CAPT034;Moyenne
M002238;PAT0061;2024-01-01 11:35:00;2024-01-01;11:35:00;38.3;125;85;85;95;23;2.46;95.9;32.3;7273;7.3;1;CAPT043;Bonne
M002239;PAT0200;2024-11-09 01:03:00;2024-11-09;01:03:00;37.3;110;72;78;94;24;1.1;74.4;25.3;7095;8.8;5;CAPT049;Moyenne
M002240;PAT0112;2024-04-26 05:54:00;2024-04-26;05:54:00;37.7;118;82;67;98;23;1.35;93.9;33;717;6.5;5;CAPT025;Bonne
M002241;PAT0173;2024-04-14 06:52:00;2024-04-14;06:52:00;37.4;108;76;129;89;24;1.25;94.5;19.4;7036;5.4;4;CAPT008;Moyenne
M002242;PAT0162;2024-07-25 05:25:00;2024-07-25;05:25:00;37.3;156;101;57;97;17;1.37;58.6;27.4;2701;9.8;8;CAPT007;Bonne
M002243;PAT0001;2024-04-07 04:42:00;2024-04-07;04:42:00;37.5;143;88;60;94;20;3.44;53.6;33.3;6927;8;3;CAPT010;Mauvaise
M002244;PAT0026;2024-09-17 23:14:00;2024-09-17;23:14:00;36.9;116;62;57;98;12;1.17;55.3;30.5;4022;8.1;0;CAPT005;Bonne
M002245;PAT0136;2024-12-28 23:44:00;2024-12-28;23:44:00;35.6;100;66;115;94;18;1.03;97.4;26.2;7442;5.7;3;CAPT042;Bonne
M002246;PAT0012;2024-11-18 23:23:00;2024-11-18;23:23:00;38.8;142;82;68;98;15;2.17;54.2;28.8;6745;9.5;8;CAPT034;Moyenne
M002247;PAT0026;2024-05-16 07:49:00;2024-05-16;07:49:00;35.8;111;69;60;95;13;1.3;52;28.3;7162;9.7;3;CAPT008;Bonne
M002248;PAT0118;2024-12-21 03:22:00;2024-12-21;03:22:00;39.4;105;61;104;88;23;1.34;68;32.5;4180;7.5;7;CAPT035;Bonne
M002249;PAT0178;2024-12-04 15:11:00;2024-12-04;15:11:00;38.4;109;68;82;96;12;0.91;45.9;30.2;579;8.1;7;CAPT045;Moyenne
M002250;PAT0101;2024-12-22 12:34:00;2024-12-22;12:34:00;37;111;77;77;97;17;0.96;54.4;32.8;5428;7;1;CAPT007;Bonne
M002251;PAT0036;2024-04-14 09:39:00;2024-04-14;09:39:00;37.5;129;68;81;95;13;0.93;76.1;34.2;3239;5.4;7;CAPT015;Bonne
M002252;PAT0155;2024-08-10 20:40:00;2024-08-10;20:40:00;35.5;128;63;66;94;20;0.89;69.4;23.1;6844;4;2;CAPT039;Bonne
M002253;PAT0006;2024-11-17 15:09:00;2024-11-17;15:09:00;38.6;151;86;94;98;22;1.01;67.7;28;4326;10;5;CAPT005;Bonne
M002254;PAT0196;2024-11-12 12:31:00;2024-11-12;12:31:00;35.6;115;76;81;97;19;1.01;45.2;31.3;6471;6.2;6;CAPT044;Bonne
M002255;PAT0175;2024-10-13 11:43:00;2024-10-13;11:43:00;38;152;90;66;97;18;1.05;76.4;24.9;7909;3.5;1;CAPT033;Bonne
M002256;PAT0050;2024-09-15 09:07:00;2024-09-15;09:07:00;37.1;108;67;73;96;19;1.26;58.3;32.3;225;6.6;8;CAPT041;Bonne
M002257;PAT0088;2024-10-24 17:51:00;2024-10-24;17:51:00;37.6;172;87;89;96;22;0.84;99.8;23;5916;7.1;9;CAPT002;Mauvaise
M002258;PAT0068;2024-01-06 19:10:00;2024-01-06;19:10:00;38.2;129;89;72;94;19;0.9;73.3;24.7;5182;3.1;9;CAPT011;Moyenne
M002259;PAT0031;2024-01-17 05:25:00;2024-01-17;05:25:00;36.1;110;69;90;97;24;1.28;70.2;24.7;6013;5;5;CAPT039;Moyenne
M002260;PAT0016;2024-10-05 05:17:00;2024-10-05;05:17:00;37.6;112;84;80;97;16;0.71;58.9;26.8;3731;8.4;7;CAPT001;Moyenne
M002261;PAT0143;2024-10-20 17:12:00;2024-10-20;17:12:00;39;123;74;55;99;13;1.31;89.2;23.6;1265;5.1;2;CAPT035;Bonne
M002262;PAT0142;2024-10-31 23:30:00;2024-10-31;23:30:00;36.5;160;98;95;98;19;0.87;92;34.9;2928;6.9;6;CAPT027;Moyenne
M002263;PAT0061;2024-08-16 11:58:00;2024-08-16;11:58:00;35.6;115;69;75;95;20;1.23;45;18.8;1176;5.4;7;CAPT025;Bonne
M002264;PAT0195;2024-02-22 18:56:00;2024-02-22;18:56:00;39;138;88;84;95;24;1.18;77.8;29;3242;3.1;3;CAPT023;Bonne
M002265;PAT0100;2024-10-12 08:49:00;2024-10-12;08:49:00;37.8;120;75;110;91;12;0.9;90.4;34.6;3389;7.7;9;CAPT019;Bonne
M002266;PAT0111;2024-01-27 16:48:00;2024-01-27;16:48:00;37.4;101;68;99;95;20;1.01;84.7;18.3;553;3.8;8;CAPT031;Bonne
M002267;PAT0042;2024-11-25 01:01:00;2024-11-25;01:01:00;36;125;88;90;95;14;0.99;86.3;25.3;3493;9.2;2;CAPT008;Bonne
M002268;PAT0013;2024-05-31 09:16:00;2024-05-31;09:16:00;36;134;77;94;99;19;0.86;77.7;18.7;5710;6.4;6;CAPT043;Bonne
M002269;PAT0088;2024-10-13 12:52:00;2024-10-13;12:52:00;39.2;176;101;55;98;24;1.37;54.1;34;5241;5.6;7;CAPT050;Moyenne
M002270;PAT0033;2024-06-25 19:38:00;2024-06-25;19:38:00;37.2;175;94;60;98;13;0.78;71.3;23.4;2506;6;8;CAPT012;Bonne
M002271;PAT0048;2024-04-02 03:38:00;2024-04-02;03:38:00;35.5;140;68;62;97;21;1.36;58;33.8;5479;7.5;2;CAPT019;Bonne
M002272;PAT0113;2024-05-12 15:19:00;2024-05-12;15:19:00;37.4;133;76;70;97;13;1.26;66.4;27.2;973;7.8;1;CAPT021;Bonne
M002273;PAT0096;2024-11-03 13:20:00;2024-11-03;13:20:00;36.2;151;99;74;98;18;1.12;91.6;31.9;3857;6.7;7;CAPT021;Bonne
M002274;PAT0002;2024-02-11 04:18:00;2024-02-11;04:18:00;36.8;126;85;91;98;23;1.04;64.1;19.7;7985;7.9;1;CAPT039;Bonne
M002275;PAT0015;2024-05-07 12:08:00;2024-05-07;12:08:00;38.1;112;83;92;95;19;0.7;97.1;33.8;3247;3.5;6;CAPT046;Moyenne
M002276;PAT0200;2024-11-23 04:40:00;2024-11-23;04:40:00;39.4;135;61;95;95;12;1.03;72.2;25.2;3335;4.9;9;CAPT042;Bonne
M002277;PAT0140;2024-11-12 11:35:00;2024-11-12;11:35:00;36.8;116;82;56;99;24;1.21;82.1;27.4;6042;4.2;4;CAPT038;Bonne
M002278;PAT0172;2024-12-14 11:08:00;2024-12-14;11:08:00;38.4;133;77;96;95;17;0.91;62.2;24.9;4858;9.8;0;CAPT021;Bonne
M002279;PAT0126;2024-02-13 14:04:00;2024-02-13;14:04:00;35.7;141;86;56;95;18;0.96;95.4;27;4806;7.5;5;CAPT024;Bonne
M002280;PAT0079;2024-05-12 14:29:00;2024-05-12;14:29:00;36.7;111;72;66;96;20;2.58;70.9;31;841;7.5;0;CAPT023;Bonne
M002281;PAT0198;2024-08-12 16:46:00;2024-08-12;16:46:00;38.5;138;68;64;97;23;0.8;85.3;19.9;387;8.5;3;CAPT030;Bonne
M002282;PAT0031;2024-06-02 22:51:00;2024-06-02;22:51:00;39.4;143;84;88;94;18;0.95;70.3;22.4;3109;8.9;2;CAPT039;Moyenne
M002283;PAT0053;2024-04-28 15:32:00;2024-04-28;15:32:00;37.6;155;98;90;98;12;0.73;57.2;20.1;7936;4.5;4;CAPT006;Mauvaise
M002284;PAT0018;2024-05-02 20:33:00;2024-05-02;20:33:00;39.2;101;84;59;95;20;1.18;98.9;25.3;6644;3.3;4;CAPT031;Moyenne
M002285;PAT0130;2024-03-30 17:04:00;2024-03-30;17:04:00;36.9;103;86;81;95;16;1.07;54.6;27.2;6409;4.4;1;CAPT019;Bonne
M002286;PAT0143;2024-06-10 21:04:00;2024-06-10;21:04:00;36.8;109;81;94;94;24;1;51.7;29.8;1671;5.9;4;CAPT043;Bonne
M002287;PAT0055;2024-04-25 15:51:00;2024-04-25;15:51:00;38.7;132;72;81;95;17;1.35;73.2;19.7;3485;7;8;CAPT007;Bonne
M002288;PAT0092;2024-09-01 06:18:00;2024-09-01;06:18:00;36.6;117;69;59;96;20;1;66;19.5;5317;6.4;7;CAPT048;Moyenne
M002289;PAT0097;2024-10-30 12:37:00;2024-10-30;12:37:00;39.2;155;102;68;95;21;1.35;99.3;21.8;948;8.7;6;CAPT009;Bonne
M002290;PAT0151;2024-05-11 12:40:00;2024-05-11;12:40:00;38.7;138;70;86;98;13;2.59;59.4;33.4;5222;3.4;5;CAPT038;Bonne
M002291;PAT0148;2024-01-15 22:02:00;2024-01-15;22:02:00;35.9;166;92;74;94;19;1.11;74.3;27.4;4999;6.4;2;CAPT037;Bonne
M002292;PAT0005;2024-04-29 21:45:00;2024-04-29;21:45:00;36.9;134;74;103;92;19;1.07;50.2;19.4;4112;7.2;1;CAPT043;Bonne
M002293;PAT0134;2024-05-27 05:41:00;2024-05-27;05:41:00;36.7;115;63;79;95;23;1.87;60.2;33.9;6143;8.4;8;CAPT020;Bonne
M002294;PAT0159;2024-12-09 19:46:00;2024-12-09;19:46:00;37.3;123;60;79;97;15;1.23;65.4;20.9;1105;9.4;5;CAPT024;Bonne
M002295;PAT0199;2024-06-17 20:45:00;2024-06-17;20:45:00;37.8;107;75;73;95;17;1.32;86.5;20.1;6733;6.6;2;CAPT008;Moyenne
M002296;PAT0152;2024-03-14 02:28:00;2024-03-14;02:28:00;38.5;178;98;73;99;14;0.74;70.5;27.2;5448;7.6;6;CAPT043;Bonne
M002297;PAT0162;2024-03-11 09:33:00;2024-03-11;09:33:00;37.7;175;105;61;94;15;1.29;80.2;33.4;3672;6.2;0;CAPT006;Mauvaise
M002298;PAT0119;2024-06-17 18:33:00;2024-06-17;18:33:00;36.7;117;67;75;96;13;0.71;98.1;33.7;2231;8.7;6;CAPT018;Bonne
M002299;PAT0053;2024-03-22 16:25:00;2024-03-22;16:25:00;39.4;138;86;83;95;13;1;50.8;21.1;4349;4.5;5;CAPT002;Bonne
M002300;PAT0054;2024-06-23 13:54:00;2024-06-23;13:54:00;37.6;137;77;90;96;22;1.07;87.6;27.8;3372;7.3;3;CAPT032;Moyenne
M002301;PAT0138;2024-06-21 18:00:00;2024-06-21;18:00:00;39.1;129;84;85;96;13;0.76;46.2;31.5;1479;7.6;2;CAPT047;Mauvaise
M002302;PAT0147;2024-03-26 03:28:00;2024-03-26;03:28:00;37.4;127;63;120;95;14;1.14;47.6;23.4;5577;6.9;5;CAPT028;Mauvaise
M002303;PAT0109;2024-04-23 11:05:00;2024-04-23;11:05:00;38;144;68;93;97;14;1.11;81.1;30.7;3811;6.8;2;CAPT002;Bonne
M002304;PAT0194;2024-01-07 21:20:00;2024-01-07;21:20:00;36.3;118;71;67;94;15;1.21;82;18.3;5208;8.2;9;CAPT008;Mauvaise
M002305;PAT0148;2024-10-26 02:00:00;2024-10-26;02:00:00;36.5;164;89;71;95;22;0.87;92.2;20.1;5230;7;4;CAPT031;Moyenne
M002306;PAT0079;2024-06-10 11:07:00;2024-06-10;11:07:00;36.5;105;77;70;95;14;1.51;68.5;27.8;256;7.8;8;CAPT021;Bonne
M002307;PAT0137;2024-09-14 22:07:00;2024-09-14;22:07:00;35.7;142;79;91;94;14;1.26;63;32.9;1069;5.1;2;CAPT046;Bonne
M002308;PAT0119;2024-02-05 10:59:00;2024-02-05;10:59:00;38.3;136;76;82;95;12;0.84;88.3;26.4;4174;5.7;5;CAPT026;Moyenne
M002309;PAT0036;2024-02-10 06:44:00;2024-02-10;06:44:00;36.9;136;87;99;96;23;1.34;84.6;24.8;1179;4.7;7;CAPT023;Bonne
M002310;PAT0062;2024-01-31 22:00:00;2024-01-31;22:00:00;38;124;80;68;99;16;1.26;75;34.6;5785;9.8;6;CAPT028;Bonne
M002311;PAT0024;2024-05-29 14:42:00;2024-05-29;14:42:00;36.5;117;66;74;99;22;2.04;80.8;32.6;3819;8.7;9;CAPT016;Moyenne
M002312;PAT0150;2024-04-05 11:22:00;2024-04-05;11:22:00;38.7;126;78;65;97;22;1.04;51.4;24.5;6987;4.7;7;CAPT044;Bonne
M002313;PAT0158;2024-03-09 16:58:00;2024-03-09;16:58:00;36.5;172;100;78;98;13;0.73;71.7;25.8;5075;9;1;CAPT035;Mauvaise
M002314;PAT0153;2024-11-28 12:26:00;2024-11-28;12:26:00;35.5;101;60;74;95;20;1;95.3;23;5800;6.6;6;CAPT025;Mauvaise
M002315;PAT0066;2024-12-26 21:26:00;2024-12-26;21:26:00;35.8;102;89;66;99;18;0.88;94.1;28.6;7360;7.9;8;CAPT021;Bonne
M002316;PAT0163;2024-06-20 17:55:00;2024-06-20;17:55:00;38.8;105;70;124;91;24;1.32;95.5;25;7930;4.9;9;CAPT024;Mauvaise
M002317;PAT0032;2024-12-08 17:34:00;2024-12-08;17:34:00;35.5;137;60;94;94;17;0.73;72;21.6;7762;4.8;0;CAPT032;Bonne
M002318;PAT0108;2024-03-09 16:55:00;2024-03-09;16:55:00;35.9;130;80;57;99;13;0.85;79.9;29.5;2338;6.2;8;CAPT034;Moyenne
M002319;PAT0194;2024-10-30 10:50:00;2024-10-30;10:50:00;36.3;144;78;75;97;23;1.11;46.2;25;252;8.6;0;CAPT027;Bonne
M002320;PAT0127;2024-12-21 21:55:00;2024-12-21;21:55:00;37.9;120;87;93;94;12;2.12;98.1;33.6;2170;7;9;CAPT012;Moyenne
M002321;PAT0130;2024-05-22 19:32:00;2024-05-22;19:32:00;37.3;121;85;61;99;21;1.08;59.8;23.4;599;9.7;7;CAPT008;Bonne
M002322;PAT0181;2024-06-17 17:47:00;2024-06-17;17:47:00;39.1;111;74;62;99;20;0.87;52.5;26.3;2818;6.2;5;CAPT013;Bonne
M002323;PAT0006;2024-08-05 17:35:00;2024-08-05;17:35:00;39.4;158;88;74;98;21;1.15;88.4;30.9;2922;8.9;9;CAPT018;Bonne
M002324;PAT0199;2024-01-18 06:19:00;2024-01-18;06:19:00;39.3;110;88;99;99;22;1.2;77.5;30.9;3283;9.3;1;CAPT033;Bonne
M002325;PAT0127;2024-08-28 14:41:00;2024-08-28;14:41:00;38.5;101;71;70;96;13;1.67;97.9;21.8;560;4.6;7;CAPT026;Bonne
M002326;PAT0073;2024-08-18 00:53:00;2024-08-18;00:53:00;36.5;131;64;64;94;24;1.23;57.8;18.1;5295;3.1;8;CAPT008;Bonne
M002327;PAT0090;2024-11-22 13:01:00;2024-11-22;13:01:00;36.2;128;87;118;89;18;0.84;52;20.3;2330;4.9;6;CAPT011;Bonne
M002328;PAT0011;2024-02-04 20:54:00;2024-02-04;20:54:00;36.2;144;63;68;95;21;1.35;92.8;33.2;6601;7.3;1;CAPT047;Bonne
M002329;PAT0168;2024-08-24 04:00:00;2024-08-24;04:00:00;36.6;108;88;91;98;18;0.95;60.4;18.3;390;8;8;CAPT032;Bonne
M002330;PAT0177;2024-12-26 08:06:00;2024-12-26;08:06:00;37.8;116;77;98;99;21;1.11;53.8;24.3;5305;8.5;8;CAPT036;Moyenne
M002331;PAT0165;2024-11-14 15:45:00;2024-11-14;15:45:00;38;101;70;71;95;14;0.75;50.4;28.8;294;4;1;CAPT049;Bonne
M002332;PAT0071;2024-08-26 00:37:00;2024-08-26;00:37:00;38.4;122;85;78;98;19;2.45;75.7;20.6;3225;5.7;8;CAPT017;Bonne
M002333;PAT0148;2024-04-03 05:23:00;2024-04-03;05:23:00;35.8;148;94;88;96;17;0.98;72.3;23.1;381;4;0;CAPT019;Bonne
M002334;PAT0004;2024-12-21 20:43:00;2024-12-21;20:43:00;36.4;136;74;69;97;22;0.89;68.1;19.8;4804;8.8;0;CAPT004;Bonne
M002335;PAT0010;2024-07-14 16:27:00;2024-07-14;16:27:00;35.9;105;82;94;95;18;1.64;66;18.9;7381;3.1;8;CAPT035;Bonne
M002336;PAT0103;2024-11-30 05:03:00;2024-11-30;05:03:00;39.2;129;75;119;92;20;1.01;53.3;18.6;3392;7.2;5;CAPT050;Bonne
M002337;PAT0061;2024-07-31 23:08:00;2024-07-31;23:08:00;35.8;117;86;72;95;12;2.1;64.8;25;1823;6.8;4;CAPT002;Bonne
M002338;PAT0003;2024-08-31 19:20:00;2024-08-31;19:20:00;35.6;135;63;75;99;16;1.98;50.3;22.1;1935;5.3;8;CAPT037;Bonne
M002339;PAT0004;2024-08-24 06:39:00;2024-08-24;06:39:00;37.3;134;76;96;98;17;0.72;55.4;31.2;2755;7.6;7;CAPT011;Moyenne
M002340;PAT0042;2024-04-14 17:52:00;2024-04-14;17:52:00;37;133;82;85;98;24;0.77;47.3;26.7;7648;9.2;6;CAPT042;Bonne
M002341;PAT0100;2024-04-05 03:01:00;2024-04-05;03:01:00;38.7;141;65;102;95;23;1.05;59;32.8;106;8;1;CAPT018;Bonne
M002342;PAT0191;2024-02-27 15:07:00;2024-02-27;15:07:00;37.8;133;78;92;94;22;0.99;75.1;34.9;6385;3.5;9;CAPT001;Bonne
M002343;PAT0117;2024-05-05 13:03:00;2024-05-05;13:03:00;39.4;100;78;70;95;18;1.79;53;21.8;7950;5.1;0;CAPT009;Bonne
M002344;PAT0048;2024-02-17 20:25:00;2024-02-17;20:25:00;35.6;140;61;71;94;19;0.95;63.8;21.6;5993;7.1;5;CAPT049;Moyenne
M002345;PAT0022;2024-12-06 23:01:00;2024-12-06;23:01:00;37.8;174;92;84;98;23;0.8;61.8;32;6278;8.6;0;CAPT031;Moyenne
M002346;PAT0047;2024-01-12 06:43:00;2024-01-12;06:43:00;36.2;176;87;66;94;22;0.96;80.3;24;5482;3.7;1;CAPT009;Bonne
M002347;PAT0121;2024-11-29 14:38:00;2024-11-29;14:38:00;38.8;107;79;71;95;14;2.14;84.6;18.4;2530;9.8;5;CAPT009;Bonne
M002348;PAT0070;2024-12-20 11:37:00;2024-12-20;11:37:00;37.7;117;77;93;94;12;3.38;51.2;18.6;982;3.7;8;CAPT037;Bonne
M002349;PAT0171;2024-10-01 18:59:00;2024-10-01;18:59:00;38.9;100;80;64;97;20;0.78;54.4;25.3;467;9.2;8;CAPT049;Moyenne
M002350;PAT0180;2024-11-06 17:56:00;2024-11-06;17:56:00;37.2;114;87;102;89;23;0.9;71.3;25.3;1011;9.2;5;CAPT033;Mauvaise
M002351;PAT0173;2024-04-19 14:24:00;2024-04-19;14:24:00;39.5;101;61;124;92;20;0.99;94.9;26.5;5487;4.9;5;CAPT030;Bonne
M002352;PAT0067;2024-04-28 14:52:00;2024-04-28;14:52:00;38.1;111;89;63;95;24;0.72;98.7;34.6;4660;3.8;5;CAPT003;Bonne
M002353;PAT0126;2024-10-17 04:05:00;2024-10-17;04:05:00;37.2;107;75;57;95;14;0.9;47.4;24.9;2909;8.2;8;CAPT049;Bonne
M002354;PAT0136;2024-04-13 12:38:00;2024-04-13;12:38:00;39.3;127;63;99;90;24;1.35;79.4;32.2;7185;8.5;3;CAPT015;Bonne
M002355;PAT0072;2024-09-18 13:17:00;2024-09-18;13:17:00;37.3;128;75;82;98;19;1.08;97.3;26.6;449;3.8;2;CAPT037;Bonne
M002356;PAT0136;2024-05-20 13:11:00;2024-05-20;13:11:00;36.1;135;89;120;88;18;0.99;92.1;20.9;1467;10;8;CAPT013;Mauvaise
M002357;PAT0191;2024-12-17 23:09:00;2024-12-17;23:09:00;39;100;69;77;96;20;1.21;64.8;23.6;415;9.2;2;CAPT049;Bonne
M002358;PAT0056;2024-01-11 00:35:00;2024-01-11;00:35:00;37.6;102;87;66;96;12;0.7;58.7;23;7921;8;6;CAPT026;Bonne
M002359;PAT0117;2024-02-26 19:00:00;2024-02-26;19:00:00;35.5;104;85;94;98;14;1.75;73.7;31.1;1208;7;6;CAPT006;Moyenne
M002360;PAT0032;2024-07-26 00:01:00;2024-07-26;00:01:00;37.8;110;69;75;96;20;0.88;92.1;19.6;2963;7;0;CAPT048;Bonne
M002361;PAT0161;2024-04-30 04:43:00;2024-04-30;04:43:00;37.5;133;89;90;96;14;0.81;96.4;30.6;6570;7.1;4;CAPT035;Bonne
M002362;PAT0198;2024-08-23 23:45:00;2024-08-23;23:45:00;38;109;83;94;98;24;1.1;66.4;27.2;4868;8.1;9;CAPT020;Bonne
M002363;PAT0140;2024-02-12 17:27:00;2024-02-12;17:27:00;37.4;111;86;67;99;19;1.39;59.2;22.2;2190;3.4;0;CAPT039;Bonne
M002364;PAT0151;2024-12-16 07:15:00;2024-12-16;07:15:00;37.2;142;72;55;96;21;2.38;94;30.3;4842;4.7;7;CAPT029;Mauvaise
M002365;PAT0022;2024-09-24 02:20:00;2024-09-24;02:20:00;35.9;178;90;82;98;21;1.35;78.2;29;6837;7.9;0;CAPT022;Bonne
M002366;PAT0129;2024-10-20 09:09:00;2024-10-20;09:09:00;39.4;144;104;68;99;21;0.8;55.4;22.4;1244;8.9;0;CAPT001;Bonne
M002367;PAT0018;2024-06-14 07:17:00;2024-06-14;07:17:00;37.2;124;75;90;95;12;0.95;46.6;23.5;6658;9.6;6;CAPT039;Bonne
M002368;PAT0153;2024-10-24 22:17:00;2024-10-24;22:17:00;39;117;74;95;97;24;0.88;68.8;20.5;2746;3.4;1;CAPT004;Bonne
M002369;PAT0141;2024-11-25 23:01:00;2024-11-25;23:01:00;38.7;128;88;80;96;13;0.8;83.8;27.2;7832;3.6;2;CAPT033;Moyenne
M002370;PAT0039;2024-11-30 07:32:00;2024-11-30;07:32:00;37.3;118;60;81;99;24;1.34;95.7;22.9;6902;3;3;CAPT026;Bonne
M002371;PAT0037;2024-06-26 16:56:00;2024-06-26;16:56:00;35.8;140;64;92;97;12;0.72;59.4;23.5;637;4;4;CAPT015;Mauvaise
M002372;PAT0092;2024-04-08 13:19:00;2024-04-08;13:19:00;36.1;130;75;76;96;13;1.15;96.2;23.9;7792;6.2;1;CAPT001;Bonne
M002373;PAT0076;2024-11-13 03:49:00;2024-11-13;03:49:00;37.7;137;80;85;98;23;0.76;52.7;29.9;7451;3.8;5;CAPT008;Bonne
M002374;PAT0176;2024-02-05 20:11:00;2024-02-05;20:11:00;38.6;122;75;79;95;17;0.99;98.6;23.9;5800;3.1;6;CAPT043;Moyenne
M002375;PAT0102;2024-01-17 01:29:00;2024-01-17;01:29:00;37.9;139;70;79;97;20;0.78;57;22.5;5201;5.9;4;CAPT004;Bonne
M002376;PAT0022;2024-05-04 16:09:00;2024-05-04;16:09:00;37.3;145;85;67;99;16;0.79;46.6;30.3;273;8.2;6;CAPT012;Bonne
M002377;PAT0052;2024-03-06 18:47:00;2024-03-06;18:47:00;39.5;106;79;70;96;14;1.39;79.5;19.2;3738;3.6;0;CAPT002;Moyenne
M002378;PAT0168;2024-09-29 22:23:00;2024-09-29;22:23:00;35.5;128;67;87;99;20;1.33;85.4;25.4;4882;5.3;4;CAPT050;Bonne
M002379;PAT0188;2024-05-12 09:24:00;2024-05-12;09:24:00;38.4;124;69;112;90;12;1.34;98.4;23.2;1299;4.2;8;CAPT010;Mauvaise
M002380;PAT0113;2024-04-22 20:19:00;2024-04-22;20:19:00;37;111;60;64;97;14;0.99;98.2;19.8;5893;3.6;4;CAPT016;Bonne
M002381;PAT0002;2024-11-16 06:46:00;2024-11-16;06:46:00;36.7;127;62;76;95;15;0.96;91.5;22.4;5265;5.4;8;CAPT027;Bonne
M002382;PAT0022;2024-07-28 17:10:00;2024-07-28;17:10:00;36.2;176;106;87;98;22;1.04;62.5;19.7;6733;7.8;9;CAPT030;Bonne
M002383;PAT0172;2024-07-20 14:00:00;2024-07-20;14:00:00;37.5;120;75;62;95;18;1.37;91.6;30;5080;5.7;6;CAPT023;Bonne
M002384;PAT0179;2024-03-19 04:17:00;2024-03-19;04:17:00;39.4;142;98;55;98;24;1.25;97.6;28.6;5378;6.1;4;CAPT027;Bonne
M002385;PAT0140;2024-05-18 19:18:00;2024-05-18;19:18:00;37.4;114;63;57;97;16;1.01;90.6;29.3;3825;7;9;CAPT041;Bonne
M002386;PAT0054;2024-01-19 13:59:00;2024-01-19;13:59:00;35.9;107;71;57;96;13;0.95;73.1;26.5;1430;6.4;7;CAPT020;Moyenne
M002387;PAT0038;2024-06-09 08:51:00;2024-06-09;08:51:00;36.3;113;81;77;98;20;0.79;48;30.3;1739;9.2;2;CAPT049;Mauvaise
M002388;PAT0097;2024-02-26 04:05:00;2024-02-26;04:05:00;36.8;179;99;96;94;24;1.08;80;32.3;2725;7.2;8;CAPT049;Bonne
M002389;PAT0092;2024-05-11 18:50:00;2024-05-11;18:50:00;36.2;108;82;68;96;18;0.81;98.3;29.2;4766;4.9;7;CAPT019;Bonne
M002390;PAT0165;2024-03-04 03:42:00;2024-03-04;03:42:00;38.3;133;73;92;98;16;1.27;72.1;21.3;188;6.9;2;CAPT034;Bonne
M002391;PAT0038;2024-01-02 21:27:00;2024-01-02;21:27:00;36.4;127;85;96;99;12;1.02;57.4;29.5;6685;8.5;2;CAPT033;Bonne
M002392;PAT0129;2024-02-03 16:33:00;2024-02-03;16:33:00;36.6;176;87;59;94;14;1.26;89.1;27.1;169;10;9;CAPT026;Bonne
M002393;PAT0067;2024-01-10 11:54:00;2024-01-10;11:54:00;35.9;100;65;63;97;16;1.31;50.5;18.7;6970;3.6;9;CAPT024;Bonne
M002394;PAT0080;2024-05-22 02:51:00;2024-05-22;02:51:00;38.4;132;84;118;89;20;0.84;58.6;18.5;1461;8;8;CAPT004;Bonne
M002395;PAT0080;2024-09-27 13:00:00;2024-09-27;13:00:00;38.8;114;63;127;91;12;1.13;58.2;20.4;6678;8;4;CAPT042;Bonne
M002396;PAT0130;2024-01-30 06:10:00;2024-01-30;06:10:00;35.7;107;84;91;98;12;0.97;83.4;19.8;32;6.1;6;CAPT038;Bonne
M002397;PAT0160;2024-01-26 02:05:00;2024-01-26;02:05:00;38.7;104;73;69;98;20;1.12;46.8;18.2;4112;5.1;7;CAPT031;Mauvaise
M002398;PAT0030;2024-12-19 15:47:00;2024-12-19;15:47:00;35.9;153;104;61;98;22;0.87;90.2;31;6641;6.9;7;CAPT003;Bonne
M002399;PAT0200;2024-11-18 12:56:00;2024-11-18;12:56:00;39.2;100;81;86;98;23;1.22;86.8;34;4030;7.8;1;CAPT040;Bonne
M002400;PAT0193;2024-09-16 08:06:00;2024-09-16;08:06:00;37.8;123;77;106;94;15;1.39;60.7;34.6;6643;6.3;8;CAPT034;Bonne
M002401;PAT0085;2024-01-05 20:07:00;2024-01-05;20:07:00;35.8;118;77;74;99;19;1.31;97.7;23.8;576;5.4;7;CAPT011;Bonne
M002402;PAT0181;2024-08-29 05:35:00;2024-08-29;05:35:00;37.6;118;89;80;95;23;0.78;92.7;25.5;4837;8.2;3;CAPT031;Bonne
M002403;PAT0036;2024-11-02 01:45:00;2024-11-02;01:45:00;36.4;132;64;82;94;13;1.25;51.2;25.1;4198;6;7;CAPT036;Bonne
M002404;PAT0177;2024-11-11 15:53:00;2024-11-11;15:53:00;36.1;110;71;67;94;20;1.06;94.2;29.5;7643;9.2;1;CAPT038;Bonne
M002405;PAT0163;2024-05-08 15:31:00;2024-05-08;15:31:00;38.6;101;63;101;95;21;1.39;74.5;26.2;3714;8.9;3;CAPT003;Bonne
M002406;PAT0115;2024-10-13 03:57:00;2024-10-13;03:57:00;39.1;104;77;57;95;22;1.31;55;22.9;3730;3.1;4;CAPT047;Moyenne
M002407;PAT0184;2024-06-29 14:55:00;2024-06-29;14:55:00;39.4;127;80;90;99;17;1.08;46.7;20.9;6160;4.8;5;CAPT019;Bonne
M002408;PAT0050;2024-03-10 06:56:00;2024-03-10;06:56:00;37.1;109;88;65;98;17;1.26;55.2;34.5;1857;3.9;0;CAPT038;Bonne
M002409;PAT0010;2024-07-15 19:42:00;2024-07-15;19:42:00;38.6;134;64;90;97;19;3.02;75.3;32.4;4582;4.8;9;CAPT043;Bonne
M002410;PAT0121;2024-08-14 21:43:00;2024-08-14;21:43:00;36.9;114;64;99;97;17;1.25;69;29.7;1744;4.7;5;CAPT024;Bonne
M002411;PAT0179;2024-03-13 02:20:00;2024-03-13;02:20:00;35.7;148;101;62;95;21;1.22;51.3;24.9;7020;5.1;5;CAPT010;Bonne
M002412;PAT0100;2024-09-02 00:13:00;2024-09-02;00:13:00;36.3;115;65;113;91;14;0.75;47.6;34;3205;8.7;3;CAPT034;Moyenne
M002413;PAT0197;2024-03-21 09:54:00;2024-03-21;09:54:00;36.3;125;64;116;88;22;0.88;86.1;19.9;4901;6.8;2;CAPT015;Bonne
M002414;PAT0148;2024-10-04 09:32:00;2024-10-04;09:32:00;35.8;149;108;95;96;20;0.8;46.3;23.1;7346;3.7;7;CAPT028;Bonne
M002415;PAT0154;2024-02-08 00:20:00;2024-02-08;00:20:00;38.9;122;63;64;94;14;1.27;47.6;19.7;5390;9.4;2;CAPT025;Bonne
M002416;PAT0122;2024-10-08 12:44:00;2024-10-08;12:44:00;36.7;118;76;75;95;14;1.2;84.2;22.2;7312;7.7;1;CAPT040;Bonne
M002417;PAT0085;2024-10-08 02:05:00;2024-10-08;02:05:00;35.5;100;70;64;98;19;0.86;45.9;20;68;8.3;7;CAPT032;Moyenne
M002418;PAT0108;2024-03-20 15:32:00;2024-03-20;15:32:00;38.8;135;82;92;96;20;0.88;77.2;25.2;6891;9.7;9;CAPT021;Moyenne
M002419;PAT0121;2024-06-21 10:47:00;2024-06-21;10:47:00;38.6;112;84;84;98;19;1.77;92.5;20.3;1286;8.4;8;CAPT029;Mauvaise
M002420;PAT0127;2024-02-20 04:14:00;2024-02-20;04:14:00;37.9;103;70;94;99;20;1.96;87.1;26.5;3357;3.7;9;CAPT024;Bonne
M002421;PAT0067;2024-11-23 01:48:00;2024-11-23;01:48:00;38.2;106;63;89;97;24;0.81;77.9;20.7;4371;8.1;0;CAPT002;Bonne
M002422;PAT0040;2024-05-29 13:48:00;2024-05-29;13:48:00;38.5;138;76;80;95;15;0.91;99.5;31.1;1194;6;2;CAPT030;Bonne
M002423;PAT0120;2024-07-02 02:28:00;2024-07-02;02:28:00;35.9;146;85;90;99;12;0.8;70.3;19;749;6.5;7;CAPT008;Bonne
M002424;PAT0093;2024-05-14 20:30:00;2024-05-14;20:30:00;37.6;116;71;76;95;23;2.08;80.3;21.9;2161;7.7;3;CAPT004;Bonne
M002425;PAT0056;2024-06-11 09:14:00;2024-06-11;09:14:00;37.6;112;84;72;96;23;0.77;87.7;33.1;3816;5.1;2;CAPT005;Bonne
M002426;PAT0078;2024-06-15 22:29:00;2024-06-15;22:29:00;38.2;142;65;57;96;15;2.36;66.1;20.8;24;4.2;7;CAPT017;Moyenne
M002427;PAT0198;2024-12-16 16:25:00;2024-12-16;16:25:00;39.4;134;73;93;94;14;1.23;94.1;21.2;1730;6.6;1;CAPT020;Bonne
M002428;PAT0012;2024-08-07 08:08:00;2024-08-07;08:08:00;35.5;140;81;92;96;16;2.23;80.9;24.4;1310;4.4;4;CAPT031;Moyenne
M002429;PAT0018;2024-12-27 06:21:00;2024-12-27;06:21:00;36.3;108;78;96;97;21;1.3;75.2;33.7;186;6.3;7;CAPT045;Moyenne
M002430;PAT0036;2024-03-05 06:57:00;2024-03-05;06:57:00;37.6;138;66;58;97;17;0.95;84.7;32.2;763;7.3;8;CAPT027;Moyenne
M002431;PAT0172;2024-05-14 16:58:00;2024-05-14;16:58:00;39.2;106;63;67;96;18;1.19;99.7;28.1;1929;4.6;8;CAPT004;Bonne
M002432;PAT0178;2024-07-08 07:16:00;2024-07-08;07:16:00;35.5;134;85;79;98;19;0.93;88.4;29.7;715;9.6;2;CAPT039;Bonne
M002433;PAT0198;2024-04-12 18:26:00;2024-04-12;18:26:00;38.5;111;79;60;97;21;0.8;97.6;23.6;1345;9;7;CAPT028;Bonne
M002434;PAT0066;2024-06-09 06:43:00;2024-06-09;06:43:00;38.1;106;67;77;96;21;1.24;62.7;25.7;419;8.2;0;CAPT033;Moyenne
M002435;PAT0153;2024-09-12 22:21:00;2024-09-12;22:21:00;36.9;122;86;97;96;24;1.32;53.7;32.5;2226;7.1;0;CAPT002;Bonne
M002436;PAT0062;2024-09-26 08:09:00;2024-09-26;08:09:00;38.9;121;72;66;94;12;1.28;71.2;32.6;4339;8.2;6;CAPT009;Bonne
M002437;PAT0117;2024-04-02 01:45:00;2024-04-02;01:45:00;36.2;142;83;95;94;15;2.88;96.9;20.5;1523;3.7;2;CAPT049;Bonne
M002438;PAT0020;2024-07-08 20:56:00;2024-07-08;20:56:00;37.5;140;72;78;95;13;1.29;78.4;34.5;599;3.7;0;CAPT011;Mauvaise
M002439;PAT0015;2024-03-21 19:56:00;2024-03-21;19:56:00;37.7;108;71;89;99;18;1.25;51.3;22.6;3414;6.9;9;CAPT037;Bonne
M002440;PAT0142;2024-07-10 05:06:00;2024-07-10;05:06:00;38.8;166;103;64;94;16;0.86;97.5;18.1;7234;7.1;0;CAPT012;Moyenne
M002441;PAT0048;2024-04-02 23:26:00;2024-04-02;23:26:00;39.5;126;78;76;95;13;0.72;99.1;31.5;4590;3.1;7;CAPT018;Moyenne
M002442;PAT0048;2024-05-17 15:53:00;2024-05-17;15:53:00;35.8;109;82;87;97;20;1.18;68.2;18.4;7652;3.5;8;CAPT030;Bonne
M002443;PAT0195;2024-04-20 02:25:00;2024-04-20;02:25:00;39.2;164;92;77;96;15;0.71;69.5;31.2;5650;9.2;3;CAPT044;Moyenne
M002444;PAT0003;2024-05-29 18:12:00;2024-05-29;18:12:00;36.3;109;83;67;98;15;3.37;67.7;25.8;1709;4.8;4;CAPT018;Bonne
M002445;PAT0097;2024-02-27 14:10:00;2024-02-27;14:10:00;37.8;170;91;84;99;12;1.1;88;25.4;1199;4.7;7;CAPT036;Bonne
M002446;PAT0002;2024-10-15 01:47:00;2024-10-15;01:47:00;37.1;130;85;81;95;16;1.08;96.1;22.4;5995;4.1;6;CAPT023;Bonne
M002447;PAT0158;2024-10-08 10:06:00;2024-10-08;10:06:00;38.3;135;99;57;99;18;1.21;57;28.3;2597;3.9;0;CAPT045;Bonne
M002448;PAT0041;2024-09-09 05:34:00;2024-09-09;05:34:00;38.9;107;85;104;93;15;1.39;53.8;27.7;3638;8.8;2;CAPT015;Moyenne
M002449;PAT0090;2024-06-01 18:52:00;2024-06-01;18:52:00;37.2;135;83;99;91;13;1.16;51.9;25.3;4897;5.9;3;CAPT026;Bonne
M002450;PAT0166;2024-03-28 14:55:00;2024-03-28;14:55:00;36.2;170;100;69;95;18;0.93;80.4;24.1;5294;4.4;5;CAPT032;Bonne
M002451;PAT0068;2024-11-16 18:23:00;2024-11-16;18:23:00;35.6;118;67;55;96;16;1.14;84.8;26.6;6449;6.8;4;CAPT020;Bonne
M002452;PAT0001;2024-09-10 11:48:00;2024-09-10;11:48:00;37.2;118;68;97;94;15;2.16;92.9;20.9;3817;6.8;5;CAPT043;Bonne
M002453;PAT0184;2024-10-16 05:38:00;2024-10-16;05:38:00;35.7;131;62;85;97;16;1.35;55.2;19.3;7670;5.6;4;CAPT020;Moyenne
M002454;PAT0061;2024-05-23 08:34:00;2024-05-23;08:34:00;37.8;136;66;92;99;21;2.63;46.9;21.8;31;9.3;1;CAPT023;Moyenne
M002455;PAT0050;2024-03-29 00:10:00;2024-03-29;00:10:00;36.5;119;64;63;99;12;0.87;48.7;20.6;2834;5.6;6;CAPT042;Bonne
M002456;PAT0085;2024-01-31 03:39:00;2024-01-31;03:39:00;39;104;74;96;94;18;0.94;57.4;23.7;6154;5.3;8;CAPT046;Bonne
M002457;PAT0175;2024-04-25 12:37:00;2024-04-25;12:37:00;37.5;175;87;76;96;15;1.33;75.5;27.5;3615;7.9;6;CAPT014;Bonne
M002458;PAT0160;2024-05-05 06:56:00;2024-05-05;06:56:00;36.1;119;84;99;96;23;0.84;91.7;24.7;3479;4.1;7;CAPT028;Bonne
M002459;PAT0034;2024-10-02 00:22:00;2024-10-02;00:22:00;37.8;138;63;66;94;12;0.71;85.7;35;2621;4.6;0;CAPT009;Bonne
M002460;PAT0069;2024-02-16 05:56:00;2024-02-16;05:56:00;37.8;143;85;65;98;22;1.23;69.4;23.7;209;7.2;7;CAPT021;Bonne
M002461;PAT0157;2024-03-09 01:07:00;2024-03-09;01:07:00;36.1;127;73;70;97;20;1.12;98.2;24.8;499;3.5;6;CAPT030;Bonne
M002462;PAT0080;2024-05-22 05:04:00;2024-05-22;05:04:00;39.1;140;72;115;92;17;1.11;66.1;28.1;5874;9.1;9;CAPT042;Bonne
M002463;PAT0024;2024-08-17 10:39:00;2024-08-17;10:39:00;39.4;124;73;69;98;21;2.5;50.4;20.3;4269;5.8;9;CAPT005;Bonne
M002464;PAT0180;2024-09-03 11:14:00;2024-09-03;11:14:00;38.4;143;87;127;91;19;0.86;52;25.2;1612;9.7;7;CAPT031;Mauvaise
M002465;PAT0082;2024-09-17 20:58:00;2024-09-17;20:58:00;37.1;173;96;93;96;20;0.81;66.1;33.3;753;4;2;CAPT002;Bonne
M002466;PAT0159;2024-08-17 07:01:00;2024-08-17;07:01:00;35.5;142;84;58;95;14;1;77.6;29.2;4876;9.2;3;CAPT018;Bonne
M002467;PAT0081;2024-05-18 01:12:00;2024-05-18;01:12:00;36.2;141;88;91;96;21;3.21;50.8;24;7399;4.6;7;CAPT022;Bonne
M002468;PAT0091;2024-02-18 08:13:00;2024-02-18;08:13:00;38.4;114;76;75;94;17;0.71;52.7;27.9;6170;3.7;6;CAPT016;Moyenne
M002469;PAT0171;2024-09-21 14:31:00;2024-09-21;14:31:00;39.2;111;80;56;98;20;1.29;70.4;20.4;5011;6.3;1;CAPT009;Moyenne
M002470;PAT0096;2024-05-08 04:09:00;2024-05-08;04:09:00;39.4;156;92;88;94;18;1.18;72.6;22;6685;8.7;1;CAPT041;Mauvaise
M002471;PAT0173;2024-10-03 03:37:00;2024-10-03;03:37:00;36.2;120;64;118;94;16;0.92;96;18.1;7018;8.4;5;CAPT031;Moyenne
M002472;PAT0127;2024-09-09 20:24:00;2024-09-09;20:24:00;38.8;118;62;78;95;23;1.3;55.9;21.6;1477;4.6;9;CAPT011;Bonne
M002473;PAT0151;2024-10-12 13:22:00;2024-10-12;13:22:00;35.9;144;77;56;98;23;2.56;93;34;863;4.2;4;CAPT030;Bonne
M002474;PAT0184;2024-05-28 13:17:00;2024-05-28;13:17:00;35.7;133;77;77;96;16;1.08;73.6;28.8;106;8.5;8;CAPT023;Bonne
M002475;PAT0189;2024-04-08 23:34:00;2024-04-08;23:34:00;36.2;132;84;91;98;23;2.41;87.6;29.9;2799;8;5;CAPT031;Bonne
M002476;PAT0035;2024-03-29 00:47:00;2024-03-29;00:47:00;37.5;118;86;63;98;16;0.98;66.9;20.1;3032;7.1;9;CAPT011;Mauvaise
M002477;PAT0093;2024-04-20 20:55:00;2024-04-20;20:55:00;36.8;135;75;70;95;19;1.9;65.5;31.4;2452;5.7;0;CAPT036;Bonne
M002478;PAT0041;2024-06-28 00:48:00;2024-06-28;00:48:00;35.9;124;80;97;88;18;0.82;55.1;30.4;3590;7.6;7;CAPT041;Mauvaise
M002479;PAT0104;2024-06-02 14:11:00;2024-06-02;14:11:00;37.7;145;99;95;94;22;0.82;55.4;30.9;6117;9.2;8;CAPT042;Bonne
M002480;PAT0004;2024-03-27 05:15:00;2024-03-27;05:15:00;39.2;101;63;82;94;22;0.76;49.8;27.7;5442;4.2;7;CAPT001;Mauvaise
M002481;PAT0004;2024-12-01 13:25:00;2024-12-01;13:25:00;36.2;120;81;91;97;22;1.12;83.1;18.7;43;5.9;5;CAPT001;Bonne
M002482;PAT0068;2024-06-24 01:37:00;2024-06-24;01:37:00;36.9;112;81;57;98;23;1.34;55.7;19.1;1781;8.9;4;CAPT042;Bonne
M002483;PAT0011;2024-04-28 19:04:00;2024-04-28;19:04:00;35.7;106;76;68;94;22;0.71;86.8;27.8;3276;4.7;0;CAPT049;Bonne
M002484;PAT0052;2024-03-31 04:10:00;2024-03-31;04:10:00;36.7;112;64;84;94;24;1.08;70.5;19.5;5604;7.1;6;CAPT025;Bonne
M002485;PAT0002;2024-08-02 00:59:00;2024-08-02;00:59:00;37.6;105;61;70;96;16;1.19;70.4;29.2;6627;5.2;5;CAPT018;Bonne
M002486;PAT0103;2024-12-16 23:26:00;2024-12-16;23:26:00;38.8;102;63;121;88;13;0.78;48;34.6;2156;9.1;8;CAPT026;Moyenne
M002487;PAT0073;2024-09-26 22:22:00;2024-09-26;22:22:00;35.5;109;69;98;99;18;0.85;76.5;21.9;6405;4.2;7;CAPT018;Bonne
M002488;PAT0109;2024-08-05 21:09:00;2024-08-05;21:09:00;38.9;120;83;96;95;20;0.76;82;21.5;2367;9.1;7;CAPT013;Bonne
M002489;PAT0106;2024-11-25 19:16:00;2024-11-25;19:16:00;36.6;111;62;61;94;19;1.46;50.1;25.4;4696;4;5;CAPT013;Bonne
M002490;PAT0184;2024-06-27 08:57:00;2024-06-27;08:57:00;38.8;115;87;58;98;17;0.77;51.4;30.7;7918;6.2;5;CAPT030;Bonne
M002491;PAT0121;2024-07-17 16:23:00;2024-07-17;16:23:00;37.4;131;60;67;96;13;2.71;68.1;33.6;2321;3.2;5;CAPT045;Bonne
M002492;PAT0054;2024-11-05 09:11:00;2024-11-05;09:11:00;38;110;66;76;97;12;1.25;47.5;22.7;7858;6;9;CAPT005;Moyenne
M002493;PAT0122;2024-06-23 03:32:00;2024-06-23;03:32:00;37.7;105;77;58;96;24;0.93;46.1;19.5;5351;8.9;9;CAPT040;Moyenne
M002494;PAT0158;2024-03-29 09:44:00;2024-03-29;09:44:00;36.2;145;87;69;97;13;1.1;93.5;22.9;1466;4.5;4;CAPT020;Bonne
M002495;PAT0069;2024-02-09 15:10:00;2024-02-09;15:10:00;36.4;123;89;94;96;12;1.24;64;31.3;851;8.6;8;CAPT033;Bonne
M002496;PAT0100;2024-08-17 18:48:00;2024-08-17;18:48:00;39.5;130;76;120;95;18;1.1;54.1;32.9;1733;8.4;6;CAPT024;Bonne
M002497;PAT0191;2024-03-11 13:35:00;2024-03-11;13:35:00;37.8;139;69;65;95;23;0.86;60.4;25.9;5179;4.4;3;CAPT028;Bonne
M002498;PAT0188;2024-02-02 20:00:00;2024-02-02;20:00:00;39.4;126;85;101;92;19;1.19;45.2;23.8;4559;6.5;2;CAPT022;Bonne
M002499;PAT0161;2024-09-03 23:17:00;2024-09-03;23:17:00;36.2;130;72;66;96;24;1.32;66.5;22.7;7937;5.2;0;CAPT038;Bonne
M002500;PAT0155;2024-01-17 18:49:00;2024-01-17;18:49:00;36.4;140;84;94;98;12;0.71;74.3;22.5;799;6;5;CAPT020;Moyenne
M002501;PAT0126;2024-11-21 13:47:00;2024-11-21;13:47:00;35.9;122;83;67;98;17;1.29;57.2;26.6;1355;9.3;6;CAPT017;Moyenne
M002502;PAT0071;2024-01-27 12:46:00;2024-01-27;12:46:00;37;142;87;68;94;19;1.69;74.8;25.7;4340;7.6;9;CAPT023;Bonne
M002503;PAT0107;2024-07-31 14:08:00;2024-07-31;14:08:00;38.2;121;69;97;92;16;0.88;66.3;22;4102;6.9;9;CAPT005;Bonne
M002504;PAT0095;2024-12-21 02:33:00;2024-12-21;02:33:00;37;129;64;86;94;17;1.16;73.5;28.4;3062;3.2;7;CAPT004;Moyenne
M002505;PAT0039;2024-12-22 05:36:00;2024-12-22;05:36:00;38.9;113;75;97;97;23;1.02;45.6;26.8;526;5.3;7;CAPT045;Bonne
M002506;PAT0117;2024-10-14 12:01:00;2024-10-14;12:01:00;36.7;108;60;89;97;15;2.69;58;25;2028;9.2;6;CAPT003;Bonne
M002507;PAT0087;2024-04-26 22:15:00;2024-04-26;22:15:00;37.3;109;75;87;97;17;3.27;95.3;28.1;6226;4.7;1;CAPT002;Bonne
M002508;PAT0102;2024-08-13 21:13:00;2024-08-13;21:13:00;35.6;127;87;58;98;12;1.04;67.3;29.9;3310;9.2;9;CAPT008;Moyenne
M002509;PAT0141;2024-04-03 23:11:00;2024-04-03;23:11:00;37.2;144;85;56;97;15;1.35;93.8;26.1;384;7;6;CAPT018;Bonne
M002510;PAT0199;2024-01-09 16:28:00;2024-01-09;16:28:00;37.5;110;85;96;94;22;0.76;72.9;23.6;6487;6.5;9;CAPT022;Moyenne
M002511;PAT0174;2024-01-24 12:30:00;2024-01-24;12:30:00;38.5;106;82;111;91;15;1.12;76.5;21.5;410;7.8;7;CAPT011;Bonne
M002512;PAT0179;2024-11-12 16:48:00;2024-11-12;16:48:00;37.4;153;91;66;96;16;1.06;67;30.6;1607;5.2;3;CAPT041;Bonne
M002513;PAT0083;2024-12-09 20:19:00;2024-12-09;20:19:00;37.8;131;67;66;95;20;1.29;52.6;20;4197;6.2;4;CAPT017;Bonne
M002514;PAT0166;2024-08-04 22:48:00;2024-08-04;22:48:00;35.8;154;101;65;95;23;1.3;92.5;29.6;3266;6.1;5;CAPT027;Bonne
M002515;PAT0101;2024-02-01 02:25:00;2024-02-01;02:25:00;38.6;144;70;62;98;21;0.84;76.8;34.4;2721;9.3;7;CAPT001;Bonne
M002516;PAT0122;2024-10-24 18:11:00;2024-10-24;18:11:00;38.6;116;70;88;98;24;0.83;73;28.5;1071;7.7;9;CAPT037;Bonne
M002517;PAT0138;2024-09-08 03:35:00;2024-09-08;03:35:00;36.1;124;64;62;98;15;1.35;83.6;34.4;2861;8.4;8;CAPT050;Bonne
M002518;PAT0060;2024-08-22 23:58:00;2024-08-22;23:58:00;39.2;133;62;84;95;16;2.27;74.4;32;7969;5.2;4;CAPT017;Bonne
M002519;PAT0044;2024-05-29 05:01:00;2024-05-29;05:01:00;36.3;101;84;128;94;16;0.98;83.3;27.1;6279;9.7;6;CAPT016;Bonne
M002520;PAT0023;2024-05-01 10:19:00;2024-05-01;10:19:00;38.2;137;73;72;94;20;2.75;80.2;29.8;5868;3.8;4;CAPT023;Mauvaise
M002521;PAT0199;2024-08-02 14:01:00;2024-08-02;14:01:00;39.5;103;71;62;98;18;1.1;77.9;19.1;5906;5.4;7;CAPT035;Bonne
M002522;PAT0113;2024-07-07 08:38:00;2024-07-07;08:38:00;37.6;108;89;71;97;22;0.83;97.7;22.6;6030;6.9;3;CAPT033;Moyenne
M002523;PAT0191;2024-12-03 07:51:00;2024-12-03;07:51:00;35.7;115;85;91;98;12;1.24;53.1;32.8;4536;7.7;5;CAPT048;Bonne
M002524;PAT0020;2024-10-02 03:26:00;2024-10-02;03:26:00;37.4;121;64;73;96;24;1.03;92.3;18.1;2893;7.4;1;CAPT042;Bonne
M002525;PAT0070;2024-12-13 03:21:00;2024-12-13;03:21:00;39;138;64;68;94;21;2.73;74;32.7;3390;8.3;6;CAPT004;Bonne
M002526;PAT0027;2024-05-09 18:58:00;2024-05-09;18:58:00;38.4;124;73;82;95;12;2.07;52.8;32.4;314;6.6;3;CAPT022;Moyenne
M002527;PAT0001;2024-08-17 01:07:00;2024-08-17;01:07:00;37.4;117;62;91;94;20;1.66;96.5;34.6;7191;5.9;7;CAPT020;Bonne
M002528;PAT0011;2024-01-25 06:01:00;2024-01-25;06:01:00;37.6;132;71;76;98;21;1.01;74.7;26.8;3920;9.3;4;CAPT005;Bonne
M002529;PAT0117;2024-03-17 16:10:00;2024-03-17;16:10:00;37.9;108;72;77;99;22;1.57;67.8;21;1526;9.1;3;CAPT019;Bonne
M002530;PAT0077;2024-06-16 00:42:00;2024-06-16;00:42:00;38.9;108;66;70;95;18;1.29;70.2;26.8;2078;7.6;8;CAPT022;Bonne
M002531;PAT0145;2024-11-27 14:40:00;2024-11-27;14:40:00;36.6;100;86;82;95;19;0.83;49.1;27.2;7500;6;0;CAPT038;Bonne
M002532;PAT0176;2024-11-03 12:54:00;2024-11-03;12:54:00;35.9;136;72;76;97;17;0.78;89;24.9;6413;3.9;2;CAPT036;Bonne
M002533;PAT0009;2024-01-09 07:39:00;2024-01-09;07:39:00;36;139;72;93;97;23;1.07;48.1;30.9;3495;4.2;1;CAPT027;Bonne
M002534;PAT0050;2024-05-15 08:17:00;2024-05-15;08:17:00;36.4;127;63;82;94;23;1.17;89.2;24.5;2699;7.6;4;CAPT042;Bonne
M002535;PAT0065;2024-09-24 21:52:00;2024-09-24;21:52:00;39;170;104;80;95;17;0.93;94.5;19.4;6007;3.1;8;CAPT048;Moyenne
M002536;PAT0076;2024-12-02 04:19:00;2024-12-02;04:19:00;36.1;133;61;61;97;24;1.27;93.2;21.7;915;7.2;9;CAPT038;Moyenne
M002537;PAT0024;2024-03-20 07:29:00;2024-03-20;07:29:00;37;101;75;57;94;15;3.36;45.5;27.4;4358;4.9;4;CAPT029;Moyenne
M002538;PAT0104;2024-12-26 01:15:00;2024-12-26;01:15:00;37.9;179;100;91;96;22;1.28;80.7;25.6;5562;3.9;8;CAPT049;Moyenne
M002539;PAT0076;2024-06-11 04:54:00;2024-06-11;04:54:00;38.6;120;68;62;99;14;0.87;82.9;18.7;1205;5.5;4;CAPT045;Bonne
M002540;PAT0196;2024-09-13 02:44:00;2024-09-13;02:44:00;37.6;113;66;95;97;12;1;69.2;24.2;6818;9.6;7;CAPT044;Bonne
M002541;PAT0005;2024-07-23 22:17:00;2024-07-23;22:17:00;38.9;128;69;107;90;23;1.38;94.4;27.3;463;3.8;1;CAPT046;Moyenne
M002542;PAT0146;2024-09-12 07:33:00;2024-09-12;07:33:00;37;164;103;77;94;16;1.02;96.6;24.8;3353;4.1;8;CAPT013;Bonne
M002543;PAT0033;2024-01-20 12:25:00;2024-01-20;12:25:00;38.7;173;85;94;96;24;0.86;78.2;28.6;3603;6.7;3;CAPT019;Mauvaise
M002544;PAT0150;2024-07-09 18:19:00;2024-07-09;18:19:00;37.8;111;83;87;94;20;0.75;71.7;33.5;1268;9.2;3;CAPT012;Bonne
M002545;PAT0035;2024-05-11 05:38:00;2024-05-11;05:38:00;37.6;114;83;80;95;23;1.22;55.1;34.3;2886;6.9;2;CAPT009;Bonne
M002546;PAT0003;2024-07-22 02:29:00;2024-07-22;02:29:00;39.3;131;68;68;98;19;2.08;76.3;24.9;891;4.3;0;CAPT023;Moyenne
M002547;PAT0097;2024-10-29 19:42:00;2024-10-29;19:42:00;38.8;164;100;66;95;13;1.13;77.3;30.5;2577;8.5;7;CAPT047;Bonne
M002548;PAT0141;2024-06-13 17:47:00;2024-06-13;17:47:00;37.4;128;81;90;94;22;0.87;98.5;27.5;4406;6.2;7;CAPT032;Bonne
M002549;PAT0116;2024-07-09 13:00:00;2024-07-09;13:00:00;36.7;133;75;122;91;17;1.13;58.6;26.9;5277;3.3;4;CAPT017;Bonne
M002550;PAT0156;2024-02-18 10:12:00;2024-02-18;10:12:00;37.9;119;85;69;95;24;1.27;86;34.6;5014;7.2;1;CAPT010;Moyenne
M002551;PAT0033;2024-01-16 00:57:00;2024-01-16;00:57:00;35.8;167;105;71;97;24;0.98;61.4;29.1;184;7.6;7;CAPT030;Bonne
M002552;PAT0103;2024-11-11 23:47:00;2024-11-11;23:47:00;39.3;136;66;97;94;15;0.8;97.6;23.2;276;7.6;9;CAPT015;Bonne
M002553;PAT0009;2024-10-15 02:13:00;2024-10-15;02:13:00;36.7;129;87;70;96;17;1.31;45.9;26.8;6812;7;8;CAPT021;Mauvaise
M002554;PAT0039;2024-10-05 15:08:00;2024-10-05;15:08:00;35.6;113;61;67;96;13;1.33;78.7;25.4;6197;5.3;3;CAPT043;Moyenne
M002555;PAT0099;2024-12-07 22:08:00;2024-12-07;22:08:00;36.7;118;75;117;91;14;0.91;45.6;28.6;1334;8;0;CAPT010;Mauvaise
M002556;PAT0015;2024-04-29 10:53:00;2024-04-29;10:53:00;36.4;115;81;74;94;12;1.06;76.4;26.2;6340;6;4;CAPT039;Bonne
M002557;PAT0027;2024-05-13 17:57:00;2024-05-13;17:57:00;38;112;71;90;99;20;2.63;51.9;33.9;3139;9.6;6;CAPT050;Bonne
M002558;PAT0140;2024-01-18 20:54:00;2024-01-18;20:54:00;37;120;65;78;98;14;1.34;74.4;32.9;3941;3.6;1;CAPT043;Bonne
M002559;PAT0094;2024-01-02 14:39:00;2024-01-02;14:39:00;37.1;114;78;117;95;20;0.87;50.5;26.9;4804;7;4;CAPT031;Bonne
M002560;PAT0040;2024-11-29 23:41:00;2024-11-29;23:41:00;39.4;102;64;87;96;21;1.23;61;32.4;2196;5.2;3;CAPT020;Mauvaise
M002561;PAT0126;2024-12-29 05:20:00;2024-12-29;05:20:00;36.4;116;88;62;99;21;0.88;49;21.3;3867;7.6;1;CAPT021;Bonne
M002562;PAT0104;2024-01-27 15:31:00;2024-01-27;15:31:00;37.5;178;89;67;99;20;0.77;80.3;19.2;4334;9.9;6;CAPT023;Bonne
M002563;PAT0016;2024-02-14 18:48:00;2024-02-14;18:48:00;38.2;129;70;58;94;23;0.86;98.1;20.5;328;5.3;4;CAPT040;Moyenne
M002564;PAT0191;2024-11-01 23:04:00;2024-11-01;23:04:00;37.9;107;60;79;94;14;1.29;73.4;21.3;2407;6.2;0;CAPT013;Bonne
M002565;PAT0077;2024-05-30 09:17:00;2024-05-30;09:17:00;38.9;137;80;81;99;14;1.21;60.8;28.4;5577;8.5;9;CAPT032;Bonne
M002566;PAT0111;2024-09-30 13:55:00;2024-09-30;13:55:00;36;123;87;76;98;24;0.72;57.4;34.8;2403;9.5;3;CAPT001;Bonne
M002567;PAT0178;2024-07-30 10:04:00;2024-07-30;10:04:00;38.6;122;73;86;96;22;1.29;78.5;31.4;1746;7.4;5;CAPT045;Bonne
M002568;PAT0143;2024-07-01 02:30:00;2024-07-01;02:30:00;38.3;104;76;87;96;14;1.3;97.9;20.8;3491;6.8;2;CAPT023;Bonne
M002569;PAT0021;2024-07-15 06:16:00;2024-07-15;06:16:00;35.6;114;63;87;96;12;0.89;89.8;27.5;7242;5.5;0;CAPT001;Bonne
M002570;PAT0089;2024-02-10 23:47:00;2024-02-10;23:47:00;38.7;140;73;83;94;13;0.94;62.7;32.2;2705;4.8;1;CAPT046;Bonne
M002571;PAT0159;2024-07-06 07:38:00;2024-07-06;07:38:00;38.2;139;60;96;99;15;0.97;95.7;18.8;4895;6.4;9;CAPT031;Bonne
M002572;PAT0001;2024-01-06 18:15:00;2024-01-06;18:15:00;39.1;108;64;65;96;22;1.32;89.1;30.2;4291;5.2;9;CAPT020;Bonne
M002573;PAT0031;2024-01-10 07:38:00;2024-01-10;07:38:00;39.2;137;67;78;94;20;1.08;84.2;20.5;6634;3.6;2;CAPT035;Bonne
M002574;PAT0007;2024-10-28 12:25:00;2024-10-28;12:25:00;38.6;110;62;71;95;24;1.18;87.2;30.6;1922;3.3;5;CAPT033;Bonne
M002575;PAT0096;2024-10-05 17:25:00;2024-10-05;17:25:00;38.2;159;91;56;94;18;1.34;60.3;34.5;7571;8.2;6;CAPT043;Bonne
M002576;PAT0114;2024-01-07 04:25:00;2024-01-07;04:25:00;36.8;135;78;75;96;14;2.43;78.4;23.7;7011;9.8;7;CAPT025;Moyenne
M002577;PAT0073;2024-12-29 19:13:00;2024-12-29;19:13:00;39;142;75;57;95;12;1.18;84.7;23.8;441;5.9;0;CAPT013;Bonne
M002578;PAT0015;2024-11-05 14:19:00;2024-11-05;14:19:00;36.6;106;83;59;98;23;1.35;46.1;33.4;2321;9.3;7;CAPT049;Bonne
M002579;PAT0197;2024-09-06 01:32:00;2024-09-06;01:32:00;38.4;144;60;99;88;12;1.29;78.3;26.2;7072;9.8;0;CAPT039;Bonne
M002580;PAT0044;2024-12-13 22:07:00;2024-12-13;22:07:00;37.9;127;82;121;91;18;0.73;78.8;27.2;2697;8.1;6;CAPT045;Bonne
M002581;PAT0162;2024-05-24 07:05:00;2024-05-24;07:05:00;35.9;158;102;70;94;16;1.32;82.4;33.5;4648;8.7;8;CAPT025;Bonne
M002582;PAT0026;2024-10-02 08:35:00;2024-10-02;08:35:00;36.9;123;79;84;97;13;0.77;47.6;20.8;1859;5.8;3;CAPT012;Bonne
M002583;PAT0169;2024-10-31 20:25:00;2024-10-31;20:25:00;35.6;117;74;94;95;19;0.78;99.7;31.6;2966;7.7;2;CAPT011;Bonne
M002584;PAT0038;2024-04-25 19:57:00;2024-04-25;19:57:00;37.4;125;89;75;98;19;0.71;45.4;26.1;5902;4.9;4;CAPT046;Bonne
M002585;PAT0072;2024-12-23 01:55:00;2024-12-23;01:55:00;37.6;121;86;69;98;20;0.91;94;31.1;3618;9.4;9;CAPT013;Moyenne
M002586;PAT0021;2024-02-02 09:24:00;2024-02-02;09:24:00;38.5;125;62;83;95;23;1.01;90.3;27.7;470;8.1;3;CAPT037;Bonne
M002587;PAT0070;2024-09-05 12:26:00;2024-09-05;12:26:00;36;110;65;88;94;14;2.17;67.4;22.2;875;7.9;1;CAPT037;Bonne
M002588;PAT0097;2024-07-05 07:00:00;2024-07-05;07:00:00;36.1;163;89;64;95;16;1.35;66.1;30.6;4360;5.1;4;CAPT009;Bonne
M002589;PAT0096;2024-10-11 14:00:00;2024-10-11;14:00:00;36.4;172;95;58;95;12;1.04;66.4;24.8;7859;5.3;1;CAPT004;Mauvaise
M002590;PAT0101;2024-07-21 12:15:00;2024-07-21;12:15:00;37.2;138;66;87;94;19;0.87;45.5;18.7;6061;8.1;1;CAPT042;Bonne
M002591;PAT0023;2024-08-07 08:53:00;2024-08-07;08:53:00;35.5;141;66;67;99;16;2.69;75;20.1;2158;9;9;CAPT038;Mauvaise
M002592;PAT0012;2024-03-25 01:51:00;2024-03-25;01:51:00;38.5;101;61;98;94;20;2.56;80.2;20.4;1327;3.9;7;CAPT039;Mauvaise
M002593;PAT0068;2024-12-18 06:49:00;2024-12-18;06:49:00;39.3;104;71;92;95;21;0.94;86.6;27.7;5668;7.9;5;CAPT024;Bonne
M002594;PAT0060;2024-10-21 20:52:00;2024-10-21;20:52:00;36.2;141;76;80;96;23;3.17;66.6;18.8;3368;8;0;CAPT028;Bonne
M002595;PAT0012;2024-08-25 11:58:00;2024-08-25;11:58:00;38.8;128;80;99;99;19;1.51;72.1;23;7581;5.3;1;CAPT018;Bonne
M002596;PAT0162;2024-03-11 01:20:00;2024-03-11;01:20:00;36.6;169;97;73;98;14;1.11;75.6;28.3;2371;7.9;2;CAPT022;Bonne
M002597;PAT0058;2024-03-04 17:01:00;2024-03-04;17:01:00;38;137;78;85;97;15;1.06;51.6;27.3;7735;5.7;6;CAPT041;Bonne
M002598;PAT0090;2024-05-25 09:48:00;2024-05-25;09:48:00;36.8;106;85;105;90;16;1.07;98.9;20.7;6382;4.2;6;CAPT044;Bonne
M002599;PAT0095;2024-09-09 19:31:00;2024-09-09;19:31:00;35.7;123;84;99;97;14;0.8;83.5;24.5;1670;4.6;9;CAPT027;Bonne
M002600;PAT0027;2024-03-12 09:34:00;2024-03-12;09:34:00;37.2;101;75;93;98;13;3.06;69.6;23;4710;9;0;CAPT010;Bonne
M002601;PAT0194;2024-07-26 00:08:00;2024-07-26;00:08:00;36.3;120;89;84;96;17;1;89;19.1;7278;6.5;8;CAPT002;Bonne
M002602;PAT0019;2024-04-11 21:00:00;2024-04-11;21:00:00;35.8;164;108;99;97;18;0.96;57.7;30.3;1141;9.7;7;CAPT028;Bonne
M002603;PAT0128;2024-06-10 13:03:00;2024-06-10;13:03:00;36.9;103;77;128;90;24;1.27;69.2;19.1;4538;3.9;3;CAPT017;Bonne
M002604;PAT0078;2024-05-05 18:20:00;2024-05-05;18:20:00;36.7;108;82;75;96;14;1.37;76.2;19;1624;5.6;8;CAPT017;Bonne
M002605;PAT0188;2024-04-19 03:43:00;2024-04-19;03:43:00;38.7;110;79;100;88;24;1.22;83.2;34.8;4761;6.3;4;CAPT004;Moyenne
M002606;PAT0082;2024-03-04 18:59:00;2024-03-04;18:59:00;38.4;150;108;64;97;21;1.21;86.7;33.9;1305;7.5;3;CAPT035;Moyenne
M002607;PAT0102;2024-06-02 22:25:00;2024-06-02;22:25:00;37.8;108;74;63;95;19;1;68.6;24.6;4235;3.9;3;CAPT016;Bonne
M002608;PAT0050;2024-11-06 15:16:00;2024-11-06;15:16:00;38;121;75;83;96;18;1.32;75.8;24.7;290;9.7;6;CAPT024;Mauvaise
M002609;PAT0176;2024-04-05 07:47:00;2024-04-05;07:47:00;38.3;139;79;62;95;14;1.03;91.6;31.6;6185;3.6;8;CAPT017;Moyenne
M002610;PAT0063;2024-11-24 03:36:00;2024-11-24;03:36:00;36.2;115;64;99;96;13;1.3;46.4;24.1;1797;6.4;0;CAPT014;Mauvaise
M002611;PAT0049;2024-03-14 22:45:00;2024-03-14;22:45:00;37.9;113;66;59;97;20;1.3;71.3;31.4;4953;3.9;0;CAPT037;Bonne
M002612;PAT0104;2024-01-21 05:55:00;2024-01-21;05:55:00;37.7;150;87;92;98;18;0.9;52.3;22.1;588;4.1;0;CAPT026;Bonne
M002613;PAT0118;2024-10-30 20:11:00;2024-10-30;20:11:00;36.5;133;61;116;94;22;0.96;69.2;33.6;433;7.4;8;CAPT046;Bonne
M002614;PAT0041;2024-09-30 10:41:00;2024-09-30;10:41:00;36.1;135;74;94;93;15;0.86;52.5;29.7;595;3.2;4;CAPT007;Bonne
M002615;PAT0065;2024-01-01 02:27:00;2024-01-01;02:27:00;38;159;96;79;99;17;1.18;57.5;31.6;3754;6.6;2;CAPT019;Bonne
M002616;PAT0036;2024-06-01 15:42:00;2024-06-01;15:42:00;35.8;119;62;76;96;17;0.85;77.5;20.5;4193;7.3;8;CAPT044;Moyenne
M002617;PAT0124;2024-06-13 02:21:00;2024-06-13;02:21:00;38.9;116;87;85;97;18;1.96;83;20.2;7624;5.7;9;CAPT029;Bonne
M002618;PAT0083;2024-12-19 19:39:00;2024-12-19;19:39:00;35.8;133;88;97;96;22;1.01;75.3;21.8;4896;3.2;9;CAPT046;Bonne
M002619;PAT0101;2024-05-05 06:43:00;2024-05-05;06:43:00;36.1;100;80;77;94;20;1.25;87.5;25.4;3511;7.4;0;CAPT050;Bonne
M002620;PAT0039;2024-09-09 14:29:00;2024-09-09;14:29:00;37.4;103;60;64;97;15;1.34;56.2;19.3;2844;9.2;3;CAPT033;Bonne
M002621;PAT0180;2024-07-22 12:59:00;2024-07-22;12:59:00;36.7;128;74;116;88;15;1.37;71.3;33.7;4312;6.1;8;CAPT014;Bonne
M002622;PAT0143;2024-05-01 12:51:00;2024-05-01;12:51:00;35.6;140;79;59;97;24;0.95;78.8;20.9;239;6.5;1;CAPT020;Bonne
M002623;PAT0035;2024-02-13 23:52:00;2024-02-13;23:52:00;35.7;117;61;70;98;12;1.14;71;30;1167;8.1;2;CAPT009;Bonne
M002624;PAT0127;2024-12-11 20:55:00;2024-12-11;20:55:00;37.2;142;69;71;97;12;1.82;88;24.2;5955;4.2;2;CAPT030;Bonne
M002625;PAT0108;2024-10-18 00:53:00;2024-10-18;00:53:00;39.2;113;83;65;94;23;0.8;90.7;18.2;7686;3.3;0;CAPT046;Moyenne
M002626;PAT0104;2024-09-17 21:22:00;2024-09-17;21:22:00;38;170;103;72;94;17;0.83;88.7;34;3803;9.2;6;CAPT017;Bonne
M002627;PAT0106;2024-05-24 18:28:00;2024-05-24;18:28:00;36.6;111;68;88;94;12;2.88;77.7;29;948;4.5;0;CAPT034;Mauvaise
M002628;PAT0056;2024-12-23 18:43:00;2024-12-23;18:43:00;37.4;105;89;56;99;20;1.39;76.6;27.2;3906;4.9;8;CAPT039;Bonne
M002629;PAT0020;2024-12-27 16:27:00;2024-12-27;16:27:00;35.6;128;71;94;95;17;0.88;85.7;33.1;1698;8.7;6;CAPT001;Bonne
M002630;PAT0073;2024-12-04 06:09:00;2024-12-04;06:09:00;38.8;141;73;93;95;14;1.12;87.6;25.4;3218;4.5;1;CAPT009;Bonne
M002631;PAT0191;2024-10-29 08:57:00;2024-10-29;08:57:00;37;141;65;67;95;23;0.86;52.2;20.7;6807;6.8;5;CAPT046;Bonne
M002632;PAT0137;2024-02-08 21:55:00;2024-02-08;21:55:00;39.1;143;82;77;95;20;1.26;63.1;22.9;7021;9.5;6;CAPT015;Bonne
M002633;PAT0065;2024-12-24 02:11:00;2024-12-24;02:11:00;38.2;135;92;57;99;12;0.71;69;29.9;4129;9.4;5;CAPT011;Bonne
M002634;PAT0036;2024-10-29 16:45:00;2024-10-29;16:45:00;39.2;140;67;83;96;13;1.34;96.6;23.1;2791;8.8;4;CAPT041;Bonne
M002635;PAT0042;2024-08-24 23:32:00;2024-08-24;23:32:00;38.3;132;69;73;98;13;0.94;48.5;26.7;1699;6.5;3;CAPT010;Bonne
M002636;PAT0033;2024-09-26 20:34:00;2024-09-26;20:34:00;38.1;167;109;70;94;22;0.84;48.2;29.2;6021;9.8;0;CAPT019;Bonne
M002637;PAT0018;2024-01-26 12:44:00;2024-01-26;12:44:00;35.8;111;81;94;98;16;0.97;85.2;29.9;2080;4.8;0;CAPT042;Moyenne
M002638;PAT0095;2024-08-27 23:36:00;2024-08-27;23:36:00;37.9;139;69;72;97;24;0.98;98.5;34.5;2970;5.7;9;CAPT049;Moyenne
M002639;PAT0174;2024-08-07 21:28:00;2024-08-07;21:28:00;38;144;62;111;90;18;0.93;76.2;31.5;7490;4.3;0;CAPT044;Bonne
M002640;PAT0139;2024-01-02 19:54:00;2024-01-02;19:54:00;39.2;144;91;87;95;18;0.87;53.5;24.7;142;3.8;9;CAPT035;Bonne
M002641;PAT0016;2024-03-13 13:05:00;2024-03-13;13:05:00;37;137;86;93;94;21;1.1;52.3;19.7;3092;5.3;7;CAPT021;Bonne
M002642;PAT0188;2024-09-16 13:17:00;2024-09-16;13:17:00;36.8;102;82;104;91;17;1.01;81.6;26.9;3448;5.8;9;CAPT021;Bonne
M002643;PAT0193;2024-09-09 11:06:00;2024-09-09;11:06:00;39.5;117;65;108;88;13;1.23;54.5;26;3613;4.9;6;CAPT001;Mauvaise
M002644;PAT0014;2024-08-16 10:33:00;2024-08-16;10:33:00;38.6;133;86;66;97;19;2.09;67.8;27;1155;3.9;3;CAPT044;Mauvaise
M002645;PAT0015;2024-07-31 12:22:00;2024-07-31;12:22:00;36.5;113;76;57;99;18;0.95;50.9;21;4428;4.8;8;CAPT020;Moyenne
M002646;PAT0067;2024-09-19 18:39:00;2024-09-19;18:39:00;37.4;107;76;70;96;23;0.75;61.3;20.4;690;8.9;7;CAPT013;Moyenne
M002647;PAT0052;2024-09-30 13:01:00;2024-09-30;13:01:00;37.6;113;73;98;99;15;1.07;57.8;23.4;3564;6.3;8;CAPT003;Bonne
M002648;PAT0187;2024-01-11 07:26:00;2024-01-11;07:26:00;36.3;128;62;64;97;13;0.74;93.5;23.1;5274;9.6;7;CAPT010;Bonne
M002649;PAT0055;2024-07-29 01:11:00;2024-07-29;01:11:00;35.7;116;85;87;99;18;1.06;83.2;30.4;3054;6.8;1;CAPT048;Moyenne
M002650;PAT0137;2024-11-07 08:47:00;2024-11-07;08:47:00;35.8;124;69;58;97;23;0.86;59.8;27.8;7079;7.1;0;CAPT028;Bonne
M002651;PAT0164;2024-11-06 15:38:00;2024-11-06;15:38:00;37.4;178;107;67;95;18;0.75;91.5;32;4958;7;1;CAPT032;Bonne
M002652;PAT0035;2024-06-21 04:35:00;2024-06-21;04:35:00;36.6;115;82;91;97;16;1.29;56.5;24.6;1289;4.9;9;CAPT001;Bonne
M002653;PAT0077;2024-01-22 14:13:00;2024-01-22;14:13:00;36.9;130;69;88;96;15;0.92;87.4;30.8;965;6.4;8;CAPT033;Bonne
M002654;PAT0004;2024-09-12 20:40:00;2024-09-12;20:40:00;39.3;139;84;56;95;20;1.1;76.5;29.5;4795;9.2;7;CAPT038;Bonne
M002655;PAT0161;2024-01-24 04:42:00;2024-01-24;04:42:00;39.4;107;78;57;94;24;1.23;45.1;30.2;904;4.8;8;CAPT010;Moyenne
M002656;PAT0167;2024-01-23 07:05:00;2024-01-23;07:05:00;36.9;179;92;85;98;24;1.31;74.2;34.6;7476;4;0;CAPT034;Bonne
M002657;PAT0072;2024-01-09 14:12:00;2024-01-09;14:12:00;38.9;118;62;84;95;12;1.13;53.4;21.9;7772;6.9;7;CAPT029;Moyenne
M002658;PAT0171;2024-05-26 17:27:00;2024-05-26;17:27:00;37.3;122;89;65;94;17;1.02;78.5;34.2;4023;3.8;7;CAPT020;Moyenne
M002659;PAT0018;2024-08-05 23:17:00;2024-08-05;23:17:00;39.5;124;74;63;97;22;1.06;82.8;30.3;2160;4.4;5;CAPT033;Bonne
M002660;PAT0134;2024-03-07 19:20:00;2024-03-07;19:20:00;38.6;109;84;90;98;13;2.94;73.6;24.7;106;6.6;8;CAPT018;Moyenne
M002661;PAT0028;2024-03-22 07:41:00;2024-03-22;07:41:00;38.6;107;62;72;99;14;1.1;54.3;33.2;4240;3.2;3;CAPT042;Bonne
M002662;PAT0093;2024-07-11 22:39:00;2024-07-11;22:39:00;38.5;114;78;76;99;18;2.86;54.1;25.1;5995;6.4;8;CAPT034;Bonne
M002663;PAT0054;2024-08-15 06:44:00;2024-08-15;06:44:00;35.5;110;61;76;97;16;0.77;67.2;32.3;6719;4.5;6;CAPT042;Bonne
M002664;PAT0175;2024-02-17 16:59:00;2024-02-17;16:59:00;39.1;156;94;94;98;15;0.76;87;26;4635;6.5;6;CAPT019;Moyenne
M002665;PAT0200;2024-07-14 11:52:00;2024-07-14;11:52:00;36.9;128;68;63;99;13;0.8;62.2;28.6;6375;7.2;9;CAPT002;Bonne
M002666;PAT0108;2024-04-30 04:29:00;2024-04-30;04:29:00;38.4;112;60;73;94;21;1.35;57.1;26.1;5184;6.2;0;CAPT033;Moyenne
M002667;PAT0149;2024-03-18 05:14:00;2024-03-18;05:14:00;37.4;106;71;102;92;23;0.72;90.5;19;4577;8;4;CAPT049;Bonne
M002668;PAT0110;2024-05-19 22:34:00;2024-05-19;22:34:00;38;127;73;64;97;14;0.92;69.6;29.4;2456;6.9;6;CAPT030;Bonne
M002669;PAT0115;2024-12-26 08:04:00;2024-12-26;08:04:00;38;137;82;94;98;14;1.11;69.5;26.4;3554;5.2;1;CAPT038;Mauvaise
M002670;PAT0135;2024-10-05 17:39:00;2024-10-05;17:39:00;38.2;111;67;73;94;23;0.75;91.4;30.7;2381;6.2;1;CAPT005;Mauvaise
M002671;PAT0091;2024-06-13 15:38:00;2024-06-13;15:38:00;35.7;105;60;91;95;20;1.11;77;24.3;2380;9.9;5;CAPT049;Mauvaise
M002672;PAT0183;2024-03-26 12:52:00;2024-03-26;12:52:00;37.7;132;80;88;97;12;1.14;72.8;27.4;7177;6.1;6;CAPT014;Bonne
M002673;PAT0135;2024-03-20 00:43:00;2024-03-20;00:43:00;37.4;101;62;68;94;24;0.72;49.4;22;3240;5.8;1;CAPT007;Bonne
M002674;PAT0047;2024-11-19 21:38:00;2024-11-19;21:38:00;35.6;177;96;79;94;13;0.78;91.7;30.5;5103;6.8;1;CAPT035;Bonne
M002675;PAT0026;2024-10-17 20:50:00;2024-10-17;20:50:00;37.7;109;78;96;98;13;0.81;80.4;32.4;1847;8.5;7;CAPT007;Moyenne
M002676;PAT0131;2024-01-14 20:52:00;2024-01-14;20:52:00;37.5;130;72;79;96;18;1.24;95.3;24.6;7163;8.3;4;CAPT039;Moyenne
M002677;PAT0010;2024-01-25 14:37:00;2024-01-25;14:37:00;36;137;68;83;99;13;3.21;71.5;20.5;2608;6.9;2;CAPT025;Bonne
M002678;PAT0142;2024-04-28 07:17:00;2024-04-28;07:17:00;39.1;141;94;64;96;20;1.12;73.1;33.8;7865;6.1;3;CAPT020;Mauvaise
M002679;PAT0156;2024-01-24 07:45:00;2024-01-24;07:45:00;36.8;134;80;89;98;15;1.33;68.1;23.6;7948;6.6;9;CAPT027;Moyenne
M002680;PAT0133;2024-04-25 06:21:00;2024-04-25;06:21:00;36.9;127;65;99;97;15;1.25;69.5;31.6;1208;6.1;5;CAPT048;Mauvaise
M002681;PAT0026;2024-12-02 06:06:00;2024-12-02;06:06:00;36.8;136;80;68;97;23;1.24;63.7;18.7;5347;8.9;5;CAPT021;Bonne
M002682;PAT0113;2024-01-17 11:08:00;2024-01-17;11:08:00;38.1;100;82;82;97;20;1.17;73.9;28.5;2747;7.7;1;CAPT048;Bonne
M002683;PAT0057;2024-12-29 08:16:00;2024-12-29;08:16:00;35.7;138;84;72;99;14;1.06;65.2;26.7;564;4.5;8;CAPT005;Bonne
M002684;PAT0080;2024-09-04 01:41:00;2024-09-04;01:41:00;39.2;104;60;97;94;22;0.74;50.6;20.6;849;4.6;8;CAPT042;Bonne
M002685;PAT0083;2024-04-11 12:34:00;2024-04-11;12:34:00;39.5;103;71;83;94;19;1.3;51.3;28.7;3244;5.8;0;CAPT050;Bonne
M002686;PAT0137;2024-01-20 18:40:00;2024-01-20;18:40:00;37.3;107;83;72;94;15;1.12;93;28.5;83;6.8;1;CAPT010;Bonne
M002687;PAT0060;2024-06-03 20:17:00;2024-06-03;20:17:00;36.9;106;86;96;96;15;2.67;73.2;22.5;5512;9.8;5;CAPT037;Bonne
M002688;PAT0076;2024-04-28 13:46:00;2024-04-28;13:46:00;38.9;108;68;91;96;19;0.72;97.5;31.8;7320;3.5;1;CAPT014;Moyenne
M002689;PAT0035;2024-09-02 06:48:00;2024-09-02;06:48:00;37.5;123;75;70;96;22;1.13;81.4;32.8;7582;5.5;5;CAPT032;Mauvaise
M002690;PAT0094;2024-03-23 19:58:00;2024-03-23;19:58:00;38.3;138;75;102;90;14;1.02;53.1;25.5;7095;3.7;7;CAPT026;Bonne
M002691;PAT0144;2024-04-16 22:02:00;2024-04-16;22:02:00;36;134;65;71;96;13;2.98;90.6;23.6;3147;5.6;7;CAPT046;Bonne
M002692;PAT0170;2024-03-24 07:14:00;2024-03-24;07:14:00;36.2;145;100;81;95;22;0.91;50;32.5;6197;8.2;6;CAPT005;Bonne
M002693;PAT0141;2024-05-10 17:15:00;2024-05-10;17:15:00;37.8;120;86;88;94;21;0.94;88.8;18.4;7422;6.3;5;CAPT014;Mauvaise
M002694;PAT0077;2024-07-15 15:45:00;2024-07-15;15:45:00;36.5;123;60;60;96;17;0.9;54.7;20.1;1394;8.2;7;CAPT037;Bonne
M002695;PAT0092;2024-11-28 02:58:00;2024-11-28;02:58:00;38;108;74;75;97;15;1.08;59.7;33.8;3191;9.5;7;CAPT008;Moyenne
M002696;PAT0109;2024-01-02 10:00:00;2024-01-02;10:00:00;39.3;116;61;74;95;13;0.74;94.4;19.3;3370;7.7;9;CAPT026;Moyenne
M002697;PAT0145;2024-11-26 09:57:00;2024-11-26;09:57:00;39.5;124;84;97;94;18;1.09;57.5;31;4014;8.9;3;CAPT043;Moyenne
M002698;PAT0123;2024-01-30 22:37:00;2024-01-30;22:37:00;36.5;139;63;80;95;13;2.09;75.9;29.8;3277;8.7;7;CAPT019;Bonne
M002699;PAT0007;2024-03-06 18:51:00;2024-03-06;18:51:00;38.4;109;84;69;98;17;1.22;51.9;24.9;5932;7.7;1;CAPT016;Moyenne
M002700;PAT0052;2024-01-15 04:27:00;2024-01-15;04:27:00;39.3;101;72;85;99;21;1.24;79.9;34.5;2781;8.2;3;CAPT037;Moyenne
M002701;PAT0186;2024-07-15 22:52:00;2024-07-15;22:52:00;36.2;114;73;85;98;22;1.15;75.7;21.2;4692;5.6;8;CAPT030;Bonne
M002702;PAT0032;2024-07-12 13:26:00;2024-07-12;13:26:00;37.2;114;83;70;97;22;1.12;49.3;20.4;6136;5.2;7;CAPT026;Bonne
M002703;PAT0062;2024-01-17 04:50:00;2024-01-17;04:50:00;38.9;140;62;90;94;23;0.89;52;29.6;163;9.9;2;CAPT018;Moyenne
M002704;PAT0158;2024-01-21 02:57:00;2024-01-21;02:57:00;39.5;151;94;78;94;15;1.11;84.9;34.5;4821;6.9;5;CAPT027;Bonne
M002705;PAT0125;2024-01-09 03:30:00;2024-01-09;03:30:00;39;110;71;59;98;15;2.02;78.8;23.6;7733;7.4;6;CAPT018;Moyenne
M002706;PAT0104;2024-05-30 00:39:00;2024-05-30;00:39:00;36.2;160;85;84;94;14;0.78;58.5;32.6;3705;3.4;3;CAPT020;Bonne
M002707;PAT0102;2024-08-10 09:08:00;2024-08-10;09:08:00;39;121;73;83;95;13;1.34;65.7;18.9;6598;6.8;8;CAPT016;Bonne
M002708;PAT0126;2024-07-13 06:04:00;2024-07-13;06:04:00;37.8;131;87;63;96;19;1.23;88;24.1;335;9.3;9;CAPT025;Bonne
M002709;PAT0157;2024-07-01 18:48:00;2024-07-01;18:48:00;36.1;122;67;56;94;15;1.14;55;29.7;6841;5.6;8;CAPT017;Bonne
M002710;PAT0024;2024-01-24 00:13:00;2024-01-24;00:13:00;39.2;102;67;56;99;14;1.89;98.3;33.6;2352;6.8;4;CAPT001;Bonne
M002711;PAT0046;2024-06-20 10:04:00;2024-06-20;10:04:00;38.4;116;69;95;99;17;1.22;98.8;32.1;5693;8.5;1;CAPT018;Bonne
M002712;PAT0200;2024-12-15 08:56:00;2024-12-15;08:56:00;37.7;111;71;70;94;17;0.9;71.5;21.1;6234;9.4;7;CAPT015;Bonne
M002713;PAT0147;2024-08-28 07:14:00;2024-08-28;07:14:00;35.8;117;72;105;91;23;0.7;95.9;22.7;6576;8.1;0;CAPT045;Bonne
M002714;PAT0022;2024-09-03 09:37:00;2024-09-03;09:37:00;38.8;152;106;87;96;21;0.96;53.2;19.6;2002;4.8;8;CAPT038;Moyenne
M002715;PAT0118;2024-08-26 18:52:00;2024-08-26;18:52:00;36.8;137;87;112;92;23;1.07;48.5;32.9;3194;3.1;3;CAPT001;Bonne
M002716;PAT0150;2024-05-04 14:31:00;2024-05-04;14:31:00;38.1;135;64;93;99;24;0.93;68.4;26.7;7395;3.4;3;CAPT034;Bonne
M002717;PAT0096;2024-01-31 03:46:00;2024-01-31;03:46:00;38.3;135;105;94;98;14;1.05;71.4;22.1;4718;5.2;0;CAPT038;Bonne
M002718;PAT0022;2024-02-03 08:14:00;2024-02-03;08:14:00;37.2;147;99;81;96;15;0.93;74.4;20.9;6125;3.7;4;CAPT001;Bonne
M002719;PAT0125;2024-02-09 17:29:00;2024-02-09;17:29:00;35.9;143;83;95;96;14;3.04;78.8;24.9;637;6.7;9;CAPT028;Bonne
M002720;PAT0078;2024-08-20 01:26:00;2024-08-20;01:26:00;38.1;112;73;87;95;13;1.5;80.8;18;3174;9;8;CAPT038;Mauvaise
M002721;PAT0169;2024-02-06 11:16:00;2024-02-06;11:16:00;36.2;103;61;73;95;16;0.84;85.9;18.2;5320;3.2;7;CAPT012;Mauvaise
M002722;PAT0050;2024-09-14 13:55:00;2024-09-14;13:55:00;36.8;129;78;95;95;14;0.74;80.6;34;3369;9.4;7;CAPT002;Bonne
M002723;PAT0173;2024-03-11 05:18:00;2024-03-11;05:18:00;38.5;119;63;127;91;23;0.93;50.3;31.4;3185;3.2;6;CAPT027;Bonne
M002724;PAT0123;2024-06-10 02:16:00;2024-06-10;02:16:00;36.8;131;65;68;99;23;1.28;77.4;20.4;3133;3.7;5;CAPT026;Bonne
M002725;PAT0109;2024-04-15 23:33:00;2024-04-15;23:33:00;36.1;107;69;70;97;21;1.32;52.5;20.3;4231;3.3;8;CAPT021;Bonne
M002726;PAT0060;2024-10-27 04:11:00;2024-10-27;04:11:00;38.2;119;76;73;94;18;3.2;47.6;24.4;7035;7.6;0;CAPT007;Bonne
M002727;PAT0170;2024-01-24 02:07:00;2024-01-24;02:07:00;38.5;163;98;71;98;24;1.22;59.1;23.2;481;4.6;0;CAPT007;Mauvaise
M002728;PAT0050;2024-03-30 11:11:00;2024-03-30;11:11:00;37.6;138;78;78;99;16;0.86;97.5;20;2692;4.5;4;CAPT016;Bonne
M002729;PAT0188;2024-06-20 13:43:00;2024-06-20;13:43:00;36.6;130;89;98;90;23;1.12;51.9;23.2;4889;6.5;1;CAPT020;Bonne
M002730;PAT0198;2024-11-08 14:27:00;2024-11-08;14:27:00;38.7;117;79;86;98;12;1.26;54.5;27.9;3247;6;1;CAPT013;Bonne
M002731;PAT0069;2024-01-28 23:51:00;2024-01-28;23:51:00;37.8;127;60;58;97;16;0.82;64.6;25.4;7667;6.2;3;CAPT043;Bonne
M002732;PAT0122;2024-05-04 08:42:00;2024-05-04;08:42:00;37.8;137;87;57;99;24;1.14;80;24.1;534;7.4;6;CAPT015;Bonne
M002733;PAT0092;2024-02-17 10:44:00;2024-02-17;10:44:00;36.2;135;60;60;98;24;0.98;66.1;34.3;6834;5.6;3;CAPT022;Bonne
M002734;PAT0145;2024-05-16 15:48:00;2024-05-16;15:48:00;39.1;144;88;91;98;20;1.29;97.8;24.3;7433;4.7;2;CAPT041;Bonne
M002735;PAT0131;2024-08-01 13:19:00;2024-08-01;13:19:00;35.9;126;72;86;96;23;0.74;71;34.9;1539;4.5;9;CAPT026;Bonne
M002736;PAT0149;2024-03-22 09:56:00;2024-03-22;09:56:00;37.3;116;68;118;88;13;1.19;99.6;22.6;5736;8.4;4;CAPT028;Bonne
M002737;PAT0185;2024-04-29 10:13:00;2024-04-29;10:13:00;37.7;140;61;82;96;16;0.92;83.4;29.9;332;5.9;2;CAPT049;Bonne
M002738;PAT0163;2024-10-22 17:56:00;2024-10-22;17:56:00;36.9;131;77;127;93;13;1.32;58.7;22.9;2789;9.1;5;CAPT046;Mauvaise
M002739;PAT0194;2024-09-09 18:09:00;2024-09-09;18:09:00;36.7;112;73;93;98;23;1.39;63.6;19.4;6964;7.5;0;CAPT042;Bonne
M002740;PAT0179;2024-04-10 23:40:00;2024-04-10;23:40:00;37.7;137;102;80;99;19;1.35;57.4;22.6;3777;9.6;3;CAPT019;Bonne
M002741;PAT0106;2024-09-13 23:27:00;2024-09-13;23:27:00;36.5;127;84;80;98;13;2.46;76.8;25;7465;3.7;1;CAPT047;Bonne
M002742;PAT0138;2024-10-16 15:37:00;2024-10-16;15:37:00;38.1;120;71;91;97;18;0.8;78.9;30.8;4064;8.3;1;CAPT043;Bonne
M002743;PAT0020;2024-06-30 07:43:00;2024-06-30;07:43:00;39.3;121;61;70;97;21;0.99;49.6;24.7;7695;8.5;5;CAPT042;Bonne
M002744;PAT0051;2024-02-15 00:15:00;2024-02-15;00:15:00;35.6;122;69;91;99;16;1.19;89.4;26.1;7283;5.7;5;CAPT031;Bonne
M002745;PAT0177;2024-01-03 03:17:00;2024-01-03;03:17:00;37.6;131;76;92;94;16;0.82;68.3;26.2;7062;6.9;0;CAPT046;Mauvaise
M002746;PAT0005;2024-03-12 12:46:00;2024-03-12;12:46:00;36.6;112;81;96;93;16;1.09;56.4;20.2;6917;3.9;2;CAPT019;Bonne
M002747;PAT0102;2024-10-30 09:50:00;2024-10-30;09:50:00;38.6;120;77;84;99;23;1.25;66.8;23.5;6569;4.9;9;CAPT010;Bonne
M002748;PAT0192;2024-11-20 05:24:00;2024-11-20;05:24:00;38.9;102;60;57;94;16;1.1;61.3;30.8;1862;4.4;2;CAPT013;Mauvaise
M002749;PAT0154;2024-03-12 23:59:00;2024-03-12;23:59:00;37.8;102;82;58;95;16;0.78;89.4;28.7;5951;5.1;4;CAPT014;Bonne
M002750;PAT0102;2024-05-14 16:54:00;2024-05-14;16:54:00;38.2;130;74;97;99;21;1.27;99.6;19.9;3571;7.5;0;CAPT045;Bonne
M002751;PAT0099;2024-10-17 14:05:00;2024-10-17;14:05:00;38;124;85;90;95;20;1.2;69.8;29.4;5692;5.9;8;CAPT036;Moyenne
M002752;PAT0058;2024-04-22 19:07:00;2024-04-22;19:07:00;35.6;144;72;92;95;21;0.85;97.6;19.8;1127;5.4;7;CAPT050;Bonne
M002753;PAT0147;2024-07-24 22:15:00;2024-07-24;22:15:00;37.8;102;77;127;90;14;0.72;60;27.9;3183;8.3;4;CAPT006;Bonne
M002754;PAT0050;2024-05-19 08:13:00;2024-05-19;08:13:00;37.4;133;74;93;97;23;0.86;81.6;32.2;6447;7.6;0;CAPT014;Moyenne
M002755;PAT0176;2024-02-21 09:02:00;2024-02-21;09:02:00;38.8;135;66;72;99;13;0.89;75;29.8;219;3.6;6;CAPT004;Bonne
M002756;PAT0019;2024-09-09 19:13:00;2024-09-09;19:13:00;35.7;175;88;68;98;20;1.31;99.7;33.4;4966;3.6;7;CAPT026;Bonne
M002757;PAT0003;2024-10-23 20:45:00;2024-10-23;20:45:00;37.9;118;86;65;97;18;3.44;81.2;31.1;7971;3.3;1;CAPT020;Moyenne
M002758;PAT0168;2024-03-23 01:09:00;2024-03-23;01:09:00;37.6;137;84;70;95;12;1.33;90.7;25.1;7527;5.9;0;CAPT008;Moyenne
M002759;PAT0104;2024-01-17 23:04:00;2024-01-17;23:04:00;39;155;109;81;95;13;1.34;78.1;22.2;4491;4;0;CAPT050;Bonne
M002760;PAT0052;2024-06-17 09:35:00;2024-06-17;09:35:00;36.5;107;69;80;95;13;0.88;53.6;19;1084;5.2;8;CAPT005;Bonne
M002761;PAT0109;2024-09-01 18:42:00;2024-09-01;18:42:00;35.9;134;61;60;97;17;0.74;91.1;33.8;7538;3.7;2;CAPT035;Bonne
M002762;PAT0098;2024-06-14 15:06:00;2024-06-14;15:06:00;38.9;101;70;98;98;22;0.74;93.6;31.4;3967;3.8;7;CAPT009;Bonne
M002763;PAT0181;2024-12-15 09:59:00;2024-12-15;09:59:00;38.9;142;80;96;97;20;0.77;45.9;20.3;5515;9.3;9;CAPT043;Bonne
M002764;PAT0002;2024-09-23 17:51:00;2024-09-23;17:51:00;38.1;104;60;59;98;16;0.81;60.9;20;5404;8.9;1;CAPT030;Moyenne
M002765;PAT0162;2024-03-10 15:59:00;2024-03-10;15:59:00;38.3;152;94;85;99;19;0.91;87.5;28.3;4853;9.8;9;CAPT031;Moyenne
M002766;PAT0131;2024-07-13 09:55:00;2024-07-13;09:55:00;37.2;118;84;99;96;22;0.96;78.3;22.1;5693;8.5;3;CAPT006;Bonne
M002767;PAT0010;2024-09-12 09:39:00;2024-09-12;09:39:00;39.4;138;71;83;99;19;3.31;81.2;24.4;4214;8.5;0;CAPT019;Bonne
M002768;PAT0044;2024-03-18 03:22:00;2024-03-18;03:22:00;36.6;129;67;121;89;22;0.87;47.6;30.1;6706;3.6;7;CAPT022;Moyenne
M002769;PAT0056;2024-07-29 19:42:00;2024-07-29;19:42:00;37.2;141;82;89;97;19;0.93;81.4;24.6;5667;5.8;8;CAPT017;Bonne
M002770;PAT0089;2024-06-14 05:48:00;2024-06-14;05:48:00;38.1;144;80;71;94;23;0.94;85.7;33.2;7224;3;0;CAPT041;Bonne
M002771;PAT0094;2024-02-03 22:29:00;2024-02-03;22:29:00;37.8;134;79;93;95;15;0.9;77.8;28.4;232;6.6;5;CAPT023;Moyenne
M002772;PAT0110;2024-05-24 16:36:00;2024-05-24;16:36:00;39.4;125;61;64;96;12;0.97;77.9;34.7;407;3.2;9;CAPT007;Bonne
M002773;PAT0152;2024-12-24 23:21:00;2024-12-24;23:21:00;37.2;165;95;64;95;19;1.39;64.1;29.3;1760;5.8;2;CAPT024;Bonne
M002774;PAT0094;2024-05-31 04:54:00;2024-05-31;04:54:00;39.5;116;80;121;90;21;1.24;69.7;30.3;974;6.2;7;CAPT025;Bonne
M002775;PAT0104;2024-11-30 11:25:00;2024-11-30;11:25:00;37;160;93;86;96;17;0.79;59.2;32.9;161;6.3;8;CAPT043;Bonne
M002776;PAT0011;2024-11-30 08:07:00;2024-11-30;08:07:00;38.9;117;64;72;97;15;0.76;45.3;31.9;2542;6.6;2;CAPT027;Bonne
M002777;PAT0047;2024-12-24 16:28:00;2024-12-24;16:28:00;38.6;147;107;96;94;15;0.88;50.6;18.1;3059;9.8;6;CAPT027;Bonne
M002778;PAT0105;2024-01-31 21:17:00;2024-01-31;21:17:00;39.5;149;94;65;94;22;1.08;89.2;19.7;1217;3.9;5;CAPT010;Bonne
M002779;PAT0002;2024-03-27 06:32:00;2024-03-27;06:32:00;38.4;107;88;75;98;19;1.03;51.7;32.8;5248;7.6;5;CAPT009;Mauvaise
M002780;PAT0059;2024-03-16 05:11:00;2024-03-16;05:11:00;37.7;108;87;60;97;23;0.8;60.6;27.1;6073;6.3;0;CAPT010;Bonne
M002781;PAT0135;2024-11-06 18:38:00;2024-11-06;18:38:00;36.7;121;78;66;99;17;0.83;45.1;19.6;6251;8.1;8;CAPT036;Bonne
M002782;PAT0069;2024-02-29 07:23:00;2024-02-29;07:23:00;39.1;102;61;62;95;20;1.02;50.6;20;575;4.7;9;CAPT043;Bonne
M002783;PAT0008;2024-06-09 06:20:00;2024-06-09;06:20:00;39.4;108;73;126;90;20;1.28;96.9;33.8;2527;4.2;3;CAPT042;Mauvaise
M002784;PAT0136;2024-01-04 13:18:00;2024-01-04;13:18:00;36;132;80;90;91;22;1.11;83.5;29.3;5696;9.7;6;CAPT036;Bonne
M002785;PAT0011;2024-08-25 16:15:00;2024-08-25;16:15:00;35.6;107;81;80;98;21;1.12;96;18.3;6066;3.5;2;CAPT020;Bonne
M002786;PAT0027;2024-12-30 10:15:00;2024-12-30;10:15:00;36.7;140;68;75;97;20;2.63;78.7;32.8;2853;3.9;7;CAPT049;Moyenne
M002787;PAT0131;2024-02-18 20:16:00;2024-02-18;20:16:00;36.7;107;71;64;97;15;1.23;75.6;31.6;1573;5;8;CAPT041;Moyenne
M002788;PAT0033;2024-03-30 02:41:00;2024-03-30;02:41:00;37.5;155;108;60;94;12;1.09;75.6;28.4;2264;3.2;7;CAPT015;Bonne
M002789;PAT0194;2024-10-13 20:45:00;2024-10-13;20:45:00;39.4;116;73;88;95;14;0.94;82.1;21.9;3097;6.9;2;CAPT050;Moyenne
M002790;PAT0030;2024-02-19 07:52:00;2024-02-19;07:52:00;38.1;136;106;61;97;12;1.17;84.9;30.2;3621;4.8;6;CAPT016;Moyenne
M002791;PAT0185;2024-10-21 00:20:00;2024-10-21;00:20:00;38.8;108;79;85;99;21;0.98;75.4;34.3;6435;9.4;9;CAPT024;Moyenne
M002792;PAT0152;2024-12-23 00:34:00;2024-12-23;00:34:00;38.5;144;102;69;94;24;1.1;55.3;33.2;3424;3;4;CAPT027;Moyenne
M002793;PAT0155;2024-10-17 20:03:00;2024-10-17;20:03:00;38.3;121;81;76;97;12;1.38;64.8;20.6;4658;7.3;9;CAPT035;Bonne
M002794;PAT0110;2024-02-04 23:03:00;2024-02-04;23:03:00;37.1;121;80;96;94;16;0.71;68.1;22.1;593;6.2;0;CAPT018;Bonne
M002795;PAT0096;2024-01-23 02:25:00;2024-01-23;02:25:00;36.8;141;109;91;96;20;1.01;69.4;19.6;7890;4.6;2;CAPT043;Bonne
M002796;PAT0144;2024-10-27 17:03:00;2024-10-27;17:03:00;36.1;130;79;85;94;18;1.36;57.1;18.3;2873;5;5;CAPT031;Bonne
M002797;PAT0186;2024-11-10 05:40:00;2024-11-10;05:40:00;38;139;64;80;95;17;0.98;66.9;22.6;2849;6.2;7;CAPT032;Bonne
M002798;PAT0047;2024-01-05 17:18:00;2024-01-05;17:18:00;38.2;147;90;92;95;21;0.93;58.2;20.4;4983;4.8;4;CAPT014;Bonne
M002799;PAT0078;2024-01-17 08:05:00;2024-01-17;08:05:00;37.3;123;73;99;99;19;2.38;51.9;19.9;3182;5.3;2;CAPT016;Moyenne
M002800;PAT0102;2024-06-16 17:21:00;2024-06-16;17:21:00;36.8;104;65;56;98;17;1.12;60.5;34.3;2608;9.5;9;CAPT025;Bonne
M002801;PAT0045;2024-10-15 12:00:00;2024-10-15;12:00:00;36.1;135;70;63;99;19;1.28;54;25.7;3617;4.7;9;CAPT049;Moyenne
M002802;PAT0055;2024-03-14 19:50:00;2024-03-14;19:50:00;36.9;131;87;66;98;12;0.86;78;24.1;3715;9.5;9;CAPT006;Bonne
M002803;PAT0083;2024-03-12 16:24:00;2024-03-12;16:24:00;36.4;142;68;88;96;13;1.15;60.4;33.5;2684;4;3;CAPT028;Bonne
M002804;PAT0101;2024-12-19 19:38:00;2024-12-19;19:38:00;35.9;140;71;89;99;21;0.83;53.7;26.3;4911;9.7;6;CAPT039;Bonne
M002805;PAT0036;2024-01-14 09:05:00;2024-01-14;09:05:00;37.1;136;84;77;97;14;1.28;74.8;31.1;4464;9.3;4;CAPT023;Bonne
M002806;PAT0176;2024-03-31 12:24:00;2024-03-31;12:24:00;37.9;125;78;90;95;12;0.87;71.1;34.8;3450;3;3;CAPT015;Bonne
M002807;PAT0033;2024-01-17 06:07:00;2024-01-17;06:07:00;38.9;142;86;83;99;18;1.27;77.3;26.5;5091;5.1;4;CAPT050;Mauvaise
M002808;PAT0092;2024-03-18 01:26:00;2024-03-18;01:26:00;35.9;133;86;80;94;15;0.71;77.2;19.8;107;4.7;4;CAPT016;Bonne
M002809;PAT0055;2024-04-25 15:38:00;2024-04-25;15:38:00;37.4;121;63;56;98;19;0.96;78.2;18;1527;7.5;5;CAPT012;Bonne
M002810;PAT0182;2024-06-23 13:06:00;2024-06-23;13:06:00;37;149;108;58;99;13;1.11;55.1;23.8;848;8;6;CAPT044;Bonne
M002811;PAT0072;2024-02-02 16:47:00;2024-02-02;16:47:00;37;109;60;56;94;17;1.19;98.3;23.3;5087;8.1;2;CAPT038;Mauvaise
M002812;PAT0160;2024-03-14 07:00:00;2024-03-14;07:00:00;36.6;123;89;98;99;15;1.27;87.9;30.4;4521;9.8;6;CAPT009;Bonne
M002813;PAT0191;2024-07-16 20:40:00;2024-07-16;20:40:00;37.4;137;66;84;97;12;0.86;95.4;27.1;990;3.5;1;CAPT022;Bonne
M002814;PAT0097;2024-05-27 07:28:00;2024-05-27;07:28:00;35.6;136;105;87;96;13;0.9;85.7;28.5;7247;9.6;5;CAPT023;Bonne
M002815;PAT0051;2024-12-24 03:58:00;2024-12-24;03:58:00;35.8;132;80;74;96;21;1.17;69.8;26.5;6368;9.8;9;CAPT046;Bonne
M002816;PAT0110;2024-06-25 05:42:00;2024-06-25;05:42:00;37.4;130;60;65;98;20;0.94;94.3;25.1;2692;3.9;1;CAPT037;Mauvaise
M002817;PAT0041;2024-12-24 20:20:00;2024-12-24;20:20:00;37.4;117;85;114;91;16;1.09;48;29.3;6714;8.6;7;CAPT040;Moyenne
M002818;PAT0016;2024-05-05 02:43:00;2024-05-05;02:43:00;36;101;63;66;96;15;0.81;71.3;27.3;7496;9.5;9;CAPT002;Bonne
M002819;PAT0099;2024-09-01 20:27:00;2024-09-01;20:27:00;36.3;114;69;120;93;16;1.14;58.5;20.6;6917;7.8;0;CAPT008;Bonne
M002820;PAT0139;2024-03-20 02:55:00;2024-03-20;02:55:00;36.1;164;105;90;95;17;0.95;90;26.8;5293;5;3;CAPT033;Bonne
M002821;PAT0095;2024-09-11 02:05:00;2024-09-11;02:05:00;36.6;139;70;85;96;19;0.99;53.4;23.3;6220;3.2;1;CAPT002;Bonne
M002822;PAT0192;2024-06-21 07:36:00;2024-06-21;07:36:00;38.5;116;65;79;98;21;0.87;76.1;29.8;3545;9.1;1;CAPT045;Moyenne
M002823;PAT0179;2024-03-14 08:27:00;2024-03-14;08:27:00;36.9;167;102;91;99;12;0.75;81.2;26.5;5926;5.7;3;CAPT040;Moyenne
M002824;PAT0054;2024-09-02 17:45:00;2024-09-02;17:45:00;36.5;140;74;85;99;20;0.79;72;27.4;3056;8.6;3;CAPT032;Moyenne
M002825;PAT0106;2024-02-06 10:57:00;2024-02-06;10:57:00;36.3;130;63;63;99;14;1.99;73.8;18.7;2912;3.7;0;CAPT018;Bonne
M002826;PAT0171;2024-07-17 11:10:00;2024-07-17;11:10:00;38.3;108;64;69;95;20;1.31;66.6;21.1;2732;6.1;7;CAPT015;Bonne
M002827;PAT0095;2024-03-14 15:11:00;2024-03-14;15:11:00;39.5;109;69;76;97;17;0.74;62.4;23.9;4862;9.7;4;CAPT016;Bonne
M002828;PAT0126;2024-07-06 21:25:00;2024-07-06;21:25:00;36.8;119;69;64;95;20;1.37;86.3;28.4;6580;9.8;7;CAPT017;Bonne
M002829;PAT0136;2024-05-30 18:27:00;2024-05-30;18:27:00;36.1;114;87;95;91;23;1.01;60.3;31.6;1554;5;5;CAPT024;Bonne
M002830;PAT0031;2024-07-27 20:08:00;2024-07-27;20:08:00;36.8;114;63;59;96;21;0.72;97.7;27.8;1552;9.8;1;CAPT027;Bonne
M002831;PAT0084;2024-06-19 03:09:00;2024-06-19;03:09:00;38.8;109;79;84;96;14;0.97;48;25.2;5691;3.9;4;CAPT029;Moyenne
M002832;PAT0107;2024-04-01 19:14:00;2024-04-01;19:14:00;38.5;104;87;103;94;22;1.2;83.6;28.4;4039;7.1;4;CAPT014;Bonne
M002833;PAT0066;2024-05-17 04:04:00;2024-05-17;04:04:00;36;114;78;82;99;13;1.18;51.1;25.4;5207;8.5;5;CAPT024;Moyenne
M002834;PAT0002;2024-04-10 09:57:00;2024-04-10;09:57:00;37.5;103;82;57;94;17;0.83;75.3;32.6;6578;9.5;9;CAPT045;Mauvaise
M002835;PAT0172;2024-01-04 09:58:00;2024-01-04;09:58:00;36.9;143;78;92;96;15;1.21;72.1;27.6;4444;9;3;CAPT009;Bonne
M002836;PAT0096;2024-09-23 09:44:00;2024-09-23;09:44:00;38.1;161;102;68;97;22;0.78;70.2;21.5;5643;7.5;3;CAPT034;Bonne
M002837;PAT0035;2024-08-19 17:43:00;2024-08-19;17:43:00;38.9;120;67;93;95;20;0.77;96.9;34.1;4055;8.4;8;CAPT013;Bonne
M002838;PAT0114;2024-03-20 22:03:00;2024-03-20;22:03:00;39.2;128;87;57;98;20;2.68;83.4;22.6;583;3.4;9;CAPT026;Moyenne
M002839;PAT0125;2024-08-15 00:25:00;2024-08-15;00:25:00;36.3;117;70;92;97;16;2.12;79.7;29.4;7853;8.9;4;CAPT034;Bonne
M002840;PAT0110;2024-02-27 02:08:00;2024-02-27;02:08:00;39;119;79;65;95;12;0.84;90.4;18.5;5099;9.6;1;CAPT004;Bonne
M002841;PAT0185;2024-05-29 16:58:00;2024-05-29;16:58:00;36.6;132;81;90;95;14;1.17;66.3;22.3;4006;9.8;5;CAPT035;Bonne
M002842;PAT0053;2024-04-18 13:54:00;2024-04-18;13:54:00;37.3;140;92;94;99;12;0.84;76.7;18.4;2297;8.5;6;CAPT011;Bonne
M002843;PAT0177;2024-07-26 15:46:00;2024-07-26;15:46:00;38.5;144;70;58;97;23;1.08;49.7;21.5;7738;3.1;5;CAPT022;Bonne
M002844;PAT0164;2024-11-06 09:57:00;2024-11-06;09:57:00;37.2;140;98;85;97;16;1.17;95.4;20.3;4264;6.9;7;CAPT024;Moyenne
M002845;PAT0108;2024-01-27 03:55:00;2024-01-27;03:55:00;36.3;109;76;96;99;23;0.9;59.4;24.3;1350;9.1;1;CAPT037;Bonne
M002846;PAT0056;2024-11-30 00:04:00;2024-11-30;00:04:00;35.9;138;71;76;98;18;0.96;63.2;24.7;3625;6.3;8;CAPT034;Bonne
M002847;PAT0184;2024-12-28 20:03:00;2024-12-28;20:03:00;37.7;129;79;86;98;21;1.18;47.7;34.2;3416;8.1;6;CAPT037;Bonne
M002848;PAT0164;2024-01-19 09:16:00;2024-01-19;09:16:00;38.1;175;100;93;94;22;1.23;48.4;19;6584;4.7;9;CAPT023;Mauvaise
M002849;PAT0104;2024-09-17 10:04:00;2024-09-17;10:04:00;38.2;139;99;96;94;22;0.97;90.9;21.2;3837;7.4;5;CAPT007;Bonne
M002850;PAT0071;2024-04-21 15:19:00;2024-04-21;15:19:00;37.3;112;70;86;95;22;2.38;64.4;18.8;3726;3.3;5;CAPT041;Bonne
M002851;PAT0004;2024-07-25 16:59:00;2024-07-25;16:59:00;36.8;123;70;94;99;14;0.77;60.5;19.9;7821;8.9;1;CAPT029;Mauvaise
M002852;PAT0141;2024-02-16 19:02:00;2024-02-16;19:02:00;36.1;137;60;96;99;20;0.88;70.4;33.5;2278;3.7;8;CAPT039;Mauvaise
M002853;PAT0135;2024-11-26 22:13:00;2024-11-26;22:13:00;37.4;136;68;61;94;22;1.19;50.7;19.6;4335;5.6;5;CAPT025;Moyenne
M002854;PAT0109;2024-09-21 13:07:00;2024-09-21;13:07:00;35.8;138;69;75;99;12;1.39;76.4;32.1;3520;5.7;1;CAPT023;Moyenne
M002855;PAT0149;2024-09-23 06:42:00;2024-09-23;06:42:00;36.3;135;86;98;94;17;1.22;67.8;26.1;2014;3.3;0;CAPT021;Bonne
M002856;PAT0008;2024-10-01 06:23:00;2024-10-01;06:23:00;36.3;135;80;116;88;23;0.93;64.6;27.2;4367;7.1;2;CAPT028;Bonne
M002857;PAT0084;2024-03-17 17:23:00;2024-03-17;17:23:00;36.5;134;72;73;98;20;1.01;97.4;34.8;3028;7;9;CAPT038;Bonne
M002858;PAT0198;2024-03-24 09:10:00;2024-03-24;09:10:00;37.1;105;81;57;96;21;1.23;81.3;19.6;7994;9.3;8;CAPT045;Bonne
M002859;PAT0124;2024-01-23 02:43:00;2024-01-23;02:43:00;36.8;112;87;65;95;18;1.97;89.8;33.8;2327;6;5;CAPT032;Bonne
M002860;PAT0155;2024-01-03 06:00:00;2024-01-03;06:00:00;36.1;116;84;98;97;14;1.31;73.3;21.5;1605;9.3;9;CAPT030;Bonne
M002861;PAT0046;2024-07-15 13:37:00;2024-07-15;13:37:00;37.7;144;87;95;95;22;1.04;80.6;22.3;3763;3.5;8;CAPT024;Bonne
M002862;PAT0190;2024-03-25 10:08:00;2024-03-25;10:08:00;39;144;82;57;97;14;1.2;65.4;23.1;7719;3.7;5;CAPT016;Bonne
M002863;PAT0002;2024-08-27 06:58:00;2024-08-27;06:58:00;35.5;116;65;90;97;14;1.26;95.4;33.7;7595;3.9;8;CAPT047;Bonne
M002864;PAT0003;2024-04-24 17:55:00;2024-04-24;17:55:00;38.4;129;74;64;96;24;2.67;54.2;26.2;4030;6.3;3;CAPT030;Bonne
M002865;PAT0192;2024-02-29 03:56:00;2024-02-29;03:56:00;38.5;132;60;72;97;18;1.37;61.1;23.4;7477;7.9;8;CAPT031;Mauvaise
M002866;PAT0168;2024-07-18 06:00:00;2024-07-18;06:00:00;38.6;127;80;76;95;20;1.05;48.4;25.5;7504;3.6;8;CAPT005;Moyenne
M002867;PAT0013;2024-05-22 04:12:00;2024-05-22;04:12:00;36.7;111;75;91;98;12;1.28;61;21.7;54;7.7;7;CAPT004;Mauvaise
M002868;PAT0090;2024-09-04 22:42:00;2024-09-04;22:42:00;37.3;101;67;96;89;20;1.22;70.8;30.9;7043;8.8;8;CAPT046;Bonne
M002869;PAT0110;2024-12-13 18:37:00;2024-12-13;18:37:00;38;142;62;72;95;14;1.35;51;24.2;1773;7.3;7;CAPT023;Bonne
M002870;PAT0198;2024-08-21 13:18:00;2024-08-21;13:18:00;35.7;131;61;56;95;21;0.98;78.5;29.6;5270;6.7;5;CAPT016;Bonne
M002871;PAT0050;2024-05-16 00:01:00;2024-05-16;00:01:00;38;142;76;72;99;12;0.9;65.2;20.7;3278;8.8;6;CAPT019;Bonne
M002872;PAT0036;2024-07-13 21:45:00;2024-07-13;21:45:00;37;133;75;88;99;18;1.39;87.9;28.6;7584;9.7;3;CAPT012;Bonne
M002873;PAT0033;2024-10-23 02:48:00;2024-10-23;02:48:00;36.5;141;102;58;94;24;1.29;99.1;30;3454;6.2;3;CAPT024;Moyenne
M002874;PAT0178;2024-12-09 07:26:00;2024-12-09;07:26:00;35.7;116;61;66;95;23;0.9;51.3;26.4;431;7.5;2;CAPT008;Moyenne
M002875;PAT0022;2024-06-17 01:47:00;2024-06-17;01:47:00;38.3;156;106;78;95;17;1.34;47.4;24.7;4671;8.8;0;CAPT010;Bonne
M002876;PAT0108;2024-09-15 01:08:00;2024-09-15;01:08:00;37.1;124;63;90;94;14;0.71;75.8;30.2;7556;7.7;0;CAPT030;Moyenne
M002877;PAT0087;2024-10-11 06:14:00;2024-10-11;06:14:00;36.8;132;69;84;97;21;2.58;72.9;30.1;3297;5.5;7;CAPT006;Bonne
M002878;PAT0154;2024-05-25 18:25:00;2024-05-25;18:25:00;37.4;114;75;65;97;13;0.83;50;22.3;6557;4.7;2;CAPT046;Mauvaise
M002879;PAT0130;2024-11-20 12:54:00;2024-11-20;12:54:00;36.6;118;66;58;99;14;1.35;90.7;31.8;7584;3.2;5;CAPT014;Bonne
M002880;PAT0024;2024-09-10 22:08:00;2024-09-10;22:08:00;38.8;122;85;85;98;16;3.37;67.4;24.2;3509;8.5;5;CAPT010;Bonne
M002881;PAT0080;2024-06-19 08:54:00;2024-06-19;08:54:00;39.1;133;71;111;88;23;0.97;94.6;34.8;7763;6.5;5;CAPT009;Moyenne
M002882;PAT0075;2024-01-18 22:56:00;2024-01-18;22:56:00;38.4;104;79;99;98;24;1.21;81.2;18.4;6441;5.7;1;CAPT004;Bonne
M002883;PAT0023;2024-07-12 00:20:00;2024-07-12;00:20:00;35.8;122;70;67;96;15;1.9;46.3;31;6702;5;5;CAPT010;Bonne
M002884;PAT0127;2024-07-24 20:12:00;2024-07-24;20:12:00;38.4;110;77;96;97;24;3.22;93.4;29.8;6792;4.4;4;CAPT016;Moyenne
M002885;PAT0082;2024-12-01 06:24:00;2024-12-01;06:24:00;37.9;140;95;97;95;18;1.33;86.9;33.2;5710;8.7;6;CAPT006;Bonne
M002886;PAT0015;2024-01-20 18:03:00;2024-01-20;18:03:00;37.6;133;75;99;96;20;0.74;77.7;22;2158;6.9;5;CAPT034;Mauvaise
M002887;PAT0030;2024-06-07 17:02:00;2024-06-07;17:02:00;36.2;139;101;76;94;13;1.21;80.4;34.1;3995;5.4;1;CAPT018;Bonne
M002888;PAT0017;2024-11-03 05:39:00;2024-11-03;05:39:00;38.2;118;61;58;96;14;0.93;79.2;21.9;2472;9.5;9;CAPT046;Mauvaise
M002889;PAT0057;2024-08-01 13:05:00;2024-08-01;13:05:00;36.5;138;74;73;95;19;1.14;68;20.9;4275;9.4;3;CAPT002;Bonne
M002890;PAT0132;2024-02-12 04:08:00;2024-02-12;04:08:00;38.2;102;82;71;95;22;3.01;68.6;19.1;1169;9;5;CAPT049;Bonne
M002891;PAT0147;2024-08-22 22:16:00;2024-08-22;22:16:00;38.6;108;81;124;88;23;0.91;91.6;32.8;3659;9.4;3;CAPT015;Bonne
M002892;PAT0019;2024-02-15 01:22:00;2024-02-15;01:22:00;38.2;158;94;84;98;18;1.4;97.1;29.5;5385;8.2;6;CAPT001;Bonne
M002893;PAT0157;2024-04-13 19:28:00;2024-04-13;19:28:00;38;117;68;71;96;12;1;61;20.4;2896;6.9;3;CAPT008;Moyenne
M002894;PAT0192;2024-12-07 13:38:00;2024-12-07;13:38:00;36.4;108;72;82;94;14;0.92;99.9;30.5;1970;5.5;7;CAPT002;Bonne
M002895;PAT0194;2024-07-26 15:27:00;2024-07-26;15:27:00;37.4;105;88;91;97;20;1.21;92.7;26.7;1640;6.4;0;CAPT009;Bonne
M002896;PAT0169;2024-04-20 13:59:00;2024-04-20;13:59:00;36.4;143;62;68;94;17;1.07;75;33.4;5775;7.7;4;CAPT002;Moyenne
M002897;PAT0023;2024-07-22 20:10:00;2024-07-22;20:10:00;37.3;123;89;88;97;16;2.88;67.1;28.1;2351;4.3;7;CAPT028;Bonne
M002898;PAT0112;2024-12-19 16:00:00;2024-12-19;16:00:00;37.8;109;79;69;97;21;1.01;82.8;25.6;6654;5.8;3;CAPT026;Moyenne
M002899;PAT0084;2024-10-08 20:38:00;2024-10-08;20:38:00;38.2;142;65;58;94;20;0.82;84.3;34.4;7778;3;6;CAPT019;Bonne
M002900;PAT0149;2024-06-11 18:34:00;2024-06-11;18:34:00;35.9;108;61;92;89;16;1.11;62.8;28.6;7531;6.4;4;CAPT010;Bonne
M002901;PAT0112;2024-11-04 15:24:00;2024-11-04;15:24:00;36.7;114;73;77;98;19;0.93;75.2;21.2;3527;6.9;0;CAPT048;Bonne
M002902;PAT0137;2024-01-16 02:58:00;2024-01-16;02:58:00;38.3;134;60;78;94;20;0.72;96.4;20.1;7809;6.1;8;CAPT050;Mauvaise
M002903;PAT0100;2024-10-09 18:12:00;2024-10-09;18:12:00;37.8;132;76;120;89;17;0.93;97.4;20.4;3686;9.7;8;CAPT023;Bonne
M002904;PAT0102;2024-02-17 17:34:00;2024-02-17;17:34:00;37.3;129;61;72;94;19;0.95;80.7;32.3;3418;5.2;9;CAPT028;Bonne
M002905;PAT0011;2024-11-29 11:49:00;2024-11-29;11:49:00;35.7;138;80;73;97;22;0.74;84.5;21.1;6593;4.9;2;CAPT046;Mauvaise
M002906;PAT0164;2024-08-16 17:53:00;2024-08-16;17:53:00;39.1;162;109;69;94;23;0.83;64.2;25.9;4710;3.3;6;CAPT015;Moyenne
M002907;PAT0165;2024-03-13 18:12:00;2024-03-13;18:12:00;35.6;128;70;57;98;23;0.71;50.6;32.9;1345;5.4;6;CAPT001;Bonne
M002908;PAT0017;2024-07-19 20:02:00;2024-07-19;20:02:00;37.5;125;66;64;98;23;1.15;54.4;30.8;3167;3.2;9;CAPT043;Bonne
M002909;PAT0165;2024-03-17 05:10:00;2024-03-17;05:10:00;36.4;116;79;74;96;19;1.12;55.4;28.3;7150;8.7;1;CAPT041;Bonne
M002910;PAT0144;2024-03-27 01:00:00;2024-03-27;01:00:00;38.6;137;80;82;98;24;1.24;72.4;21.3;6652;9.6;7;CAPT017;Bonne
M002911;PAT0045;2024-11-29 22:27:00;2024-11-29;22:27:00;36.1;144;77;79;94;17;1.33;83.6;27.8;6444;5.5;2;CAPT031;Bonne
M002912;PAT0189;2024-01-13 22:51:00;2024-01-13;22:51:00;36.8;120;83;61;98;23;2.66;93.6;29.7;3491;8.6;7;CAPT049;Mauvaise
M002913;PAT0071;2024-12-05 19:23:00;2024-12-05;19:23:00;39.1;131;86;86;95;22;1.9;82.3;33.4;2925;4.8;1;CAPT047;Moyenne
M002914;PAT0098;2024-09-09 06:23:00;2024-09-09;06:23:00;38.1;104;75;65;99;14;1.08;58.9;24.3;4207;4.8;9;CAPT047;Moyenne
M002915;PAT0017;2024-12-01 13:57:00;2024-12-01;13:57:00;37.7;133;75;71;95;13;0.9;74.5;32;1259;5.5;7;CAPT033;Bonne
M002916;PAT0051;2024-05-17 16:12:00;2024-05-17;16:12:00;38.6;102;86;78;96;17;1.17;75.9;32.6;3554;7.6;0;CAPT023;Bonne
M002917;PAT0168;2024-08-07 20:10:00;2024-08-07;20:10:00;38.9;121;82;88;97;20;1.08;90.8;21.7;7533;9.9;9;CAPT020;Bonne
M002918;PAT0133;2024-03-19 00:55:00;2024-03-19;00:55:00;38.2;120;61;81;98;18;0.92;70.3;24.2;917;6.3;3;CAPT033;Bonne
M002919;PAT0156;2024-03-22 20:26:00;2024-03-22;20:26:00;38.6;122;71;96;94;12;0.9;78.6;21.7;1782;8.8;8;CAPT017;Mauvaise
M002920;PAT0077;2024-08-08 19:44:00;2024-08-08;19:44:00;36.8;106;63;75;95;19;0.87;74.5;24.1;7630;8.3;0;CAPT020;Moyenne
M002921;PAT0082;2024-07-03 23:02:00;2024-07-03;23:02:00;37.9;169;91;92;99;18;1.26;74.3;24.8;3770;4.2;4;CAPT001;Bonne
M002922;PAT0014;2024-05-23 05:58:00;2024-05-23;05:58:00;39.4;114;66;89;98;21;2.25;78.2;21.3;3126;3.3;1;CAPT030;Bonne
M002923;PAT0115;2024-09-07 04:54:00;2024-09-07;04:54:00;39.4;123;87;76;97;14;0.86;62.3;28.8;1970;9.5;4;CAPT043;Bonne
M002924;PAT0161;2024-01-03 07:35:00;2024-01-03;07:35:00;39.2;105;61;78;98;22;1.38;48.5;20.3;4859;6.9;8;CAPT023;Bonne
M002925;PAT0029;2024-12-12 04:44:00;2024-12-12;04:44:00;38.3;113;78;65;99;21;0.95;45.3;34.9;5587;3.2;9;CAPT012;Bonne
M002926;PAT0144;2024-04-17 10:14:00;2024-04-17;10:14:00;39;115;73;82;95;21;1.42;52.7;25.9;357;4.9;6;CAPT044;Bonne
M002927;PAT0176;2024-04-29 07:48:00;2024-04-29;07:48:00;37.5;144;66;87;96;15;1.17;92.2;30.9;7281;4.3;6;CAPT047;Bonne
M002928;PAT0186;2024-02-27 04:15:00;2024-02-27;04:15:00;38.1;127;71;70;95;18;1.33;76.7;22.7;1967;9.1;3;CAPT026;Bonne
M002929;PAT0092;2024-08-23 08:09:00;2024-08-23;08:09:00;37.7;142;77;60;94;18;0.83;91.2;24.5;5542;4.3;3;CAPT043;Bonne
M002930;PAT0089;2024-01-27 16:23:00;2024-01-27;16:23:00;37.5;109;80;88;94;21;0.78;74.1;27.4;2355;7.7;8;CAPT023;Bonne
M002931;PAT0075;2024-02-11 08:40:00;2024-02-11;08:40:00;38.5;132;66;58;99;21;1.99;98.7;31.6;7502;8.8;5;CAPT041;Bonne
M002932;PAT0021;2024-06-14 03:05:00;2024-06-14;03:05:00;37.4;135;86;76;99;12;1.11;94.6;23.2;7660;8.8;1;CAPT021;Bonne
M002933;PAT0194;2024-12-18 14:44:00;2024-12-18;14:44:00;35.6;105;81;87;95;24;1.18;87.1;20.3;180;4.3;3;CAPT007;Bonne
M002934;PAT0107;2024-05-06 14:16:00;2024-05-06;14:16:00;37;109;67;96;91;20;1.02;99.9;20.4;1563;3.6;0;CAPT021;Moyenne
M002935;PAT0122;2024-08-04 23:46:00;2024-08-04;23:46:00;38.5;117;86;62;99;22;0.96;86.1;30.9;4828;4.8;9;CAPT007;Bonne
M002936;PAT0045;2024-01-15 16:16:00;2024-01-15;16:16:00;37.6;104;66;76;96;16;1.23;73.1;31.3;757;6.1;3;CAPT011;Bonne
M002937;PAT0004;2024-01-31 13:36:00;2024-01-31;13:36:00;36.4;144;60;55;99;20;1.11;78.2;25.3;2295;3.1;1;CAPT016;Bonne
M002938;PAT0159;2024-02-07 13:47:00;2024-02-07;13:47:00;37.5;131;89;82;94;15;1.12;48.3;23.7;5471;8;8;CAPT047;Bonne
M002939;PAT0158;2024-10-03 04:58:00;2024-10-03;04:58:00;38.8;167;97;79;95;19;1.28;95.3;30;2790;5.9;7;CAPT015;Bonne
M002940;PAT0174;2024-03-29 06:17:00;2024-03-29;06:17:00;38.6;143;75;99;90;20;1.26;90.5;27;2270;6.9;8;CAPT003;Mauvaise
M002941;PAT0079;2024-02-16 21:18:00;2024-02-16;21:18:00;38.1;144;61;74;94;20;2.35;48.1;24.3;3810;8.7;3;CAPT026;Bonne
M002942;PAT0077;2024-12-13 04:35:00;2024-12-13;04:35:00;36.2;111;88;89;97;16;0.96;84.7;19.8;7611;4.8;0;CAPT031;Bonne
M002943;PAT0093;2024-08-14 12:29:00;2024-08-14;12:29:00;36.2;108;69;64;98;15;2.96;78.5;19.9;2495;5.3;8;CAPT038;Bonne
M002944;PAT0007;2024-11-17 08:12:00;2024-11-17;08:12:00;39.1;127;64;67;94;14;1.22;73.7;30;1572;7.5;2;CAPT016;Mauvaise
M002945;PAT0112;2024-07-09 07:58:00;2024-07-09;07:58:00;38.7;116;77;72;94;18;1.32;93.8;29.7;3111;9;1;CAPT043;Bonne
M002946;PAT0150;2024-03-01 21:41:00;2024-03-01;21:41:00;35.9;141;88;56;97;12;1.04;45.9;20.5;6136;7.1;7;CAPT044;Bonne
M002947;PAT0120;2024-07-18 10:51:00;2024-07-18;10:51:00;35.8;162;95;93;97;14;1.12;69.9;32.6;5359;6.6;2;CAPT028;Bonne
M002948;PAT0037;2024-02-12 23:03:00;2024-02-12;23:03:00;38.4;133;73;80;97;21;1.18;71.9;31.9;5938;4.1;7;CAPT007;Bonne
M002949;PAT0152;2024-07-22 18:57:00;2024-07-22;18:57:00;35.8;177;93;73;97;24;1.08;62.7;21.7;7785;6.2;9;CAPT050;Bonne
M002950;PAT0124;2024-01-14 11:08:00;2024-01-14;11:08:00;37.8;134;62;94;98;24;1.46;82.5;26.3;6277;6.1;3;CAPT019;Moyenne
M002951;PAT0089;2024-11-12 23:05:00;2024-11-12;23:05:00;37;123;65;88;96;23;1.3;55.8;22.3;134;5.2;3;CAPT001;Bonne
M002952;PAT0046;2024-11-26 12:47:00;2024-11-26;12:47:00;38.7;115;64;78;99;18;0.7;58.4;26.4;2040;7.3;4;CAPT014;Mauvaise
M002953;PAT0191;2024-11-22 11:56:00;2024-11-22;11:56:00;35.7;121;68;75;98;17;1.36;77.7;26.6;6426;6.2;5;CAPT026;Mauvaise
M002954;PAT0013;2024-01-25 08:00:00;2024-01-25;08:00:00;37.9;139;87;60;97;22;0.87;84.5;21.5;6388;5.9;2;CAPT045;Bonne
M002955;PAT0118;2024-06-01 20:04:00;2024-06-01;20:04:00;37.6;137;89;127;93;17;1.18;84.8;22.1;18;6;3;CAPT033;Mauvaise
M002956;PAT0025;2024-05-04 17:42:00;2024-05-04;17:42:00;36;136;92;93;96;19;0.73;54.5;18.8;364;8.3;5;CAPT007;Bonne
M002957;PAT0063;2024-07-11 01:06:00;2024-07-11;01:06:00;37.7;111;74;68;94;21;0.87;53.8;18;740;4.6;3;CAPT043;Bonne
M002958;PAT0141;2024-04-30 05:02:00;2024-04-30;05:02:00;38.6;117;89;84;94;19;0.82;85.7;29.6;2377;3.5;1;CAPT049;Bonne
M002959;PAT0173;2024-03-03 23:49:00;2024-03-03;23:49:00;38;134;78;126;94;18;0.97;57.2;32.3;3226;4.7;9;CAPT037;Bonne
M002960;PAT0174;2024-02-14 20:44:00;2024-02-14;20:44:00;37.4;106;65;95;92;24;1.17;58.5;24.5;7425;3.1;2;CAPT048;Bonne
M002961;PAT0131;2024-06-05 20:31:00;2024-06-05;20:31:00;37.2;118;77;92;95;14;1.11;55.1;18.7;153;5.5;5;CAPT006;Bonne
M002962;PAT0066;2024-02-21 01:30:00;2024-02-21;01:30:00;39.2;114;65;82;96;22;1.19;70.1;25.4;647;4.9;8;CAPT024;Mauvaise
M002963;PAT0008;2024-12-09 17:53:00;2024-12-09;17:53:00;37.9;123;80;125;94;16;1.26;50.7;21.7;6969;3;5;CAPT024;Bonne
M002964;PAT0021;2024-10-26 02:39:00;2024-10-26;02:39:00;36.6;101;84;85;95;13;1.24;80.3;24.2;6092;9.5;1;CAPT027;Bonne
M002965;PAT0156;2024-11-11 12:22:00;2024-11-11;12:22:00;36.9;127;71;89;99;18;1.03;90.2;28.2;2176;6.2;4;CAPT032;Bonne
M002966;PAT0021;2024-08-16 23:43:00;2024-08-16;23:43:00;38.7;103;85;55;98;12;0.87;82.8;29.5;2763;6.5;6;CAPT049;Moyenne
M002967;PAT0037;2024-05-03 18:22:00;2024-05-03;18:22:00;37.1;102;77;80;97;21;1.29;52.4;24.8;3010;8.8;6;CAPT050;Bonne
M002968;PAT0113;2024-01-13 11:23:00;2024-01-13;11:23:00;37.5;116;65;84;95;19;1.08;70.2;21.3;6157;8.9;4;CAPT034;Bonne
M002969;PAT0123;2024-01-24 05:46:00;2024-01-24;05:46:00;36.1;138;89;65;95;16;2.92;82.8;33.8;4458;8.3;7;CAPT019;Bonne
M002970;PAT0171;2024-02-05 09:19:00;2024-02-05;09:19:00;38.6;142;76;69;94;14;0.97;93.7;21;4879;6;2;CAPT047;Bonne
M002971;PAT0056;2024-12-14 03:04:00;2024-12-14;03:04:00;38.7;121;82;90;96;13;0.7;67.9;19.6;2673;5.1;9;CAPT041;Bonne
M002972;PAT0172;2024-04-05 09:32:00;2024-04-05;09:32:00;36.4;112;89;84;95;14;0.77;78.1;34.8;3009;8.2;2;CAPT014;Bonne
M002973;PAT0107;2024-01-14 08:24:00;2024-01-14;08:24:00;36.8;102;84;123;94;21;0.88;74.6;27.6;6357;7.2;5;CAPT031;Bonne
M002974;PAT0006;2024-10-09 17:49:00;2024-10-09;17:49:00;39.3;173;106;56;96;16;0.85;45.2;22.7;2434;4.5;8;CAPT044;Mauvaise
M002975;PAT0155;2024-04-26 12:46:00;2024-04-26;12:46:00;36.4;131;70;55;97;15;1.34;91.4;31;5211;7;9;CAPT012;Bonne
M002976;PAT0192;2024-12-27 19:07:00;2024-12-27;19:07:00;38.1;122;88;57;94;17;1.37;54.2;33.9;4211;5.7;7;CAPT039;Bonne
M002977;PAT0058;2024-01-23 08:03:00;2024-01-23;08:03:00;37;139;62;87;95;13;0.9;96.5;20.5;806;3.7;6;CAPT035;Bonne
M002978;PAT0116;2024-09-19 05:17:00;2024-09-19;05:17:00;37.4;141;68;95;95;20;0.82;73.5;18.3;6731;6.8;6;CAPT029;Bonne
M002979;PAT0179;2024-07-24 20:03:00;2024-07-24;20:03:00;38.9;154;106;81;97;22;1.11;71.4;29.5;262;6.7;7;CAPT047;Mauvaise
M002980;PAT0187;2024-05-09 18:30:00;2024-05-09;18:30:00;39.1;107;61;68;95;13;1.06;77;25.6;5265;7.2;1;CAPT021;Moyenne
M002981;PAT0042;2024-03-10 03:31:00;2024-03-10;03:31:00;36;104;79;85;98;15;1.35;60.4;32.5;6495;8.5;9;CAPT027;Bonne
M002982;PAT0092;2024-02-18 17:39:00;2024-02-18;17:39:00;37.6;112;76;67;94;23;1.06;50.6;34;5134;9.8;9;CAPT028;Bonne
M002983;PAT0020;2024-11-19 21:54:00;2024-11-19;21:54:00;39.3;141;72;84;96;14;1.04;83.9;24.9;7445;4.7;9;CAPT027;Bonne
M002984;PAT0052;2024-03-27 19:29:00;2024-03-27;19:29:00;39.4;132;65;91;99;23;1.28;65.2;24;3403;8.7;6;CAPT048;Bonne
M002985;PAT0193;2024-08-02 19:19:00;2024-08-02;19:19:00;37.9;100;89;112;88;13;0.99;57;33.5;4715;6.5;6;CAPT006;Moyenne
M002986;PAT0147;2024-04-18 16:54:00;2024-04-18;16:54:00;38.3;102;88;99;92;22;1.29;77.4;27.9;5818;7.1;4;CAPT026;Bonne
M002987;PAT0136;2024-03-26 22:03:00;2024-03-26;22:03:00;36;107;73;129;94;17;1.38;56.4;32;2432;6.5;7;CAPT028;Bonne
M002988;PAT0127;2024-12-15 22:10:00;2024-12-15;22:10:00;36;110;77;78;95;23;2;57.2;34.7;1523;4.4;6;CAPT008;Bonne
M002989;PAT0062;2024-11-10 16:21:00;2024-11-10;16:21:00;36.6;115;83;98;99;16;0.75;47;32.4;1408;5.2;2;CAPT039;Bonne
M002990;PAT0015;2024-12-10 05:38:00;2024-12-10;05:38:00;36.9;120;62;92;98;12;0.87;61.3;26.8;1585;5.3;4;CAPT015;Bonne
M002991;PAT0088;2024-04-30 21:38:00;2024-04-30;21:38:00;39.2;178;104;63;96;12;1.19;75.1;32.1;1397;4.1;9;CAPT018;Moyenne
M002992;PAT0188;2024-11-19 04:09:00;2024-11-19;04:09:00;39.1;135;85;126;91;14;0.85;87.7;33.2;2640;3.7;5;CAPT018;Bonne
M002993;PAT0018;2024-12-24 23:11:00;2024-12-24;23:11:00;36.8;131;70;71;98;17;1.28;93.4;19.1;7625;8.2;4;CAPT017;Bonne
M002994;PAT0127;2024-04-01 03:52:00;2024-04-01;03:52:00;38.3;120;69;71;96;14;3.2;55;21.2;7227;8.7;1;CAPT008;Bonne
M002995;PAT0179;2024-04-29 18:38:00;2024-04-29;18:38:00;36.5;170;86;91;95;12;1.08;59.2;32;955;8.1;9;CAPT036;Bonne
M002996;PAT0065;2024-02-18 10:24:00;2024-02-18;10:24:00;36.4;138;91;68;99;13;0.92;47.9;22.1;6433;9.3;0;CAPT031;Bonne
M002997;PAT0154;2024-12-04 23:21:00;2024-12-04;23:21:00;38.6;115;88;76;95;23;0.98;79.2;29.1;7131;6;6;CAPT043;Moyenne
M002998;PAT0079;2024-10-23 17:29:00;2024-10-23;17:29:00;36;105;84;96;95;18;2.03;60.3;30.4;5492;6.9;0;CAPT048;Bonne
M002999;PAT0157;2024-03-31 22:06:00;2024-03-31;22:06:00;37.3;143;61;61;94;14;1.12;80;33.2;459;5.3;8;CAPT049;Bonne
M003000;PAT0024;2024-09-17 02:04:00;2024-09-17;02:04:00;39;101;80;58;97;14;2.16;56.9;28.6;7636;4.3;5;CAPT028;Bonne
M003001;PAT0116;2024-12-20 04:07:00;2024-12-20;04:07:00;37.4;116;78;129;95;15;0.72;57.4;23;4837;3.1;8;CAPT012;Mauvaise
M003002;PAT0079;2024-03-28 20:10:00;2024-03-28;20:10:00;38.4;133;78;78;95;20;1.5;97;19.6;5820;7.3;2;CAPT047;Moyenne
M003003;PAT0059;2024-02-01 13:43:00;2024-02-01;13:43:00;39.1;111;85;98;98;22;1.27;55.2;22;3625;5.2;2;CAPT001;Bonne
M003004;PAT0025;2024-02-21 20:50:00;2024-02-21;20:50:00;36.7;175;96;92;96;16;1.32;59.8;23;438;9.8;7;CAPT018;Bonne
M003005;PAT0040;2024-12-08 00:10:00;2024-12-08;00:10:00;38.3;127;63;72;95;13;1.17;58.5;32.2;139;5.6;2;CAPT045;Moyenne
M003006;PAT0154;2024-07-29 11:44:00;2024-07-29;11:44:00;39.1;137;73;56;94;24;0.92;50;29.4;6763;6.6;4;CAPT043;Bonne
M003007;PAT0017;2024-08-01 08:00:00;2024-08-01;08:00:00;38;106;66;96;94;21;1.39;76.7;19.8;3501;6.5;3;CAPT013;Moyenne
M003008;PAT0159;2024-12-27 02:57:00;2024-12-27;02:57:00;36.3;131;78;86;99;14;1.08;47.1;23.3;2327;7.5;7;CAPT020;Bonne
M003009;PAT0084;2024-12-16 20:39:00;2024-12-16;20:39:00;35.7;117;71;95;95;15;1.39;95;21;1942;9;5;CAPT043;Bonne
M003010;PAT0200;2024-11-25 06:20:00;2024-11-25;06:20:00;37;123;88;74;94;19;0.75;78.9;21.1;4281;7;6;CAPT012;Bonne
M003011;PAT0010;2024-03-30 07:30:00;2024-03-30;07:30:00;37;100;80;79;98;24;2.66;66;27.9;3757;9.6;9;CAPT028;Bonne
M003012;PAT0154;2024-03-26 18:22:00;2024-03-26;18:22:00;36.4;108;79;74;96;19;0.82;74.5;19.6;6918;4.8;4;CAPT005;Bonne
M003013;PAT0161;2024-04-08 19:43:00;2024-04-08;19:43:00;35.6;118;73;69;99;24;1.28;79.2;21.9;2871;8.6;9;CAPT009;Bonne
M003014;PAT0072;2024-03-17 09:00:00;2024-03-17;09:00:00;37;115;72;65;94;14;1.16;82;26.7;3399;4.3;2;CAPT027;Bonne
M003015;PAT0049;2024-06-02 21:33:00;2024-06-02;21:33:00;37.7;113;79;83;98;17;0.84;57.7;22;3886;4.5;2;CAPT024;Moyenne
M003016;PAT0027;2024-09-26 12:27:00;2024-09-26;12:27:00;39.1;119;81;88;95;12;3.36;59;18.6;1864;6;2;CAPT024;Bonne
M003017;PAT0074;2024-05-07 23:35:00;2024-05-07;23:35:00;36.2;115;81;87;94;20;0.82;96.9;34.1;5159;6.9;5;CAPT022;Mauvaise
M003018;PAT0006;2024-04-14 10:52:00;2024-04-14;10:52:00;38.8;150;92;77;97;15;1.01;76.8;23.9;7682;9.8;5;CAPT036;Moyenne
M003019;PAT0163;2024-09-24 19:23:00;2024-09-24;19:23:00;37.9;132;77;112;90;14;1.33;93.4;33.7;7837;8.9;0;CAPT001;Bonne
M003020;PAT0064;2024-11-05 13:18:00;2024-11-05;13:18:00;36.8;131;73;61;99;21;1.1;62.7;19.6;3767;9;7;CAPT026;Bonne
M003021;PAT0085;2024-08-22 03:51:00;2024-08-22;03:51:00;37.7;133;73;78;98;16;0.73;56.1;18.6;5124;7.1;3;CAPT038;Bonne
M003022;PAT0088;2024-10-08 16:29:00;2024-10-08;16:29:00;36.3;139;95;67;96;12;0.89;60.1;22.8;2392;8.1;1;CAPT042;Bonne
M003023;PAT0103;2024-09-21 13:27:00;2024-09-21;13:27:00;37.3;125;77;109;89;18;1.17;74.6;27.8;4270;6.2;9;CAPT027;Bonne
M003024;PAT0180;2024-12-24 20:01:00;2024-12-24;20:01:00;39;110;61;116;92;13;0.77;92.7;25.4;3320;3.4;3;CAPT017;Moyenne
M003025;PAT0160;2024-02-12 02:01:00;2024-02-12;02:01:00;39.4;116;76;74;94;19;1.01;56.8;26.9;1494;8.6;0;CAPT046;Mauvaise
M003026;PAT0115;2024-07-19 15:53:00;2024-07-19;15:53:00;36.9;114;68;59;97;24;0.77;68.8;23.5;3311;7.6;5;CAPT005;Mauvaise
M003027;PAT0139;2024-08-04 00:43:00;2024-08-04;00:43:00;35.9;147;90;80;97;12;1.21;72;23;5252;6.9;0;CAPT047;Moyenne
M003028;PAT0175;2024-05-25 22:13:00;2024-05-25;22:13:00;39.4;139;89;61;95;17;0.83;65.2;33.1;7233;9.9;9;CAPT037;Bonne
M003029;PAT0133;2024-05-22 10:48:00;2024-05-22;10:48:00;39.1;110;85;75;95;19;0.93;80.5;31.3;5943;5.9;5;CAPT046;Mauvaise
M003030;PAT0148;2024-04-27 15:21:00;2024-04-27;15:21:00;36.7;151;100;96;98;19;1.25;52.5;30.1;2546;9.3;3;CAPT012;Bonne
M003031;PAT0144;2024-08-29 22:34:00;2024-08-29;22:34:00;37.9;123;74;63;96;18;2.2;94.5;31.6;7304;3.9;1;CAPT003;Mauvaise
M003032;PAT0034;2024-12-15 07:34:00;2024-12-15;07:34:00;36.8;123;63;63;94;12;0.93;83.8;26.3;2675;8.2;2;CAPT049;Bonne
M003033;PAT0097;2024-06-03 16:50:00;2024-06-03;16:50:00;35.8;146;102;68;95;21;1.31;67.6;30.8;3985;6.6;7;CAPT019;Mauvaise
M003034;PAT0147;2024-07-27 17:55:00;2024-07-27;17:55:00;35.7;114;67;124;89;20;0.87;66.2;23.5;7055;5.5;4;CAPT002;Moyenne
M003035;PAT0185;2024-01-12 02:54:00;2024-01-12;02:54:00;38.6;104;72;61;96;20;1.29;69.2;27.8;1493;7.2;0;CAPT006;Moyenne
M003036;PAT0157;2024-01-01 09:41:00;2024-01-01;09:41:00;39.2;112;85;63;98;18;1.15;92.3;20.5;6688;9.1;3;CAPT046;Bonne
M003037;PAT0126;2024-09-25 12:48:00;2024-09-25;12:48:00;37.4;103;75;91;99;15;1.02;94;24.6;2149;5.9;9;CAPT004;Bonne
M003038;PAT0050;2024-04-20 08:19:00;2024-04-20;08:19:00;38.2;124;67;71;98;13;1.22;56.6;28.1;3825;5.8;9;CAPT050;Bonne
M003039;PAT0154;2024-05-05 07:06:00;2024-05-05;07:06:00;37.6;132;82;66;96;24;0.96;82.1;20.6;6306;4.6;8;CAPT029;Bonne
M003040;PAT0174;2024-09-01 22:53:00;2024-09-01;22:53:00;38.5;124;72;99;88;14;1;47.6;33;2965;8.9;5;CAPT029;Bonne
M003041;PAT0078;2024-07-01 14:29:00;2024-07-01;14:29:00;39;141;79;72;98;21;1.84;54.5;25;965;4;9;CAPT016;Mauvaise
M003042;PAT0101;2024-06-09 22:02:00;2024-06-09;22:02:00;37.5;105;66;65;94;23;1.01;94.6;27.4;2027;9.2;6;CAPT032;Bonne
M003043;PAT0127;2024-09-10 11:39:00;2024-09-10;11:39:00;36.6;136;75;85;98;17;1.81;60.8;22.1;604;5;8;CAPT033;Bonne
M003044;PAT0183;2024-10-27 11:54:00;2024-10-27;11:54:00;36.3;122;75;72;96;23;0.93;86.2;31.4;5505;9.1;9;CAPT002;Bonne
M003045;PAT0193;2024-08-31 12:29:00;2024-08-31;12:29:00;37.2;117;78;127;92;22;1.25;71.1;18.4;7166;9.1;4;CAPT002;Mauvaise
M003046;PAT0123;2024-06-30 02:19:00;2024-06-30;02:19:00;37.9;143;60;73;97;23;2.17;64.3;23.1;6682;3.5;6;CAPT049;Moyenne
M003047;PAT0121;2024-11-29 06:03:00;2024-11-29;06:03:00;38;106;75;79;99;13;2.96;48.2;18.5;7968;8;0;CAPT037;Bonne
M003048;PAT0072;2024-07-28 11:25:00;2024-07-28;11:25:00;36.9;124;73;92;99;15;1.22;72.8;22.1;4971;5;1;CAPT017;Bonne
M003049;PAT0088;2024-06-19 20:42:00;2024-06-19;20:42:00;37.2;169;92;77;94;12;0.87;58.5;34.2;849;9.4;8;CAPT044;Bonne
M003050;PAT0034;2024-08-08 01:40:00;2024-08-08;01:40:00;38.2;119;76;65;98;20;1.36;95.3;31;6035;9;8;CAPT003;Bonne
M003051;PAT0067;2024-10-19 23:05:00;2024-10-19;23:05:00;35.8;130;80;55;97;23;1.03;85.5;31.9;5268;7.1;2;CAPT049;Bonne
M003052;PAT0171;2024-08-03 02:05:00;2024-08-03;02:05:00;37.9;142;88;57;95;12;0.95;87.1;26.5;2122;7.1;4;CAPT026;Bonne
M003053;PAT0081;2024-02-14 17:06:00;2024-02-14;17:06:00;38.2;117;74;74;97;15;3.49;62.5;21.7;7782;9.7;0;CAPT018;Moyenne
M003054;PAT0103;2024-06-08 23:19:00;2024-06-08;23:19:00;37.4;127;72;115;95;20;1;68.4;19.6;5833;7.5;5;CAPT042;Bonne
M003055;PAT0105;2024-12-08 00:17:00;2024-12-08;00:17:00;38.4;160;91;92;96;12;1.06;85.3;25;7860;7.7;7;CAPT025;Moyenne
M003056;PAT0141;2024-12-28 19:01:00;2024-12-28;19:01:00;38.5;111;85;90;95;17;1.32;84.2;24.3;5254;5.4;4;CAPT039;Bonne
M003057;PAT0151;2024-09-26 20:39:00;2024-09-26;20:39:00;35.8;107;62;94;99;16;2.06;84.5;29.9;7680;7.8;5;CAPT001;Bonne
M003058;PAT0187;2024-12-26 05:31:00;2024-12-26;05:31:00;37.2;106;74;79;96;21;0.83;60.7;18.3;2509;4.9;3;CAPT031;Bonne
M003059;PAT0175;2024-09-30 13:11:00;2024-09-30;13:11:00;39.2;137;89;79;96;19;0.87;48.7;18.9;5849;3.5;1;CAPT006;Mauvaise
M003060;PAT0137;2024-01-17 09:31:00;2024-01-17;09:31:00;36.7;109;77;93;98;24;0.97;92.7;21.6;5606;7.1;4;CAPT006;Bonne
M003061;PAT0065;2024-09-13 10:10:00;2024-09-13;10:10:00;36.5;167;95;99;97;12;1.02;61.5;23.1;7220;3.9;0;CAPT013;Bonne
M003062;PAT0084;2024-05-24 03:01:00;2024-05-24;03:01:00;39.2;114;68;68;98;18;1.12;86;29.4;3195;9.4;5;CAPT015;Moyenne
M003063;PAT0130;2024-04-25 11:05:00;2024-04-25;11:05:00;37.6;135;79;60;94;23;1.04;86.1;29.9;4785;9;5;CAPT027;Bonne
M003064;PAT0080;2024-09-11 15:19:00;2024-09-11;15:19:00;35.9;142;76;98;91;17;1.35;50;21.5;4934;5.6;0;CAPT033;Bonne
M003065;PAT0173;2024-03-13 11:32:00;2024-03-13;11:32:00;37;143;71;94;92;17;0.83;59.7;34.1;6022;5.9;6;CAPT021;Bonne
M003066;PAT0137;2024-06-27 06:39:00;2024-06-27;06:39:00;39.2;108;81;99;94;22;1.27;87.7;24.2;6627;4.2;1;CAPT008;Moyenne
M003067;PAT0126;2024-06-16 10:56:00;2024-06-16;10:56:00;38;118;71;90;95;23;1.09;79.1;31.8;3319;6.7;2;CAPT046;Bonne
M003068;PAT0174;2024-02-08 05:35:00;2024-02-08;05:35:00;39.4;103;89;128;94;22;1.26;63.2;31.7;2988;8.9;4;CAPT008;Bonne
M003069;PAT0097;2024-11-13 05:13:00;2024-11-13;05:13:00;37.7;169;94;75;94;18;1.02;96.8;19.7;6487;4.5;5;CAPT035;Bonne
M003070;PAT0196;2024-02-16 17:57:00;2024-02-16;17:57:00;38.4;136;72;79;96;12;1.37;47.3;18.9;2864;4.4;9;CAPT035;Mauvaise
M003071;PAT0017;2024-07-16 06:16:00;2024-07-16;06:16:00;36;118;80;66;96;15;1.27;78.4;31.9;1952;5.2;6;CAPT011;Bonne
M003072;PAT0027;2024-07-08 18:29:00;2024-07-08;18:29:00;38.5;135;81;94;99;14;2.79;58.3;31;2072;3.4;2;CAPT038;Bonne
M003073;PAT0189;2024-03-29 02:32:00;2024-03-29;02:32:00;36.8;133;70;96;96;21;3.32;71;21.3;4097;3.6;5;CAPT006;Bonne
M003074;PAT0076;2024-02-15 06:15:00;2024-02-15;06:15:00;35.8;101;69;71;95;21;1.21;93.5;24.1;1004;4.4;0;CAPT004;Bonne
M003075;PAT0017;2024-01-20 06:03:00;2024-01-20;06:03:00;38.7;111;89;86;94;19;0.92;61.3;25.6;4941;6.7;4;CAPT043;Bonne
M003076;PAT0183;2024-01-25 19:56:00;2024-01-25;19:56:00;38.5;131;72;87;97;15;0.77;64.8;27.3;7928;7.6;8;CAPT021;Moyenne
M003077;PAT0082;2024-12-28 13:15:00;2024-12-28;13:15:00;38.5;147;96;90;95;18;1.02;61.8;34.8;2672;5.1;0;CAPT036;Bonne
M003078;PAT0190;2024-11-01 18:06:00;2024-11-01;18:06:00;36.1;135;76;93;95;23;1.38;96.6;32.6;1924;7.2;7;CAPT022;Moyenne
M003079;PAT0040;2024-06-06 21:05:00;2024-06-06;21:05:00;39.2;139;72;80;99;22;0.74;95.5;31.7;421;3.2;6;CAPT007;Bonne
M003080;PAT0178;2024-11-24 12:44:00;2024-11-24;12:44:00;38;115;72;66;95;24;1.22;45.9;33.2;721;9.2;1;CAPT045;Mauvaise
M003081;PAT0187;2024-03-08 05:42:00;2024-03-08;05:42:00;36.5;102;88;62;96;23;1.07;89;20.1;2719;6.7;3;CAPT027;Bonne
M003082;PAT0129;2024-03-18 21:05:00;2024-03-18;21:05:00;38;150;101;76;95;24;1.35;72.5;33.8;5283;5.8;7;CAPT042;Mauvaise
M003083;PAT0098;2024-10-18 12:09:00;2024-10-18;12:09:00;35.6;113;73;79;99;17;1.28;55.6;22.6;6323;7;1;CAPT046;Mauvaise
M003084;PAT0023;2024-01-06 11:36:00;2024-01-06;11:36:00;36.4;131;85;81;98;23;2.92;81.4;28.8;2386;9.5;2;CAPT041;Bonne
M003085;PAT0091;2024-03-08 17:40:00;2024-03-08;17:40:00;37.3;131;88;75;96;21;1.04;83.7;20.7;4;3.2;6;CAPT042;Mauvaise
M003086;PAT0170;2024-05-16 17:21:00;2024-05-16;17:21:00;38;159;94;92;97;17;1.02;85.4;22.3;602;4.3;2;CAPT030;Bonne
M003087;PAT0032;2024-06-28 02:18:00;2024-06-28;02:18:00;36.8;108;79;91;96;16;0.8;94.6;31.8;231;5.3;7;CAPT033;Moyenne
M003088;PAT0165;2024-03-16 20:33:00;2024-03-16;20:33:00;37.1;130;76;97;95;23;0.72;89.3;18.7;197;6.9;9;CAPT012;Bonne
M003089;PAT0047;2024-08-02 11:54:00;2024-08-02;11:54:00;36.7;143;108;82;95;12;0.88;71.2;25.7;2862;8.6;1;CAPT045;Mauvaise
M003090;PAT0156;2024-01-22 22:37:00;2024-01-22;22:37:00;35.6;128;61;96;97;21;1.38;92.9;28.8;5682;9.8;5;CAPT038;Bonne
M003091;PAT0130;2024-07-19 22:16:00;2024-07-19;22:16:00;36.3;144;89;65;99;13;0.93;50.2;24.6;2708;7.4;5;CAPT023;Mauvaise
M003092;PAT0111;2024-04-22 16:35:00;2024-04-22;16:35:00;37.5;120;60;59;98;17;1.26;73;26.7;3654;8.1;3;CAPT025;Mauvaise
M003093;PAT0089;2024-11-10 19:53:00;2024-11-10;19:53:00;36.5;105;79;66;94;13;1;56.3;29.2;6939;3.4;3;CAPT042;Mauvaise
M003094;PAT0033;2024-03-11 18:01:00;2024-03-11;18:01:00;39;158;108;69;94;14;1.32;99.6;31.6;7888;9.1;8;CAPT036;Bonne
M003095;PAT0098;2024-05-23 15:53:00;2024-05-23;15:53:00;37.9;118;68;85;94;18;0.71;81.6;25.6;3121;9.2;6;CAPT049;Bonne
M003096;PAT0148;2024-04-19 16:01:00;2024-04-19;16:01:00;36.3;135;94;62;95;24;1.13;51.7;30.3;7833;4.8;1;CAPT034;Bonne
M003097;PAT0151;2024-06-14 23:15:00;2024-06-14;23:15:00;37.7;107;78;55;94;19;3.03;97.3;27.7;2990;5.2;3;CAPT038;Mauvaise
M003098;PAT0183;2024-05-12 14:51:00;2024-05-12;14:51:00;37.8;104;62;86;94;24;1.23;47.6;24.1;617;5.2;4;CAPT009;Bonne
M003099;PAT0144;2024-07-02 02:47:00;2024-07-02;02:47:00;37.1;103;66;73;99;12;1.75;56.8;19;4054;7;0;CAPT047;Mauvaise
M003100;PAT0057;2024-07-20 15:00:00;2024-07-20;15:00:00;38.7;100;61;72;97;24;0.79;59.1;26.7;224;6.6;3;CAPT041;Bonne
M003101;PAT0136;2024-07-30 10:24:00;2024-07-30;10:24:00;38.3;115;63;98;88;16;1.22;53.2;33.1;3350;5.6;3;CAPT043;Mauvaise
M003102;PAT0170;2024-04-05 05:33:00;2024-04-05;05:33:00;39.1;136;87;77;95;24;1.07;84.4;33.3;3438;8.3;6;CAPT008;Bonne
M003103;PAT0135;2024-05-05 11:13:00;2024-05-05;11:13:00;35.7;132;76;90;97;17;0.85;94.4;26.7;22;6;8;CAPT047;Bonne
M003104;PAT0077;2024-08-04 15:58:00;2024-08-04;15:58:00;37.1;127;87;75;95;22;1.18;72.2;18.3;1842;9.6;2;CAPT018;Bonne
M003105;PAT0083;2024-04-22 15:17:00;2024-04-22;15:17:00;38.4;116;66;89;98;18;1.26;76.6;32.1;7270;6.3;8;CAPT010;Bonne
M003106;PAT0021;2024-11-21 06:05:00;2024-11-21;06:05:00;39.3;139;77;78;95;19;0.86;62.7;23.9;1682;8.5;6;CAPT022;Bonne
M003107;PAT0154;2024-09-14 22:39:00;2024-09-14;22:39:00;37.5;130;86;92;94;22;1.14;74.6;25.8;1311;4.9;4;CAPT044;Moyenne
M003108;PAT0017;2024-05-29 16:24:00;2024-05-29;16:24:00;38.2;118;70;70;96;22;1.19;99.1;20.7;6858;6.1;9;CAPT049;Moyenne
M003109;PAT0031;2024-11-29 03:50:00;2024-11-29;03:50:00;38;104;82;79;98;19;1.29;72.1;22.4;6092;4.6;1;CAPT040;Bonne
M003110;PAT0105;2024-06-11 02:49:00;2024-06-11;02:49:00;36.9;174;105;83;96;20;0.95;80.3;23.3;6779;3.8;6;CAPT026;Bonne
M003111;PAT0113;2024-08-06 07:59:00;2024-08-06;07:59:00;38.4;141;72;59;99;20;1.07;95.2;18.8;6473;9.7;7;CAPT023;Bonne
M003112;PAT0189;2024-04-04 01:53:00;2024-04-04;01:53:00;35.9;102;88;84;94;16;2.36;88.1;32.2;6393;3.6;6;CAPT048;Moyenne
M003113;PAT0084;2024-11-29 20:09:00;2024-11-29;20:09:00;36.2;110;71;79;96;19;1.1;60.4;20.1;5057;5;2;CAPT035;Bonne
M003114;PAT0191;2024-12-05 19:10:00;2024-12-05;19:10:00;37.4;136;70;73;97;18;0.85;67.6;18.8;7124;7.4;9;CAPT050;Bonne
M003115;PAT0066;2024-12-21 01:05:00;2024-12-21;01:05:00;38.7;110;86;68;97;15;1.01;93.1;34.5;763;4.9;7;CAPT014;Moyenne
M003116;PAT0051;2024-10-10 00:04:00;2024-10-10;00:04:00;38.9;142;87;74;99;18;1.34;63.4;21.7;899;8.2;7;CAPT024;Moyenne
M003117;PAT0135;2024-09-05 03:59:00;2024-09-05;03:59:00;36.9;123;60;78;95;23;0.98;59.4;25.1;3090;3.1;4;CAPT016;Moyenne
M003118;PAT0150;2024-07-20 01:39:00;2024-07-20;01:39:00;39.1;139;70;58;97;23;0.81;71.7;22.5;1235;8.2;5;CAPT026;Mauvaise
M003119;PAT0163;2024-09-10 04:03:00;2024-09-10;04:03:00;38;120;69;119;95;18;1.19;86.2;24.7;7015;7.9;3;CAPT020;Bonne
M003120;PAT0160;2024-02-24 19:44:00;2024-02-24;19:44:00;36.1;137;62;83;98;18;1.1;74.2;34.7;2441;5.9;4;CAPT048;Bonne
M003121;PAT0161;2024-03-19 16:23:00;2024-03-19;16:23:00;38.5;134;77;94;99;19;1.35;54.4;19.5;5003;9.2;4;CAPT023;Moyenne
M003122;PAT0083;2024-11-28 21:13:00;2024-11-28;21:13:00;37.7;120;75;81;97;12;1.21;92.3;29.5;3264;6.2;5;CAPT021;Mauvaise
M003123;PAT0141;2024-03-22 12:11:00;2024-03-22;12:11:00;37.2;119;62;68;94;14;0.8;57;28.3;1063;5.8;1;CAPT042;Bonne
M003124;PAT0132;2024-07-21 00:28:00;2024-07-21;00:28:00;37.7;142;64;56;96;24;1.81;87.7;18.4;1872;6.4;0;CAPT022;Bonne
M003125;PAT0022;2024-10-15 22:36:00;2024-10-15;22:36:00;39.3;165;93;60;97;15;1.17;78.4;19.1;1374;6.4;2;CAPT024;Mauvaise
M003126;PAT0018;2024-12-12 22:17:00;2024-12-12;22:17:00;36.7;132;79;67;98;16;0.81;88.6;28.3;7887;4.2;4;CAPT014;Bonne
M003127;PAT0173;2024-05-21 19:34:00;2024-05-21;19:34:00;36.2;143;72;93;94;20;0.77;86.8;30.9;4463;6.6;0;CAPT042;Bonne
M003128;PAT0087;2024-08-31 08:28:00;2024-08-31;08:28:00;37.3;136;83;79;96;20;2.72;64.3;31.3;3612;7.1;7;CAPT003;Bonne
M003129;PAT0124;2024-06-15 09:46:00;2024-06-15;09:46:00;38;135;74;99;97;13;1.24;80.7;30;1811;7.5;4;CAPT020;Bonne
M003130;PAT0057;2024-08-09 17:30:00;2024-08-09;17:30:00;38.1;139;60;73;95;12;1.39;50.6;32.6;3868;8.6;1;CAPT012;Bonne
M003131;PAT0037;2024-10-25 08:49:00;2024-10-25;08:49:00;37.9;117;61;81;99;18;1.21;94.4;26.3;2501;9.6;5;CAPT045;Moyenne
M003132;PAT0062;2024-02-27 11:13:00;2024-02-27;11:13:00;36.9;139;89;75;94;23;0.91;70.5;20.1;7953;3.4;6;CAPT004;Bonne
M003133;PAT0029;2024-06-19 20:16:00;2024-06-19;20:16:00;37.3;127;63;79;95;24;0.79;92.2;31;4499;7.3;4;CAPT017;Moyenne
M003134;PAT0062;2024-12-03 08:44:00;2024-12-03;08:44:00;37.6;139;60;69;96;12;1.16;52.3;24;3646;5.6;4;CAPT033;Bonne
M003135;PAT0087;2024-02-23 07:21:00;2024-02-23;07:21:00;36.6;140;77;98;99;17;2.12;98.2;28.8;4642;5.2;1;CAPT026;Bonne
M003136;PAT0137;2024-11-28 11:29:00;2024-11-28;11:29:00;36.4;137;63;91;98;24;0.93;81.6;20.6;5320;9;8;CAPT035;Moyenne
M003137;PAT0094;2024-06-27 17:01:00;2024-06-27;17:01:00;38.8;115;71;91;93;14;1.38;82.1;27.9;7837;9.8;7;CAPT023;Moyenne
M003138;PAT0125;2024-06-03 15:23:00;2024-06-03;15:23:00;39.2;122;89;92;98;19;2.92;50.4;24.9;3728;3.3;0;CAPT034;Bonne
M003139;PAT0198;2024-11-17 20:07:00;2024-11-17;20:07:00;38.6;125;72;98;99;17;1.34;67.6;22.1;7508;8.2;6;CAPT042;Moyenne
M003140;PAT0164;2024-01-01 09:01:00;2024-01-01;09:01:00;37.4;152;88;87;97;24;0.91;58.8;31.7;2019;10;3;CAPT029;Bonne
M003141;PAT0163;2024-05-10 23:31:00;2024-05-10;23:31:00;38.2;139;84;125;93;19;1.2;71.9;31.8;2813;8.7;5;CAPT016;Bonne
M003142;PAT0075;2024-06-27 22:20:00;2024-06-27;22:20:00;37.8;141;63;63;99;22;1.49;99.7;26.8;2853;4.5;0;CAPT019;Moyenne
M003143;PAT0096;2024-07-25 01:07:00;2024-07-25;01:07:00;37.3;161;99;55;96;16;1.2;55.5;32;5760;3.7;2;CAPT005;Bonne
M003144;PAT0118;2024-12-13 00:42:00;2024-12-13;00:42:00;38.9;127;66;126;94;23;0.94;86.7;25.5;4766;3.2;9;CAPT025;Bonne
M003145;PAT0118;2024-11-26 08:36:00;2024-11-26;08:36:00;35.6;139;70;118;88;18;1.1;74.9;29.9;3468;4.2;2;CAPT034;Bonne
M003146;PAT0081;2024-02-20 12:57:00;2024-02-20;12:57:00;38.3;118;85;90;97;15;1.92;51;31.6;7042;7;9;CAPT050;Bonne
M003147;PAT0061;2024-10-26 13:28:00;2024-10-26;13:28:00;37.1;142;84;95;96;24;2.73;58.7;35;4712;8.5;2;CAPT032;Bonne
M003148;PAT0062;2024-12-10 11:45:00;2024-12-10;11:45:00;37.6;111;84;90;95;13;0.96;67.4;26.3;4253;6.2;7;CAPT009;Bonne
M003149;PAT0137;2024-05-18 02:13:00;2024-05-18;02:13:00;36.4;112;84;60;99;18;1.08;64;19.8;2555;4.4;4;CAPT001;Moyenne
M003150;PAT0020;2024-01-25 19:29:00;2024-01-25;19:29:00;39.1;127;84;98;98;16;0.89;62;26.4;3543;5.2;1;CAPT040;Bonne
M003151;PAT0059;2024-12-10 07:20:00;2024-12-10;07:20:00;37.4;127;64;83;99;15;1;87.5;27.7;3229;6.1;6;CAPT005;Bonne
M003152;PAT0178;2024-01-12 06:45:00;2024-01-12;06:45:00;38.6;102;88;86;97;12;0.89;98.5;29.3;6539;7.6;1;CAPT030;Bonne
M003153;PAT0173;2024-07-05 20:27:00;2024-07-05;20:27:00;38.9;128;68;120;94;24;1.2;75.8;20.6;7605;8.8;1;CAPT033;Bonne
M003154;PAT0045;2024-06-24 05:42:00;2024-06-24;05:42:00;37.2;106;77;62;97;22;1.38;94.3;26;6842;7.1;8;CAPT017;Mauvaise
M003155;PAT0182;2024-02-04 04:56:00;2024-02-04;04:56:00;37.5;173;101;65;96;13;1.24;87;24.6;2838;9.6;1;CAPT007;Moyenne
M003156;PAT0023;2024-12-10 04:12:00;2024-12-10;04:12:00;38.7;125;71;86;94;22;3.06;54.1;22.5;5572;7.6;9;CAPT021;Bonne
M003157;PAT0041;2024-02-12 03:37:00;2024-02-12;03:37:00;37.5;132;83;114;94;24;1.26;80.3;27.6;7236;9.8;5;CAPT022;Bonne
M003158;PAT0159;2024-07-20 10:28:00;2024-07-20;10:28:00;39.4;131;67;74;95;21;1.31;79.6;22.6;3975;9.4;1;CAPT045;Bonne
M003159;PAT0055;2024-12-17 10:17:00;2024-12-17;10:17:00;36.6;105;64;57;96;22;0.83;49.2;26.9;7951;8.6;2;CAPT045;Bonne
M003160;PAT0137;2024-12-22 10:05:00;2024-12-22;10:05:00;36.4;118;70;88;95;21;1.17;95.7;21.2;3987;9.8;0;CAPT044;Bonne
M003161;PAT0087;2024-04-15 17:52:00;2024-04-15;17:52:00;38.1;101;65;87;96;15;1.53;74.7;29.7;5708;4.5;2;CAPT047;Mauvaise
M003162;PAT0110;2024-02-21 17:49:00;2024-02-21;17:49:00;39.1;121;70;58;99;12;1.06;92.4;34;260;4.8;4;CAPT043;Bonne
M003163;PAT0035;2024-02-08 08:42:00;2024-02-08;08:42:00;37.6;123;67;84;95;18;0.82;55.9;23.5;7664;9.8;6;CAPT007;Bonne
M003164;PAT0029;2024-03-27 17:13:00;2024-03-27;17:13:00;39.1;118;68;88;99;15;0.83;45.6;18;6386;6.4;5;CAPT050;Bonne
M003165;PAT0102;2024-08-27 15:02:00;2024-08-27;15:02:00;38.4;130;84;56;95;21;1.34;45.6;25.2;5913;7.7;4;CAPT028;Bonne
M003166;PAT0028;2024-05-01 14:24:00;2024-05-01;14:24:00;36.1;133;66;71;96;16;1.38;78.2;18;7473;5.9;7;CAPT031;Bonne
M003167;PAT0177;2024-11-21 13:11:00;2024-11-21;13:11:00;39.3;143;83;87;97;20;1.29;72.4;18.7;5963;6.8;9;CAPT034;Moyenne
M003168;PAT0102;2024-12-02 09:06:00;2024-12-02;09:06:00;37.5;134;64;98;98;24;1.09;89.8;21.8;2844;4.6;0;CAPT043;Moyenne
M003169;PAT0042;2024-06-01 20:21:00;2024-06-01;20:21:00;38.7;114;65;86;97;13;0.97;59.1;25.3;3747;5.1;3;CAPT038;Bonne
M003170;PAT0157;2024-01-19 10:45:00;2024-01-19;10:45:00;39.1;111;62;92;94;22;0.76;86.4;28.4;16;3.1;6;CAPT017;Bonne
M003171;PAT0146;2024-10-16 23:45:00;2024-10-16;23:45:00;38.5;136;106;83;98;19;0.72;80.5;21.9;1623;3.9;0;CAPT043;Moyenne
M003172;PAT0030;2024-11-01 14:43:00;2024-11-01;14:43:00;35.7;161;108;95;98;24;1.19;75.4;30.5;984;5.6;5;CAPT037;Bonne
M003173;PAT0026;2024-10-05 04:37:00;2024-10-05;04:37:00;37.1;126;67;80;96;24;0.83;97.5;25.9;998;4.2;9;CAPT022;Bonne
M003174;PAT0064;2024-05-07 20:57:00;2024-05-07;20:57:00;37.1;105;87;57;98;24;0.75;52.6;32.9;2045;9.7;8;CAPT026;Bonne
M003175;PAT0001;2024-02-27 13:36:00;2024-02-27;13:36:00;38.4;139;64;85;97;12;1.52;86.6;27.4;7816;6.6;8;CAPT024;Bonne
M003176;PAT0071;2024-03-13 19:14:00;2024-03-13;19:14:00;36.3;113;70;79;95;20;2.38;99.7;27.3;838;8.3;7;CAPT020;Bonne
M003177;PAT0050;2024-11-14 20:05:00;2024-11-14;20:05:00;35.5;141;69;98;94;14;1.18;64.9;22.1;3310;8.6;9;CAPT006;Bonne
M003178;PAT0123;2024-05-09 12:36:00;2024-05-09;12:36:00;36.4;100;74;65;98;18;1.92;83;23.9;3595;3.2;3;CAPT011;Bonne
M003179;PAT0189;2024-01-25 02:09:00;2024-01-25;02:09:00;39.1;102;69;80;99;15;1.39;58.4;19.5;684;5.3;2;CAPT033;Moyenne
M003180;PAT0163;2024-09-03 18:37:00;2024-09-03;18:37:00;35.5;117;60;110;91;23;1.11;57.1;31.7;5525;9;2;CAPT030;Bonne
M003181;PAT0026;2024-09-09 02:54:00;2024-09-09;02:54:00;37.4;130;79;96;95;19;1.04;46.5;18.6;7493;5.9;2;CAPT029;Bonne
M003182;PAT0015;2024-06-04 02:08:00;2024-06-04;02:08:00;36.5;116;71;81;96;19;1.33;96.3;24.5;6035;5.3;2;CAPT026;Bonne
M003183;PAT0065;2024-04-28 20:40:00;2024-04-28;20:40:00;37.7;177;104;56;97;22;1.08;62.6;22.1;827;5.7;8;CAPT017;Mauvaise
M003184;PAT0030;2024-08-20 12:29:00;2024-08-20;12:29:00;37.4;166;101;55;94;16;1.23;81.7;32.6;7285;3.1;5;CAPT018;Bonne
M003185;PAT0058;2024-12-01 22:59:00;2024-12-01;22:59:00;37.8;116;85;99;97;14;0.92;84.4;29.5;1308;7.7;4;CAPT015;Bonne
M003186;PAT0021;2024-08-29 07:02:00;2024-08-29;07:02:00;36.4;127;76;63;98;13;1.15;54.7;27.9;59;5.9;1;CAPT047;Bonne
M003187;PAT0186;2024-09-12 08:55:00;2024-09-12;08:55:00;36.9;119;76;93;94;24;1.02;87.9;23.1;6272;5;1;CAPT035;Moyenne
M003188;PAT0012;2024-12-24 14:46:00;2024-12-24;14:46:00;38.7;121;67;61;94;13;2.55;91.4;27.2;5419;9.9;8;CAPT025;Bonne
M003189;PAT0006;2024-05-28 05:30:00;2024-05-28;05:30:00;35.7;149;87;77;98;24;1.3;77.7;32.4;7636;9.2;1;CAPT024;Bonne
M003190;PAT0149;2024-06-02 15:26:00;2024-06-02;15:26:00;38.8;143;63;94;94;19;1.2;50.8;18.9;965;9.7;4;CAPT037;Bonne
M003191;PAT0122;2024-08-18 11:18:00;2024-08-18;11:18:00;38.2;122;67;73;98;22;0.97;64.3;23.8;49;4;9;CAPT037;Bonne
M003192;PAT0117;2024-07-17 21:36:00;2024-07-17;21:36:00;36.3;119;71;82;98;19;1.55;72.9;22.6;4434;9.9;4;CAPT002;Bonne
M003193;PAT0195;2024-01-06 19:32:00;2024-01-06;19:32:00;36.5;155;102;63;97;20;0.84;82.7;27;4376;5.4;1;CAPT027;Bonne
M003194;PAT0003;2024-07-13 23:37:00;2024-07-13;23:37:00;38.4;117;70;67;99;20;3.14;55;32.7;207;7.5;3;CAPT027;Mauvaise
M003195;PAT0018;2024-03-08 13:50:00;2024-03-08;13:50:00;37.7;114;84;92;96;22;0.85;46.9;31;6109;6.1;3;CAPT029;Bonne
M003196;PAT0117;2024-07-10 14:02:00;2024-07-10;14:02:00;38.5;118;66;97;98;22;2.21;56.3;27.6;1401;8.8;4;CAPT010;Moyenne
M003197;PAT0097;2024-08-27 18:11:00;2024-08-27;18:11:00;39;148;86;83;95;16;0.86;89.4;33.7;4012;3.5;7;CAPT006;Bonne
M003198;PAT0015;2024-05-02 11:07:00;2024-05-02;11:07:00;36;111;80;99;95;24;1.36;77.8;20.9;2838;7.6;5;CAPT003;Bonne
M003199;PAT0105;2024-11-30 05:18:00;2024-11-30;05:18:00;36.3;139;102;94;99;23;1.08;57.8;29.6;6497;8.4;7;CAPT004;Bonne
M003200;PAT0037;2024-10-28 07:16:00;2024-10-28;07:16:00;36.6;106;62;83;97;24;0.85;46.2;24.8;6758;8;3;CAPT002;Bonne
M003201;PAT0097;2024-05-12 22:14:00;2024-05-12;22:14:00;38.2;151;101;74;99;24;1.1;45.1;28.4;4984;7.6;3;CAPT013;Bonne
M003202;PAT0088;2024-07-19 10:49:00;2024-07-19;10:49:00;36.1;151;99;97;97;23;1.01;61.8;20.3;2259;5.4;9;CAPT031;Moyenne
M003203;PAT0184;2024-01-17 12:55:00;2024-01-17;12:55:00;39.3;107;87;99;94;12;1.28;59;33.1;4832;6.9;5;CAPT019;Bonne
M003204;PAT0137;2024-06-23 07:06:00;2024-06-23;07:06:00;36;119;60;79;97;22;1.04;76.8;30.8;6162;8.6;4;CAPT001;Bonne
M003205;PAT0066;2024-06-28 09:57:00;2024-06-28;09:57:00;36.1;102;73;69;94;21;0.82;89.1;23.5;1493;9.8;0;CAPT027;Bonne
M003206;PAT0195;2024-03-08 11:21:00;2024-03-08;11:21:00;38.7;169;105;74;99;23;1.4;71.4;32.6;7090;9.7;7;CAPT036;Bonne
M003207;PAT0136;2024-08-16 17:25:00;2024-08-16;17:25:00;35.6;117;82;119;88;13;1.15;54.9;21.9;7351;7.1;0;CAPT009;Bonne
M003208;PAT0044;2024-02-08 15:02:00;2024-02-08;15:02:00;39.1;106;65;95;93;19;0.79;50.1;34.5;4580;9.3;9;CAPT036;Moyenne
M003209;PAT0103;2024-04-16 18:49:00;2024-04-16;18:49:00;37.8;109;62;119;93;17;1.38;52.2;31.8;2114;7;0;CAPT050;Mauvaise
M003210;PAT0124;2024-09-22 15:12:00;2024-09-22;15:12:00;38.8;135;89;88;94;22;1.57;83.5;22.3;87;4.1;2;CAPT020;Bonne
M003211;PAT0146;2024-07-28 05:36:00;2024-07-28;05:36:00;38.8;154;93;81;98;15;0.95;71.1;29.3;3679;5.7;7;CAPT020;Moyenne
M003212;PAT0030;2024-04-30 06:48:00;2024-04-30;06:48:00;36.2;177;101;78;98;23;1;75.6;18.1;3709;3;5;CAPT021;Bonne
M003213;PAT0021;2024-04-01 16:31:00;2024-04-01;16:31:00;36.7;124;68;57;94;24;1.19;82.7;20.6;6238;3.1;8;CAPT044;Bonne
M003214;PAT0041;2024-12-01 00:05:00;2024-12-01;00:05:00;38.4;142;61;106;94;15;1.21;71.9;23.1;6100;9.6;3;CAPT005;Moyenne
M003215;PAT0102;2024-09-12 19:08:00;2024-09-12;19:08:00;38.1;139;78;66;97;22;0.89;83.3;18.9;7983;9.2;4;CAPT026;Bonne
M003216;PAT0107;2024-08-26 10:41:00;2024-08-26;10:41:00;38.5;143;74;105;92;18;0.79;87.9;24;6958;5.8;2;CAPT044;Bonne
M003217;PAT0147;2024-05-21 05:52:00;2024-05-21;05:52:00;35.7;107;84;124;91;24;1.01;92.7;24.8;502;6.4;4;CAPT050;Bonne
M003218;PAT0088;2024-10-04 06:12:00;2024-10-04;06:12:00;35.6;136;98;58;94;16;0.9;98.2;26.6;2967;6.5;0;CAPT016;Bonne
M003219;PAT0177;2024-07-22 17:45:00;2024-07-22;17:45:00;38.1;122;74;71;97;22;1.09;68.4;31.5;7794;9.1;1;CAPT022;Bonne
M003220;PAT0115;2024-03-19 07:08:00;2024-03-19;07:08:00;37.1;136;77;83;99;16;1.38;49.2;30.6;1652;6.7;3;CAPT033;Mauvaise
M003221;PAT0181;2024-11-20 14:00:00;2024-11-20;14:00:00;35.9;141;81;56;97;24;0.77;47.4;19.8;1711;6;6;CAPT039;Bonne
M003222;PAT0124;2024-01-15 19:08:00;2024-01-15;19:08:00;36.9;111;62;71;94;19;2.74;76.4;18.8;6230;8.9;5;CAPT010;Bonne
M003223;PAT0141;2024-06-29 04:15:00;2024-06-29;04:15:00;36.4;109;82;92;99;21;1.21;53.2;27.6;7538;8.9;2;CAPT018;Moyenne
M003224;PAT0148;2024-04-11 15:37:00;2024-04-11;15:37:00;36.9;148;98;94;95;20;1.15;53.9;33.5;3117;5.4;7;CAPT041;Bonne
M003225;PAT0096;2024-03-04 02:27:00;2024-03-04;02:27:00;38.9;152;88;90;97;13;1.34;89.1;29;4668;3.6;7;CAPT039;Bonne
M003226;PAT0043;2024-08-26 10:53:00;2024-08-26;10:53:00;39.2;106;60;85;99;24;3.44;61.6;32.6;476;10;2;CAPT020;Moyenne
M003227;PAT0047;2024-08-27 07:37:00;2024-08-27;07:37:00;37.1;149;105;73;97;15;0.91;66.2;23.9;6380;3.6;2;CAPT035;Mauvaise
M003228;PAT0061;2024-04-01 09:41:00;2024-04-01;09:41:00;37.8;131;62;84;95;15;2.79;98.7;31.5;6273;6.3;1;CAPT029;Bonne
M003229;PAT0061;2024-11-26 13:45:00;2024-11-26;13:45:00;38.7;100;75;64;94;14;2.95;71.4;33;4977;4.8;2;CAPT013;Moyenne
M003230;PAT0163;2024-11-18 10:55:00;2024-11-18;10:55:00;36.7;133;71;106;90;17;0.91;94.3;26.8;6642;4.2;6;CAPT025;Mauvaise
M003231;PAT0093;2024-06-21 12:48:00;2024-06-21;12:48:00;38.3;106;72;99;98;12;2.3;61.9;33.2;7517;9.1;2;CAPT042;Bonne
M003232;PAT0012;2024-11-10 18:03:00;2024-11-10;18:03:00;38.6;128;62;74;97;24;3.12;57.5;33.8;6630;7.5;0;CAPT042;Moyenne
M003233;PAT0076;2024-08-29 18:55:00;2024-08-29;18:55:00;37.2;134;79;99;99;18;0.79;47.8;18.5;7712;3.3;3;CAPT019;Bonne
M003234;PAT0003;2024-08-02 22:22:00;2024-08-02;22:22:00;37.4;126;61;71;94;21;2.58;71.3;20.2;1645;9.2;5;CAPT026;Moyenne
M003235;PAT0098;2024-12-21 04:08:00;2024-12-21;04:08:00;37;132;85;89;96;18;1.19;77.7;33.7;3995;4.5;8;CAPT039;Moyenne
M003236;PAT0060;2024-02-13 22:17:00;2024-02-13;22:17:00;39.2;130;81;57;94;14;1.32;79.6;19;4409;3.7;1;CAPT022;Mauvaise
M003237;PAT0038;2024-02-25 22:07:00;2024-02-25;22:07:00;38.5;136;76;73;97;16;1.03;55.1;21.1;7286;5.2;4;CAPT005;Bonne
M003238;PAT0067;2024-06-17 13:36:00;2024-06-17;13:36:00;39.4;106;88;94;99;19;1.04;45.7;18.2;2150;3.5;2;CAPT018;Bonne
M003239;PAT0033;2024-04-24 06:21:00;2024-04-24;06:21:00;37.9;140;93;59;94;20;1.34;99.2;22.6;7014;8.6;3;CAPT011;Bonne
M003240;PAT0041;2024-11-22 07:53:00;2024-11-22;07:53:00;38.7;117;79;125;91;22;1.1;86.9;31;6517;7.3;5;CAPT044;Mauvaise
M003241;PAT0107;2024-09-03 15:51:00;2024-09-03;15:51:00;39.2;108;61;123;91;15;1.34;99.1;22.2;6547;7.2;0;CAPT011;Mauvaise
M003242;PAT0043;2024-03-24 23:19:00;2024-03-24;23:19:00;37.4;120;84;73;96;16;2.19;87.9;24.8;2793;3.1;5;CAPT047;Bonne
M003243;PAT0052;2024-10-15 00:36:00;2024-10-15;00:36:00;35.7;141;83;98;94;13;0.8;98.4;18.9;1906;5.1;5;CAPT030;Bonne
M003244;PAT0105;2024-11-26 09:19:00;2024-11-26;09:19:00;36.1;149;93;92;97;13;0.75;72.7;22.2;6102;8.2;2;CAPT021;Mauvaise
M003245;PAT0082;2024-01-27 22:58:00;2024-01-27;22:58:00;36.6;158;97;67;94;13;0.88;80.3;20.1;4373;7.3;2;CAPT039;Moyenne
M003246;PAT0037;2024-02-01 23:27:00;2024-02-01;23:27:00;37.3;104;88;79;99;16;1.21;65;32.7;1360;9.6;0;CAPT015;Moyenne
M003247;PAT0160;2024-04-28 21:36:00;2024-04-28;21:36:00;37.1;138;81;91;97;22;0.84;46.1;23.4;7501;4.5;7;CAPT050;Bonne
M003248;PAT0172;2024-04-03 22:22:00;2024-04-03;22:22:00;36.2;138;80;95;96;22;1.11;70.8;29.8;1705;5.3;7;CAPT013;Mauvaise
M003249;PAT0064;2024-09-18 03:57:00;2024-09-18;03:57:00;36.4;134;61;70;97;13;1.28;46.1;26.2;4826;4.9;7;CAPT016;Moyenne
M003250;PAT0162;2024-12-13 06:03:00;2024-12-13;06:03:00;36.2;155;94;74;95;20;1.33;57.7;23.3;5649;8.9;1;CAPT010;Bonne
M003251;PAT0076;2024-05-09 00:40:00;2024-05-09;00:40:00;37.8;111;69;62;96;21;1.23;65.6;30.1;2762;6.2;9;CAPT004;Bonne
M003252;PAT0062;2024-01-23 10:58:00;2024-01-23;10:58:00;35.8;141;63;93;96;19;0.86;47.7;22.2;3573;3.9;5;CAPT007;Bonne
M003253;PAT0008;2024-02-15 11:22:00;2024-02-15;11:22:00;36.8;101;71;110;92;18;1.04;92.3;18.9;6591;7.1;3;CAPT018;Moyenne
M003254;PAT0163;2024-01-27 08:09:00;2024-01-27;08:09:00;36.1;140;63;111;92;23;1.4;80.6;29.7;2504;5.1;9;CAPT022;Bonne
M003255;PAT0101;2024-02-10 18:39:00;2024-02-10;18:39:00;36.1;100;67;87;97;14;0.91;89.7;32.5;6595;3.9;6;CAPT015;Bonne
M003256;PAT0131;2024-01-19 15:49:00;2024-01-19;15:49:00;37.6;108;68;80;94;21;1.26;77.3;32.4;2192;8.8;8;CAPT047;Moyenne
M003257;PAT0089;2024-06-27 22:47:00;2024-06-27;22:47:00;36.4;102;88;79;98;23;1.33;82.9;28.4;7733;4.8;0;CAPT049;Bonne
M003258;PAT0018;2024-08-28 03:21:00;2024-08-28;03:21:00;38.3;144;73;61;95;19;1.13;92.2;23.3;1279;6.5;7;CAPT008;Bonne
M003259;PAT0101;2024-04-28 05:32:00;2024-04-28;05:32:00;38;122;72;81;94;12;1;52.2;22.7;6193;4.7;2;CAPT028;Bonne
M003260;PAT0031;2024-03-09 02:42:00;2024-03-09;02:42:00;38.2;128;80;74;97;19;1.22;74.5;24.2;3863;9.6;6;CAPT028;Bonne
M003261;PAT0061;2024-01-05 00:29:00;2024-01-05;00:29:00;37.2;114;63;55;96;16;1.93;49;18.7;7826;4.1;2;CAPT021;Bonne
M003262;PAT0156;2024-07-16 16:51:00;2024-07-16;16:51:00;36.9;106;87;99;97;16;1.09;80.9;28.1;3211;6.2;1;CAPT005;Bonne
M003263;PAT0079;2024-04-20 22:27:00;2024-04-20;22:27:00;35.6;139;83;85;97;19;1.64;96.3;18.7;1322;8.4;0;CAPT003;Bonne
M003264;PAT0028;2024-05-25 13:46:00;2024-05-25;13:46:00;35.9;139;65;88;94;17;0.73;47.8;21.7;571;4;2;CAPT033;Moyenne
M003265;PAT0135;2024-02-20 17:38:00;2024-02-20;17:38:00;36.3;108;62;88;95;13;1.05;60.5;34.6;6437;5.7;1;CAPT008;Bonne
M003266;PAT0099;2024-10-11 16:07:00;2024-10-11;16:07:00;37.1;106;82;112;93;24;1.36;73;30;4881;8.1;6;CAPT006;Moyenne
M003267;PAT0136;2024-06-29 13:59:00;2024-06-29;13:59:00;37.9;123;73;94;93;17;1.27;99.6;28.7;3576;7.6;5;CAPT025;Bonne
M003268;PAT0086;2024-10-12 17:48:00;2024-10-12;17:48:00;36.1;109;85;69;99;20;1.4;71.3;26.9;4329;3.1;6;CAPT010;Bonne
M003269;PAT0183;2024-01-01 23:40:00;2024-01-01;23:40:00;39.4;113;63;85;97;13;1.04;51.2;29.4;7202;9.1;6;CAPT029;Moyenne
M003270;PAT0040;2024-08-22 06:22:00;2024-08-22;06:22:00;37.2;143;78;72;98;24;1.14;46;26.8;2496;8.1;8;CAPT046;Bonne
M003271;PAT0200;2024-09-30 07:03:00;2024-09-30;07:03:00;38.6;114;63;69;95;17;0.72;78.2;34.2;7340;6.6;6;CAPT039;Bonne
M003272;PAT0150;2024-10-18 11:06:00;2024-10-18;11:06:00;38.1;100;81;65;99;17;1.14;64.1;22.8;6308;6.8;2;CAPT027;Bonne
M003273;PAT0119;2024-05-13 12:30:00;2024-05-13;12:30:00;36.6;126;85;67;99;14;1.32;46.9;25.4;242;6.7;6;CAPT047;Mauvaise
M003274;PAT0107;2024-02-05 17:21:00;2024-02-05;17:21:00;38.6;126;68;127;94;24;1.01;94.1;19.4;5894;5.1;9;CAPT028;Moyenne
M003275;PAT0012;2024-11-07 11:52:00;2024-11-07;11:52:00;37.1;102;68;83;98;18;2.01;99.8;22.2;6327;8.3;1;CAPT033;Bonne
M003276;PAT0013;2024-12-01 14:13:00;2024-12-01;14:13:00;37.9;106;74;92;99;13;1.34;53.1;30.2;5778;3.9;3;CAPT034;Mauvaise
M003277;PAT0089;2024-04-19 07:49:00;2024-04-19;07:49:00;37.4;102;73;79;97;17;1;71.2;31.5;1584;3.1;5;CAPT013;Bonne
M003278;PAT0026;2024-12-18 17:30:00;2024-12-18;17:30:00;35.9;140;63;93;97;22;0.96;88.1;32.3;6901;3.8;6;CAPT019;Bonne
M003279;PAT0141;2024-03-19 00:54:00;2024-03-19;00:54:00;35.9;105;67;69;98;24;1.04;59.4;19;446;9.7;5;CAPT019;Bonne
M003280;PAT0087;2024-12-02 01:21:00;2024-12-02;01:21:00;36.7;132;74;61;95;13;1.94;99.6;26.6;3081;8.2;4;CAPT003;Bonne
M003281;PAT0171;2024-10-08 06:36:00;2024-10-08;06:36:00;38.9;110;67;75;99;17;1.09;67.1;25.8;3406;6.6;4;CAPT031;Bonne
M003282;PAT0035;2024-02-19 12:13:00;2024-02-19;12:13:00;35.6;142;79;75;97;15;0.92;88.9;31.1;2976;4.7;2;CAPT015;Moyenne
M003283;PAT0198;2024-01-15 00:37:00;2024-01-15;00:37:00;35.8;143;74;77;96;14;1.17;57.3;20.7;1944;5.2;5;CAPT015;Bonne
M003284;PAT0005;2024-05-22 03:28:00;2024-05-22;03:28:00;39.5;137;77;117;91;22;1.04;76.2;28.9;1931;5.2;6;CAPT018;Bonne
M003285;PAT0106;2024-03-19 16:39:00;2024-03-19;16:39:00;37.5;136;87;58;94;24;2.94;55.7;19.7;2924;7.2;1;CAPT025;Mauvaise
M003286;PAT0041;2024-03-20 14:49:00;2024-03-20;14:49:00;36.8;106;82;97;89;16;0.8;67.2;18.1;6881;3.9;4;CAPT003;Bonne
M003287;PAT0034;2024-05-26 01:23:00;2024-05-26;01:23:00;37;128;71;59;97;19;0.86;70.7;32.5;1674;9.8;7;CAPT007;Bonne
M003288;PAT0048;2024-12-03 11:33:00;2024-12-03;11:33:00;37.8;101;62;99;94;22;0.95;47.4;22.5;5154;9.5;9;CAPT041;Bonne
M003289;PAT0043;2024-09-16 00:21:00;2024-09-16;00:21:00;35.8;131;63;99;98;18;2.98;67.1;18.7;3366;6.8;4;CAPT008;Bonne
M003290;PAT0047;2024-03-06 15:33:00;2024-03-06;15:33:00;37.7;151;94;58;99;16;0.85;87.4;26.3;1729;7.3;7;CAPT038;Bonne
M003291;PAT0143;2024-04-09 13:05:00;2024-04-09;13:05:00;36.8;123;88;65;95;22;0.97;71;28.4;4735;8.8;4;CAPT019;Mauvaise
M003292;PAT0078;2024-01-08 04:10:00;2024-01-08;04:10:00;38.7;113;71;96;97;14;1.9;59.3;27.4;3196;4.8;3;CAPT035;Bonne
M003293;PAT0101;2024-02-06 07:55:00;2024-02-06;07:55:00;37.3;102;84;58;99;21;0.83;70.4;23.1;1454;3.3;3;CAPT005;Bonne
M003294;PAT0029;2024-01-17 22:09:00;2024-01-17;22:09:00;37;139;72;77;97;15;1.34;65.9;28;4260;3.9;9;CAPT017;Bonne
M003295;PAT0032;2024-05-07 21:36:00;2024-05-07;21:36:00;37.1;132;88;96;98;16;1.12;66.1;18.4;7570;6.2;2;CAPT006;Bonne
M003296;PAT0129;2024-03-04 03:52:00;2024-03-04;03:52:00;37.8;178;107;70;98;12;1.1;89;20.1;5549;5.2;4;CAPT025;Bonne
M003297;PAT0169;2024-03-14 09:46:00;2024-03-14;09:46:00;37.4;121;89;77;98;24;1.17;75.8;29.4;4922;4.5;1;CAPT005;Mauvaise
M003298;PAT0012;2024-02-10 08:05:00;2024-02-10;08:05:00;36.3;100;66;71;96;21;1.71;48.8;19.8;5958;9.6;5;CAPT036;Moyenne
M003299;PAT0163;2024-01-05 10:58:00;2024-01-05;10:58:00;35.8;107;65;117;91;22;0.77;83.7;20.7;289;7.5;5;CAPT029;Bonne
M003300;PAT0151;2024-06-07 09:28:00;2024-06-07;09:28:00;35.7;138;66;70;95;19;2.74;64.9;18;4494;8.2;0;CAPT004;Bonne
M003301;PAT0099;2024-05-31 21:52:00;2024-05-31;21:52:00;37.5;106;75;99;91;12;1.02;74;19.2;7404;4.4;2;CAPT017;Bonne
M003302;PAT0091;2024-07-18 08:20:00;2024-07-18;08:20:00;37.4;125;73;80;98;16;1.23;97.1;20.6;2547;5.3;5;CAPT031;Moyenne
M003303;PAT0154;2024-01-28 14:46:00;2024-01-28;14:46:00;36.6;103;87;55;98;22;0.89;57.2;32.6;3778;9.6;0;CAPT017;Bonne
M003304;PAT0067;2024-10-24 19:58:00;2024-10-24;19:58:00;39.4;141;75;75;98;15;1.13;69.7;28.3;6763;4.6;3;CAPT039;Bonne
M003305;PAT0028;2024-07-20 23:39:00;2024-07-20;23:39:00;36.7;118;74;70;97;15;1.2;55.2;28.7;913;9.7;5;CAPT005;Bonne
M003306;PAT0002;2024-01-09 07:10:00;2024-01-09;07:10:00;37.2;124;87;65;99;15;1.28;89.5;24;6509;9.6;1;CAPT045;Bonne
M003307;PAT0166;2024-06-27 15:59:00;2024-06-27;15:59:00;39.3;172;96;93;97;23;1.09;58.3;29.7;7642;3.3;6;CAPT002;Bonne
M003308;PAT0137;2024-11-25 10:18:00;2024-11-25;10:18:00;37.1;139;86;85;95;16;1.12;50.2;23.5;4945;5.8;9;CAPT025;Bonne
M003309;PAT0074;2024-05-23 14:18:00;2024-05-23;14:18:00;39.3;130;88;92;99;15;0.71;67;28.2;7295;9.1;1;CAPT025;Bonne
M003310;PAT0199;2024-10-25 16:37:00;2024-10-25;16:37:00;36.6;136;68;55;97;21;1.14;58.9;19.2;1862;3.1;9;CAPT042;Bonne
M003311;PAT0064;2024-02-24 00:03:00;2024-02-24;00:03:00;39.2;102;67;83;95;16;0.98;70.1;26;1267;8.3;8;CAPT029;Bonne
M003312;PAT0125;2024-04-23 20:30:00;2024-04-23;20:30:00;36.8;126;64;79;98;17;3.38;94.9;28.1;6191;8.7;1;CAPT003;Mauvaise
M003313;PAT0114;2024-02-26 02:28:00;2024-02-26;02:28:00;35.9;132;66;68;97;13;2.41;83.7;25.2;4278;3.4;0;CAPT003;Bonne
M003314;PAT0072;2024-03-28 02:17:00;2024-03-28;02:17:00;36.6;114;88;65;97;16;1.13;49.7;34.5;2365;5.5;9;CAPT038;Bonne
M003315;PAT0109;2024-04-26 07:14:00;2024-04-26;07:14:00;38.2;122;70;69;98;22;1.01;73.5;29.3;5868;8.1;1;CAPT045;Bonne
M003316;PAT0088;2024-03-23 07:36:00;2024-03-23;07:36:00;39.4;143;106;65;94;12;0.96;71.4;29.6;3389;8.7;6;CAPT047;Bonne
M003317;PAT0060;2024-01-01 01:19:00;2024-01-01;01:19:00;38;103;63;73;94;12;2.03;88.8;27.9;4561;5.7;0;CAPT026;Moyenne
M003318;PAT0090;2024-07-16 22:07:00;2024-07-16;22:07:00;39.3;109;82;103;94;23;0.85;78.7;29;2901;6.2;4;CAPT007;Bonne
M003319;PAT0117;2024-10-17 09:48:00;2024-10-17;09:48:00;37.2;112;89;62;96;22;1.7;95.2;22.6;2105;6.5;0;CAPT047;Mauvaise
M003320;PAT0039;2024-04-10 23:51:00;2024-04-10;23:51:00;37.7;133;79;62;99;22;1.35;64.2;26.9;1761;9;4;CAPT043;Bonne
M003321;PAT0063;2024-03-19 15:42:00;2024-03-19;15:42:00;38.7;137;76;62;96;16;1.28;75.4;29.3;2838;4.8;2;CAPT006;Moyenne
M003322;PAT0062;2024-04-12 03:57:00;2024-04-12;03:57:00;38.6;130;72;76;98;18;0.89;95.5;24.6;6025;9.6;2;CAPT028;Mauvaise
M003323;PAT0002;2024-10-13 20:06:00;2024-10-13;20:06:00;37.4;133;63;89;97;18;0.96;57.6;23.4;6516;7.3;3;CAPT008;Moyenne
M003324;PAT0184;2024-03-10 10:01:00;2024-03-10;10:01:00;37.1;105;82;82;99;22;0.79;89.6;27.5;1604;4.3;6;CAPT024;Bonne
M003325;PAT0193;2024-06-03 12:13:00;2024-06-03;12:13:00;38.8;143;74;108;93;17;0.88;74.4;28.1;2463;3.1;7;CAPT019;Bonne
M003326;PAT0170;2024-11-26 10:23:00;2024-11-26;10:23:00;37.4;140;87;82;98;20;1.38;91.6;21.9;1591;8;5;CAPT017;Bonne
M003327;PAT0170;2024-12-22 03:46:00;2024-12-22;03:46:00;37.7;152;97;97;94;21;0.79;66.7;34.2;156;7.1;9;CAPT010;Moyenne
M003328;PAT0093;2024-11-05 20:03:00;2024-11-05;20:03:00;36.8;124;71;58;98;13;1.94;79.2;21;6226;9.9;0;CAPT001;Bonne
M003329;PAT0013;2024-02-26 21:49:00;2024-02-26;21:49:00;38.5;133;71;85;95;12;1.17;49.6;23.6;441;3.5;1;CAPT005;Mauvaise
M003330;PAT0150;2024-10-14 08:50:00;2024-10-14;08:50:00;36.5;122;66;98;98;22;1.02;87.4;28.6;2859;6.6;2;CAPT009;Bonne
M003331;PAT0023;2024-01-01 01:43:00;2024-01-01;01:43:00;38.5;123;85;81;99;20;3.17;73.2;29.1;3405;4.4;9;CAPT020;Bonne
M003332;PAT0171;2024-10-20 19:03:00;2024-10-20;19:03:00;38.6;114;71;83;98;20;1.38;82.8;33.1;7255;8;6;CAPT036;Bonne
M003333;PAT0104;2024-04-10 21:59:00;2024-04-10;21:59:00;36.4;144;90;69;94;24;1.03;48.4;29.3;7584;6.7;8;CAPT032;Bonne
M003334;PAT0174;2024-08-26 20:15:00;2024-08-26;20:15:00;38;108;79;114;92;19;1.32;67.7;33.3;6623;5.5;6;CAPT021;Mauvaise
M003335;PAT0186;2024-11-06 04:08:00;2024-11-06;04:08:00;39.5;119;76;90;95;14;0.99;87.5;27;6587;4;4;CAPT009;Moyenne
M003336;PAT0006;2024-02-11 16:46:00;2024-02-11;16:46:00;39.4;177;109;82;99;14;0.99;90.2;20.1;1716;5.7;7;CAPT041;Bonne
M003337;PAT0162;2024-04-24 00:09:00;2024-04-24;00:09:00;36.3;140;89;85;98;12;1.14;59.4;20;1263;7.4;1;CAPT039;Bonne
M003338;PAT0062;2024-04-06 10:58:00;2024-04-06;10:58:00;38;110;63;60;96;18;1;77.5;25;6704;6.2;7;CAPT018;Moyenne
M003339;PAT0004;2024-03-16 07:50:00;2024-03-16;07:50:00;37.8;143;74;81;99;17;1.29;48.7;27.7;558;4.6;8;CAPT012;Mauvaise
M003340;PAT0088;2024-09-30 04:56:00;2024-09-30;04:56:00;39;136;99;81;96;16;0.8;89.3;31.7;7564;9.4;6;CAPT012;Bonne
M003341;PAT0098;2024-05-03 14:37:00;2024-05-03;14:37:00;36.5;109;84;87;99;16;1.32;91.5;27.7;2429;8.9;7;CAPT011;Bonne
M003342;PAT0048;2024-11-10 13:48:00;2024-11-10;13:48:00;36.5;133;66;61;94;17;0.92;61.6;26.8;6115;8.3;6;CAPT016;Bonne
M003343;PAT0192;2024-12-26 23:34:00;2024-12-26;23:34:00;37.2;117;72;97;94;19;1.14;51.2;34.5;7476;3.8;4;CAPT020;Moyenne
M003344;PAT0057;2024-08-06 08:01:00;2024-08-06;08:01:00;37.9;126;73;80;96;19;0.85;73.6;23.4;4228;6.5;9;CAPT006;Moyenne
M003345;PAT0086;2024-06-27 19:43:00;2024-06-27;19:43:00;38.1;141;70;86;99;21;0.92;83.2;31.1;493;9.4;3;CAPT045;Bonne
M003346;PAT0043;2024-09-28 15:59:00;2024-09-28;15:59:00;37.9;128;61;61;94;24;2.99;54.4;24.1;5433;3.7;4;CAPT010;Bonne
M003347;PAT0005;2024-05-16 12:15:00;2024-05-16;12:15:00;37.4;144;74;102;88;19;1.2;51.4;21;7368;8.1;8;CAPT026;Bonne
M003348;PAT0102;2024-04-20 04:12:00;2024-04-20;04:12:00;36.8;129;89;61;94;18;1.21;61.3;27.1;6117;3;4;CAPT040;Bonne
M003349;PAT0082;2024-11-13 18:36:00;2024-11-13;18:36:00;39.3;135;100;71;99;14;0.94;70.8;21.9;6508;6.2;7;CAPT037;Moyenne
M003350;PAT0051;2024-07-02 15:54:00;2024-07-02;15:54:00;37.8;129;66;75;95;19;1.12;87;19.1;7611;9.7;1;CAPT010;Bonne
M003351;PAT0066;2024-05-17 21:05:00;2024-05-17;21:05:00;35.8;104;86;58;98;12;1.2;71.4;21.7;340;5.7;6;CAPT030;Moyenne
M003352;PAT0004;2024-09-27 13:09:00;2024-09-27;13:09:00;39.3;114;73;63;97;16;0.85;66.6;29.1;4893;9;6;CAPT007;Bonne
M003353;PAT0027;2024-10-11 09:46:00;2024-10-11;09:46:00;38.9;106;80;63;95;15;1.57;56.3;18.5;1857;3.1;7;CAPT003;Bonne
M003354;PAT0093;2024-05-07 01:47:00;2024-05-07;01:47:00;39.3;132;84;98;98;16;2.12;83.5;27.8;6106;4.2;2;CAPT017;Moyenne
M003355;PAT0164;2024-09-18 14:14:00;2024-09-18;14:14:00;39.3;170;101;97;97;13;1.09;91.1;20.9;3313;3.8;8;CAPT031;Bonne
M003356;PAT0175;2024-09-25 06:05:00;2024-09-25;06:05:00;36.2;179;90;76;99;18;1.2;69.3;30.2;877;9.9;3;CAPT049;Moyenne
M003357;PAT0075;2024-03-17 05:00:00;2024-03-17;05:00:00;37.4;111;81;95;95;16;2.45;45.4;28.5;4027;8.9;1;CAPT036;Bonne
M003358;PAT0076;2024-08-28 08:53:00;2024-08-28;08:53:00;38.2;135;75;61;94;19;0.8;69;30.2;7320;6.4;6;CAPT045;Bonne
M003359;PAT0111;2024-04-17 20:25:00;2024-04-17;20:25:00;36.8;123;76;66;99;23;1.23;53.6;30.4;5758;5.3;8;CAPT022;Bonne
M003360;PAT0024;2024-01-10 00:23:00;2024-01-10;00:23:00;39;126;73;61;98;21;2.77;46.8;20;5177;5.1;4;CAPT035;Moyenne
M003361;PAT0197;2024-03-06 04:27:00;2024-03-06;04:27:00;39;134;89;120;88;19;0.88;56.4;18.8;3522;4.5;9;CAPT001;Moyenne
M003362;PAT0116;2024-05-03 10:02:00;2024-05-03;10:02:00;36.1;103;88;118;93;22;0.79;81;21.9;941;7.9;3;CAPT013;Bonne
M003363;PAT0172;2024-03-13 20:17:00;2024-03-13;20:17:00;36.3;142;81;59;94;15;0.89;70.1;31.7;4244;7;0;CAPT028;Mauvaise
M003364;PAT0197;2024-10-13 00:55:00;2024-10-13;00:55:00;37.9;117;62;94;91;16;1.1;92.9;30.1;7603;4.5;9;CAPT028;Moyenne
M003365;PAT0110;2024-10-12 15:46:00;2024-10-12;15:46:00;38.2;116;81;93;95;15;1.13;45.5;21.5;3561;3;2;CAPT024;Mauvaise
M003366;PAT0072;2024-02-02 00:24:00;2024-02-02;00:24:00;35.9;112;60;69;96;23;1.34;66.5;27.9;3593;3;8;CAPT044;Bonne
M003367;PAT0140;2024-06-18 17:01:00;2024-06-18;17:01:00;35.9;106;64;80;98;24;0.9;85.1;19.6;1654;5.9;8;CAPT010;Bonne
M003368;PAT0149;2024-12-20 05:33:00;2024-12-20;05:33:00;35.5;133;67;117;93;15;1.36;52.1;19.6;6967;5.5;6;CAPT021;Moyenne
M003369;PAT0005;2024-07-27 19:36:00;2024-07-27;19:36:00;39.4;142;87;91;88;17;1.16;67.9;30.4;1654;8.4;9;CAPT008;Bonne
M003370;PAT0085;2024-12-28 10:23:00;2024-12-28;10:23:00;36.1;109;64;98;94;20;1.29;58.4;20.8;1076;7.6;2;CAPT036;Bonne
M003371;PAT0013;2024-10-07 06:29:00;2024-10-07;06:29:00;38.1;115;67;80;96;18;0.93;80;22;182;9.4;3;CAPT048;Moyenne
M003372;PAT0015;2024-06-05 15:25:00;2024-06-05;15:25:00;36.2;100;76;75;98;14;1.37;63.7;32.8;4569;4.4;8;CAPT024;Bonne
M003373;PAT0012;2024-02-14 03:58:00;2024-02-14;03:58:00;36.8;100;61;97;97;15;2.97;53.8;23.5;5790;6.5;8;CAPT028;Bonne
M003374;PAT0047;2024-12-26 17:35:00;2024-12-26;17:35:00;37.7;159;92;88;94;21;1.02;67.1;21.8;6778;9.9;8;CAPT018;Bonne
M003375;PAT0137;2024-05-01 00:16:00;2024-05-01;00:16:00;39.1;131;79;89;95;16;1.11;64.7;33.3;6131;9.2;4;CAPT033;Bonne
M003376;PAT0002;2024-10-30 15:07:00;2024-10-30;15:07:00;38.8;127;67;81;95;20;1.19;68.7;31.6;3769;8.9;0;CAPT020;Bonne
M003377;PAT0034;2024-04-22 11:44:00;2024-04-22;11:44:00;36.8;120;61;78;98;21;0.82;83.1;23;6510;8.1;9;CAPT039;Bonne
M003378;PAT0047;2024-06-29 18:26:00;2024-06-29;18:26:00;37.3;137;91;90;96;22;0.73;69.5;28.2;3321;9.9;5;CAPT006;Bonne
M003379;PAT0028;2024-08-17 18:51:00;2024-08-17;18:51:00;37.7;100;77;61;95;20;1.18;46;23.2;5569;5.3;7;CAPT027;Bonne
M003380;PAT0037;2024-05-08 10:49:00;2024-05-08;10:49:00;39;132;79;84;95;18;1.01;50.7;35;1752;3;5;CAPT037;Moyenne
M003381;PAT0092;2024-10-19 14:58:00;2024-10-19;14:58:00;39.3;126;76;58;98;21;1.38;88.9;19.9;1378;5.4;8;CAPT011;Bonne
M003382;PAT0047;2024-04-15 06:24:00;2024-04-15;06:24:00;38.3;169;96;69;98;15;0.78;77.7;24.4;231;3.1;4;CAPT033;Bonne
M003383;PAT0051;2024-08-09 21:47:00;2024-08-09;21:47:00;35.8;110;76;81;97;15;0.89;81.9;28.8;3741;9.2;1;CAPT038;Moyenne
M003384;PAT0159;2024-01-04 21:58:00;2024-01-04;21:58:00;37.5;115;62;63;99;18;1.21;66.5;19.8;4274;3.8;4;CAPT016;Bonne
M003385;PAT0188;2024-11-05 20:30:00;2024-11-05;20:30:00;37.8;111;67;92;90;22;1.29;92.3;28.1;5002;6.3;7;CAPT041;Bonne
M003386;PAT0085;2024-01-25 07:13:00;2024-01-25;07:13:00;37.6;122;82;64;95;23;1.19;71.7;27.2;7078;6.6;9;CAPT023;Moyenne
M003387;PAT0038;2024-11-25 17:55:00;2024-11-25;17:55:00;38;102;89;61;98;15;1.06;66.8;29.1;6716;6.8;7;CAPT050;Mauvaise
M003388;PAT0067;2024-10-21 14:25:00;2024-10-21;14:25:00;38.3;112;71;89;99;17;1.24;47.8;33.5;5682;7;3;CAPT042;Bonne
M003389;PAT0002;2024-09-11 18:18:00;2024-09-11;18:18:00;38;114;76;88;95;16;1.03;98.9;32.4;943;9.6;8;CAPT042;Bonne
M003390;PAT0077;2024-06-09 14:43:00;2024-06-09;14:43:00;39.1;103;61;81;95;17;1.25;81.3;32.8;55;5.2;4;CAPT008;Bonne
M003391;PAT0012;2024-10-24 05:47:00;2024-10-24;05:47:00;37.2;103;60;74;99;15;2.24;66.2;31.1;6675;5.4;9;CAPT042;Bonne
M003392;PAT0060;2024-08-19 11:36:00;2024-08-19;11:36:00;35.9;117;68;66;95;19;1.88;66.5;33.9;3607;8.1;4;CAPT016;Bonne
M003393;PAT0088;2024-09-20 06:58:00;2024-09-20;06:58:00;37.9;159;92;68;96;19;1.11;63.1;28.7;1295;8;3;CAPT037;Bonne
M003394;PAT0190;2024-11-06 22:50:00;2024-11-06;22:50:00;37.8;114;73;66;95;19;0.74;68.6;26.6;4370;5.2;4;CAPT033;Bonne
M003395;PAT0194;2024-12-10 15:21:00;2024-12-10;15:21:00;37.2;140;72;86;94;16;0.86;99.2;27.4;2241;5.6;6;CAPT034;Bonne
M003396;PAT0080;2024-04-21 09:43:00;2024-04-21;09:43:00;35.7;110;82;120;91;24;1.4;91.3;29.8;3015;3.4;7;CAPT029;Bonne
M003397;PAT0167;2024-12-17 14:29:00;2024-12-17;14:29:00;39.3;155;85;67;96;24;1.17;50.2;33.7;5955;7.5;3;CAPT013;Bonne
M003398;PAT0081;2024-11-24 20:00:00;2024-11-24;20:00:00;37.5;102;83;83;98;13;2.71;74.4;24.6;5381;4.1;5;CAPT013;Moyenne
M003399;PAT0051;2024-09-13 10:18:00;2024-09-13;10:18:00;35.6;116;64;56;95;23;1.2;94.7;24.9;4356;7.1;9;CAPT022;Bonne
M003400;PAT0034;2024-06-19 21:49:00;2024-06-19;21:49:00;35.7;119;67;55;99;19;1.37;55.3;19.5;4661;10;2;CAPT009;Bonne
M003401;PAT0175;2024-06-10 06:10:00;2024-06-10;06:10:00;37.3;177;108;59;97;21;1.26;62.2;29.4;2575;5.3;4;CAPT008;Bonne
M003402;PAT0073;2024-03-20 08:38:00;2024-03-20;08:38:00;38.3;106;65;63;96;22;1.14;55.4;34.5;2074;4.7;4;CAPT031;Bonne
M003403;PAT0125;2024-08-05 19:21:00;2024-08-05;19:21:00;39;128;85;88;94;22;1.37;77.2;30.1;695;5.2;7;CAPT023;Bonne
M003404;PAT0178;2024-01-22 04:02:00;2024-01-22;04:02:00;35.7;112;83;59;95;18;1.02;51.2;22.3;3926;4.4;2;CAPT020;Bonne
M003405;PAT0068;2024-07-03 18:17:00;2024-07-03;18:17:00;38.7;142;75;94;95;12;1.36;89;19.9;7562;4.1;2;CAPT036;Mauvaise
M003406;PAT0145;2024-12-05 19:05:00;2024-12-05;19:05:00;39.3;128;71;76;96;14;0.87;53.1;29.5;2057;8.3;7;CAPT001;Bonne
M003407;PAT0108;2024-08-12 23:25:00;2024-08-12;23:25:00;35.9;111;88;83;95;16;0.93;53.5;32.8;4063;9.3;3;CAPT035;Moyenne
M003408;PAT0167;2024-12-29 20:01:00;2024-12-29;20:01:00;37;140;92;71;97;17;0.87;61.3;25.1;253;7.9;1;CAPT016;Moyenne
M003409;PAT0172;2024-05-11 11:23:00;2024-05-11;11:23:00;36.8;117;63;91;99;17;0.7;96.7;27.9;807;3.4;8;CAPT027;Bonne
M003410;PAT0055;2024-08-07 00:31:00;2024-08-07;00:31:00;37.5;105;81;56;97;12;1.19;87.2;28.3;6557;7.7;0;CAPT014;Moyenne
M003411;PAT0060;2024-09-06 13:54:00;2024-09-06;13:54:00;39.4;115;76;92;95;17;2.69;76.7;28.2;6101;4.8;2;CAPT027;Moyenne
M003412;PAT0010;2024-04-01 22:47:00;2024-04-01;22:47:00;38.8;126;63;58;94;17;1.27;67;24.4;964;7.6;8;CAPT010;Mauvaise
M003413;PAT0109;2024-10-15 00:11:00;2024-10-15;00:11:00;39.3;129;74;66;96;24;1.32;55.1;19.1;4823;6.1;6;CAPT022;Bonne
M003414;PAT0174;2024-02-23 14:49:00;2024-02-23;14:49:00;37.9;113;83;108;93;21;0.72;68.7;34;4294;6.2;5;CAPT047;Mauvaise
M003415;PAT0018;2024-12-13 03:11:00;2024-12-13;03:11:00;35.7;117;84;68;97;16;1.37;56.4;32.4;789;4.8;1;CAPT040;Bonne
M003416;PAT0009;2024-11-02 15:57:00;2024-11-02;15:57:00;36.2;112;79;99;97;18;1.02;51.3;21.1;124;3.5;6;CAPT042;Bonne
M003417;PAT0050;2024-12-17 07:37:00;2024-12-17;07:37:00;38.4;133;80;86;98;23;1.18;92;19.2;5957;7.2;2;CAPT037;Moyenne
M003418;PAT0097;2024-11-08 04:07:00;2024-11-08;04:07:00;35.5;154;94;95;96;19;1.25;63.5;18.4;1003;3.6;6;CAPT012;Bonne
M003419;PAT0107;2024-01-29 17:08:00;2024-01-29;17:08:00;39;116;84;98;93;18;0.73;73.1;29.1;5868;6.1;2;CAPT018;Bonne
M003420;PAT0047;2024-01-28 10:18:00;2024-01-28;10:18:00;38;151;85;63;94;24;1.02;62.8;30.5;12;6.7;4;CAPT029;Moyenne
M003421;PAT0043;2024-03-15 01:25:00;2024-03-15;01:25:00;36.3;107;87;88;95;16;3.25;53.7;29.2;4079;8.8;8;CAPT048;Bonne
M003422;PAT0191;2024-02-10 05:26:00;2024-02-10;05:26:00;39.4;144;63;61;94;13;0.72;75.4;33.3;3439;4.8;4;CAPT046;Mauvaise
M003423;PAT0108;2024-10-23 10:08:00;2024-10-23;10:08:00;38.5;116;71;66;99;14;0.96;59.9;24.9;701;8.9;4;CAPT027;Bonne
M003424;PAT0178;2024-11-27 13:56:00;2024-11-27;13:56:00;38.8;101;80;75;96;21;1.28;59.6;20.6;2513;7.4;6;CAPT022;Bonne
M003425;PAT0046;2024-04-21 14:35:00;2024-04-21;14:35:00;37.4;125;80;56;95;18;0.95;58.8;26.4;717;9.3;8;CAPT017;Moyenne
M003426;PAT0004;2024-12-22 22:38:00;2024-12-22;22:38:00;36.6;101;61;77;95;22;1.01;62.5;26;6940;8.4;9;CAPT004;Bonne
M003427;PAT0112;2024-11-10 16:32:00;2024-11-10;16:32:00;37.9;108;89;69;99;14;0.76;97.4;20.6;16;5.1;5;CAPT026;Bonne
M003428;PAT0134;2024-11-02 04:32:00;2024-11-02;04:32:00;38.7;116;75;62;96;18;1.34;53.1;24.8;7454;8;0;CAPT046;Bonne
M003429;PAT0165;2024-05-11 03:28:00;2024-05-11;03:28:00;35.6;124;65;72;96;18;1.23;63.8;32.7;6786;3.5;2;CAPT034;Bonne
M003430;PAT0109;2024-07-17 23:45:00;2024-07-17;23:45:00;37.1;126;64;75;97;20;0.72;73.3;31.5;3616;3.5;0;CAPT042;Bonne
M003431;PAT0103;2024-08-29 18:53:00;2024-08-29;18:53:00;37;140;80;93;89;23;0.96;48.5;25.9;904;6.7;5;CAPT008;Bonne
M003432;PAT0045;2024-05-14 04:35:00;2024-05-14;04:35:00;38.2;136;63;59;98;13;1.23;58.1;24.3;2270;7.8;4;CAPT006;Bonne
M003433;PAT0103;2024-02-13 18:38:00;2024-02-13;18:38:00;35.8;118;82;124;94;17;1.25;78.9;29.6;7025;6.9;5;CAPT034;Bonne
M003434;PAT0113;2024-12-25 03:30:00;2024-12-25;03:30:00;35.5;136;89;55;97;20;0.7;73.3;30.3;416;5.8;4;CAPT007;Bonne
M003435;PAT0094;2024-09-02 14:41:00;2024-09-02;14:41:00;35.9;113;70;91;92;15;0.82;97.2;26;460;5;6;CAPT019;Moyenne
M003436;PAT0058;2024-10-07 18:23:00;2024-10-07;18:23:00;38.4;108;73;65;98;14;0.86;77.8;25.7;7175;4.1;6;CAPT019;Bonne
M003437;PAT0106;2024-01-28 10:04:00;2024-01-28;10:04:00;35.9;106;83;57;96;13;1.39;96;27.7;6444;3;0;CAPT044;Moyenne
M003438;PAT0121;2024-02-24 15:35:00;2024-02-24;15:35:00;38.4;135;75;69;98;22;1.32;46.5;21;6033;5.6;0;CAPT010;Bonne
M003439;PAT0090;2024-10-16 15:10:00;2024-10-16;15:10:00;38.2;118;88;95;92;13;1.17;96.2;21.9;4345;7.8;6;CAPT012;Bonne
M003440;PAT0009;2024-12-11 05:39:00;2024-12-11;05:39:00;39.1;126;78;71;94;22;0.76;70.9;33.4;7684;8.5;1;CAPT031;Bonne
M003441;PAT0069;2024-12-11 22:41:00;2024-12-11;22:41:00;38.2;111;69;96;97;22;1.15;96.5;28.9;4233;9.1;6;CAPT028;Mauvaise
M003442;PAT0083;2024-08-19 23:19:00;2024-08-19;23:19:00;36.5;104;88;96;95;12;1.12;86.8;23.9;4804;5.7;3;CAPT044;Moyenne
M003443;PAT0175;2024-05-12 21:41:00;2024-05-12;21:41:00;36.2;144;99;93;98;20;1.13;60.5;24.9;6511;3.8;5;CAPT050;Bonne
M003444;PAT0185;2024-05-29 01:50:00;2024-05-29;01:50:00;38.6;114;75;56;97;14;0.85;91.8;19.6;2981;9.3;1;CAPT013;Mauvaise
M003445;PAT0062;2024-11-09 07:55:00;2024-11-09;07:55:00;37.3;140;62;88;95;20;1.02;68.3;30.8;3509;8.2;1;CAPT050;Bonne
M003446;PAT0176;2024-07-13 17:07:00;2024-07-13;17:07:00;38.5;129;76;72;95;22;1.13;94.5;31;3281;3;6;CAPT034;Bonne
M003447;PAT0082;2024-02-15 14:19:00;2024-02-15;14:19:00;37.9;148;88;72;98;20;0.94;47.6;24.2;1067;5.1;8;CAPT047;Bonne
M003448;PAT0101;2024-02-10 08:17:00;2024-02-10;08:17:00;37.9;139;88;82;96;17;1.06;46.9;19;4416;9.7;2;CAPT022;Bonne
M003449;PAT0129;2024-05-25 23:02:00;2024-05-25;23:02:00;38.2;141;93;90;95;13;0.98;69.4;22.5;5686;3.2;2;CAPT040;Bonne
M003450;PAT0148;2024-04-17 05:16:00;2024-04-17;05:16:00;37;156;87;94;96;24;1.09;58.4;20.5;3858;6.1;8;CAPT038;Bonne
M003451;PAT0028;2024-02-29 02:44:00;2024-02-29;02:44:00;39.4;112;61;90;98;22;0.77;95.1;26.8;4065;8.6;3;CAPT005;Bonne
M003452;PAT0137;2024-12-12 13:57:00;2024-12-12;13:57:00;37.5;100;84;80;96;18;0.88;75.5;34.9;7681;5.3;2;CAPT015;Bonne
M003453;PAT0043;2024-07-01 18:26:00;2024-07-01;18:26:00;36;103;84;70;98;24;1.38;81.6;18.9;218;7.6;4;CAPT047;Moyenne
M003454;PAT0178;2024-05-20 22:59:00;2024-05-20;22:59:00;38.9;102;77;97;95;17;0.84;45.5;30.9;811;9.2;5;CAPT010;Bonne
M003455;PAT0169;2024-05-15 04:22:00;2024-05-15;04:22:00;38;137;69;81;97;17;1.3;97.2;29.3;882;3.9;2;CAPT022;Moyenne
M003456;PAT0085;2024-03-24 18:33:00;2024-03-24;18:33:00;39;102;75;58;94;15;0.91;96;33.7;5484;6.8;3;CAPT007;Bonne
M003457;PAT0184;2024-02-02 09:30:00;2024-02-02;09:30:00;39.4;120;71;56;96;22;1.13;59;30.4;480;5;8;CAPT020;Bonne
M003458;PAT0099;2024-03-30 18:15:00;2024-03-30;18:15:00;39.2;116;86;122;88;23;0.7;97.7;26.2;3256;6.8;7;CAPT017;Mauvaise
M003459;PAT0175;2024-04-02 02:16:00;2024-04-02;02:16:00;37.2;165;97;92;95;17;1.03;70.2;26.5;7045;6.7;3;CAPT018;Bonne
M003460;PAT0089;2024-11-14 05:27:00;2024-11-14;05:27:00;37.3;118;62;80;98;19;1.26;96.9;25.3;5252;9.4;3;CAPT034;Bonne
M003461;PAT0167;2024-10-28 17:33:00;2024-10-28;17:33:00;37.3;162;102;57;98;22;1.13;70.9;23;7472;5.3;2;CAPT017;Mauvaise
M003462;PAT0116;2024-02-05 07:17:00;2024-02-05;07:17:00;35.5;125;72;93;91;12;1.23;95.5;33.7;3385;4;8;CAPT038;Bonne
M003463;PAT0178;2024-07-31 00:44:00;2024-07-31;00:44:00;36.8;130;74;88;98;20;1.39;78.1;21.1;1357;6.2;3;CAPT043;Mauvaise
M003464;PAT0017;2024-10-24 06:16:00;2024-10-24;06:16:00;37;137;83;91;97;19;1.39;58.7;28.2;3920;3.8;3;CAPT018;Bonne
M003465;PAT0136;2024-05-30 15:38:00;2024-05-30;15:38:00;36.5;126;82;122;92;12;0.9;84.5;29.4;6805;5.8;8;CAPT005;Bonne
M003466;PAT0093;2024-07-24 04:45:00;2024-07-24;04:45:00;36;126;73;66;99;15;2.14;95.7;32.8;2901;3.4;1;CAPT030;Bonne
M003467;PAT0008;2024-06-20 19:16:00;2024-06-20;19:16:00;37.6;112;82;121;90;17;1.16;92.7;34.5;7000;3.7;6;CAPT003;Mauvaise
M003468;PAT0034;2024-08-18 20:59:00;2024-08-18;20:59:00;36.7;142;78;70;98;12;1.19;58.6;21.6;1417;6.1;1;CAPT044;Bonne
M003469;PAT0046;2024-11-29 22:48:00;2024-11-29;22:48:00;39.1;113;62;95;96;17;1.27;48.7;25;33;7.5;0;CAPT019;Bonne
M003470;PAT0077;2024-06-29 13:12:00;2024-06-29;13:12:00;38.9;128;82;72;99;12;1.02;89;19.8;321;7.4;2;CAPT014;Bonne
M003471;PAT0140;2024-09-08 17:54:00;2024-09-08;17:54:00;36.2;127;68;62;95;20;1.19;94.7;27.2;7610;8.6;7;CAPT026;Moyenne
M003472;PAT0107;2024-12-22 09:22:00;2024-12-22;09:22:00;38;123;65;91;92;20;0.75;73.1;26.7;2024;5.6;2;CAPT023;Moyenne
M003473;PAT0111;2024-05-31 02:33:00;2024-05-31;02:33:00;39.2;127;89;73;99;17;0.93;54.1;32.5;3213;7.8;3;CAPT012;Bonne
M003474;PAT0087;2024-03-28 21:33:00;2024-03-28;21:33:00;38.3;144;81;56;99;12;1.52;66;27.9;4046;9.4;1;CAPT021;Bonne
M003475;PAT0158;2024-10-28 22:38:00;2024-10-28;22:38:00;37.6;174;91;95;94;22;0.89;62.1;27.1;1603;9.2;6;CAPT045;Bonne
M003476;PAT0137;2024-08-17 01:21:00;2024-08-17;01:21:00;36.1;103;71;81;96;12;1.39;58.3;29.4;3667;8.9;9;CAPT011;Bonne
M003477;PAT0158;2024-08-23 02:50:00;2024-08-23;02:50:00;38.4;143;89;62;98;14;1.08;92.6;21.6;7695;4.1;1;CAPT002;Bonne
M003478;PAT0054;2024-07-14 16:27:00;2024-07-14;16:27:00;39.4;127;77;68;98;19;1.31;52;25.5;2447;9.1;4;CAPT031;Bonne
M003479;PAT0140;2024-08-06 17:44:00;2024-08-06;17:44:00;38.2;110;89;65;95;17;0.97;63.6;26;7570;6.7;7;CAPT048;Moyenne
M003480;PAT0097;2024-05-04 04:00:00;2024-05-04;04:00:00;37.5;162;107;84;97;24;1.39;95.2;25.6;6604;4.6;8;CAPT018;Bonne
M003481;PAT0113;2024-01-04 13:11:00;2024-01-04;13:11:00;38.2;132;64;61;99;19;1.38;57.5;21.8;7521;7.5;6;CAPT023;Bonne
M003482;PAT0194;2024-11-21 22:23:00;2024-11-21;22:23:00;37.4;103;71;96;95;15;1.23;63.8;25.2;5715;4.4;5;CAPT042;Bonne
M003483;PAT0034;2024-08-19 15:41:00;2024-08-19;15:41:00;38.4;134;74;55;96;20;1.3;47;22.3;3264;4.5;7;CAPT034;Mauvaise
M003484;PAT0092;2024-08-28 06:03:00;2024-08-28;06:03:00;39.3;134;82;80;94;17;1.19;87.7;21.8;3027;7.5;1;CAPT009;Moyenne
M003485;PAT0044;2024-08-17 00:19:00;2024-08-17;00:19:00;38.3;135;84;119;89;18;1.09;88.4;18.7;5402;8.1;4;CAPT010;Bonne
M003486;PAT0085;2024-05-28 13:33:00;2024-05-28;13:33:00;37.9;123;89;84;97;24;0.94;88.4;29.6;7667;9.9;7;CAPT029;Bonne
M003487;PAT0118;2024-05-30 03:06:00;2024-05-30;03:06:00;37.2;123;67;109;88;21;1.15;98.4;27.1;7859;9.7;7;CAPT024;Bonne
M003488;PAT0150;2024-05-26 12:55:00;2024-05-26;12:55:00;38.1;114;63;91;98;22;0.99;57.8;24.6;4016;8.5;6;CAPT022;Mauvaise
M003489;PAT0098;2024-06-01 08:32:00;2024-06-01;08:32:00;38.2;128;78;85;94;21;1.13;94.4;30.7;4964;6;9;CAPT048;Bonne
M003490;PAT0059;2024-12-30 05:39:00;2024-12-30;05:39:00;38.9;124;84;58;98;16;0.85;98.1;20.8;2134;6.8;6;CAPT022;Bonne
M003491;PAT0091;2024-12-19 14:01:00;2024-12-19;14:01:00;35.5;107;76;55;99;13;1.07;91.7;33.1;5003;4.7;2;CAPT040;Bonne
M003492;PAT0068;2024-10-25 18:43:00;2024-10-25;18:43:00;38.9;117;69;69;95;12;1.36;97.7;25.2;5586;3.2;1;CAPT027;Bonne
M003493;PAT0007;2024-10-31 10:13:00;2024-10-31;10:13:00;35.7;115;67;89;98;14;1.15;52.1;30.2;3501;4.6;5;CAPT016;Bonne
M003494;PAT0148;2024-12-21 03:15:00;2024-12-21;03:15:00;38.4;152;94;94;99;14;1.06;72.8;19.5;7596;8.3;0;CAPT010;Bonne
M003495;PAT0140;2024-07-01 13:35:00;2024-07-01;13:35:00;38;101;72;56;94;22;0.86;62.6;33.1;2860;8.4;9;CAPT005;Mauvaise
M003496;PAT0010;2024-01-09 03:23:00;2024-01-09;03:23:00;38.8;128;60;85;99;21;2.44;56.4;22.8;3345;8.7;6;CAPT021;Bonne
M003497;PAT0104;2024-03-07 20:41:00;2024-03-07;20:41:00;37.3;136;106;62;96;13;1.02;54.1;31;7189;3.5;4;CAPT021;Mauvaise
M003498;PAT0098;2024-08-08 21:39:00;2024-08-08;21:39:00;37;127;72;56;95;14;0.96;83.3;27.9;5544;9.3;9;CAPT023;Bonne
M003499;PAT0127;2024-06-24 19:36:00;2024-06-24;19:36:00;37;120;72;91;94;23;1.98;65.2;33.1;7039;5.3;4;CAPT042;Bonne
M003500;PAT0062;2024-07-17 04:36:00;2024-07-17;04:36:00;38.3;133;89;96;94;22;1.18;49.6;20;26;6.6;2;CAPT019;Bonne
M003501;PAT0020;2024-11-15 11:10:00;2024-11-15;11:10:00;38.3;137;71;57;96;20;1.09;52.2;32.5;4878;9.3;2;CAPT010;Moyenne
M003502;PAT0016;2024-12-08 16:41:00;2024-12-08;16:41:00;39.4;118;82;65;96;16;1.36;54;30.9;1651;5.8;1;CAPT021;Bonne
M003503;PAT0025;2024-11-08 20:45:00;2024-11-08;20:45:00;36.2;141;94;98;96;13;1.31;61.5;33.4;2582;6.4;5;CAPT046;Moyenne
M003504;PAT0076;2024-01-31 06:02:00;2024-01-31;06:02:00;38.7;126;80;62;98;14;0.92;81.6;26.1;7425;5.7;5;CAPT040;Moyenne
M003505;PAT0068;2024-01-14 16:46:00;2024-01-14;16:46:00;38.6;139;63;98;97;12;1.02;52.8;34.2;5141;4.3;5;CAPT047;Bonne
M003506;PAT0093;2024-05-03 05:46:00;2024-05-03;05:46:00;39.2;111;87;86;98;12;2.77;88.2;30.5;4502;5;9;CAPT019;Moyenne
M003507;PAT0003;2024-03-29 18:12:00;2024-03-29;18:12:00;39.5;118;85;80;96;15;2.89;69;22.9;885;8.8;7;CAPT002;Moyenne
M003508;PAT0148;2024-03-31 22:05:00;2024-03-31;22:05:00;38.8;146;109;64;99;18;0.88;94.6;24.1;2583;8.8;1;CAPT011;Bonne
M003509;PAT0091;2024-06-11 18:36:00;2024-06-11;18:36:00;35.7;106;67;92;98;19;1.03;46.5;33.7;2936;6.3;8;CAPT017;Bonne
M003510;PAT0023;2024-12-01 07:57:00;2024-12-01;07:57:00;36.1;130;79;90;94;15;1.51;61.6;18.1;1399;6.9;8;CAPT039;Bonne
M003511;PAT0023;2024-02-28 06:51:00;2024-02-28;06:51:00;36.7;137;78;66;98;16;3.4;98;34.6;7710;4.8;1;CAPT033;Moyenne
M003512;PAT0182;2024-02-05 06:13:00;2024-02-05;06:13:00;37.9;143;95;85;99;19;0.96;82.7;25.4;7553;4.2;8;CAPT030;Bonne
M003513;PAT0110;2024-02-14 05:31:00;2024-02-14;05:31:00;36.5;104;89;77;97;18;1.08;90.1;20;4991;3.8;7;CAPT002;Bonne
M003514;PAT0198;2024-02-14 22:45:00;2024-02-14;22:45:00;36.3;141;89;64;97;16;0.82;49.6;21.8;2986;3.6;2;CAPT038;Bonne
M003515;PAT0079;2024-03-24 19:33:00;2024-03-24;19:33:00;39.3;134;74;68;98;16;2.49;47.8;27.3;4473;6.7;0;CAPT005;Moyenne
M003516;PAT0149;2024-07-30 09:51:00;2024-07-30;09:51:00;36.9;100;88;116;95;23;0.97;55.4;32;2778;3.8;8;CAPT037;Bonne
M003517;PAT0152;2024-03-19 02:42:00;2024-03-19;02:42:00;36.4;148;104;74;97;16;0.73;62.7;34.4;3670;8.1;7;CAPT045;Bonne
M003518;PAT0053;2024-03-18 07:48:00;2024-03-18;07:48:00;37.2;158;107;79;98;17;0.77;92.4;24.8;7038;3.4;7;CAPT020;Bonne
M003519;PAT0183;2024-02-05 15:05:00;2024-02-05;15:05:00;35.5;130;70;85;98;20;1.32;81;29.7;2899;9.3;7;CAPT006;Moyenne
M003520;PAT0159;2024-09-16 15:18:00;2024-09-16;15:18:00;35.6;134;80;94;95;23;0.78;89.7;18.5;2534;4.7;0;CAPT014;Moyenne
M003521;PAT0041;2024-05-07 08:51:00;2024-05-07;08:51:00;36.6;117;88;117;91;14;0.72;65.2;18.5;4722;6.5;5;CAPT017;Moyenne
M003522;PAT0133;2024-07-19 11:03:00;2024-07-19;11:03:00;38.8;130;60;65;99;18;1.03;72.3;23.9;904;7.9;3;CAPT023;Bonne
M003523;PAT0182;2024-08-23 04:14:00;2024-08-23;04:14:00;35.8;172;96;73;98;24;1.3;65.8;30.7;5498;3.8;3;CAPT002;Moyenne
M003524;PAT0051;2024-11-24 16:46:00;2024-11-24;16:46:00;35.8;136;86;73;95;24;1.16;80.9;32.5;607;8.2;1;CAPT050;Bonne
M003525;PAT0015;2024-12-19 14:54:00;2024-12-19;14:54:00;39.4;102;86;98;94;20;0.92;97.5;30.9;5149;7;1;CAPT025;Mauvaise
M003526;PAT0198;2024-08-05 12:55:00;2024-08-05;12:55:00;37.3;119;65;95;95;20;0.84;45.8;28.1;7918;5;0;CAPT039;Bonne
M003527;PAT0102;2024-11-05 07:55:00;2024-11-05;07:55:00;38.4;118;78;96;97;16;0.98;99.3;22.2;2309;7.8;0;CAPT004;Bonne
M003528;PAT0008;2024-12-14 10:33:00;2024-12-14;10:33:00;38.8;107;81;98;92;18;1.05;88;27.9;5722;9.1;3;CAPT005;Bonne
M003529;PAT0071;2024-10-13 13:12:00;2024-10-13;13:12:00;36.5;144;63;76;96;16;2.71;56.9;21.7;5953;3.2;8;CAPT049;Mauvaise
M003530;PAT0104;2024-09-30 15:18:00;2024-09-30;15:18:00;36.6;177;91;68;95;17;0.94;83.3;29.8;7773;6.9;3;CAPT040;Bonne
M003531;PAT0167;2024-08-27 10:38:00;2024-08-27;10:38:00;38.4;140;87;55;97;21;0.82;91.2;26.4;1652;4;9;CAPT021;Bonne
M003532;PAT0139;2024-03-13 21:23:00;2024-03-13;21:23:00;37.7;166;107;90;99;12;1.29;63.6;22.7;2513;5.2;5;CAPT008;Bonne
M003533;PAT0055;2024-02-28 18:26:00;2024-02-28;18:26:00;38.6;143;86;90;97;21;1.13;98;33.6;4888;6.6;9;CAPT011;Bonne
M003534;PAT0200;2024-08-07 15:34:00;2024-08-07;15:34:00;37.7;138;71;65;94;22;1.23;56.3;30.1;2036;4.4;2;CAPT037;Bonne
M003535;PAT0163;2024-05-03 17:01:00;2024-05-03;17:01:00;35.6;121;63;97;93;15;0.83;83.2;25;7383;6.1;3;CAPT034;Moyenne
M003536;PAT0080;2024-05-20 16:27:00;2024-05-20;16:27:00;38.5;111;88;94;89;21;0.99;96.9;22.5;3088;5.8;7;CAPT032;Moyenne
M003537;PAT0197;2024-01-20 12:14:00;2024-01-20;12:14:00;35.9;129;69;109;92;20;0.76;63.3;33.1;1167;7;9;CAPT031;Bonne
M003538;PAT0103;2024-05-13 11:32:00;2024-05-13;11:32:00;36.7;121;84;117;93;24;0.73;73.2;19.9;483;8.4;3;CAPT017;Bonne
M003539;PAT0021;2024-04-01 17:07:00;2024-04-01;17:07:00;38.3;118;70;94;99;19;0.96;84.1;30;3133;9.2;6;CAPT005;Bonne
M003540;PAT0107;2024-03-01 03:19:00;2024-03-01;03:19:00;37;117;71;103;94;13;1.08;46.7;21.4;6332;5.6;9;CAPT006;Moyenne
M003541;PAT0133;2024-07-23 23:47:00;2024-07-23;23:47:00;35.6;126;65;78;96;12;1.13;63.3;23.8;6892;7.4;5;CAPT025;Bonne
M003542;PAT0090;2024-03-30 23:25:00;2024-03-30;23:25:00;37.5;111;84;126;92;24;1.34;58.6;26.6;889;4.8;7;CAPT050;Moyenne
M003543;PAT0060;2024-02-15 08:51:00;2024-02-15;08:51:00;35.6;119;85;58;97;24;2.35;61;31.6;5441;4.9;2;CAPT044;Bonne
M003544;PAT0081;2024-06-22 18:22:00;2024-06-22;18:22:00;38.2;144;78;94;95;22;1.85;88.3;18.5;7697;4.6;3;CAPT001;Bonne
M003545;PAT0023;2024-07-30 20:08:00;2024-07-30;20:08:00;36.1;100;89;90;96;13;1.41;87.6;34.3;7439;9.8;0;CAPT025;Moyenne
M003546;PAT0151;2024-05-16 21:08:00;2024-05-16;21:08:00;38.3;103;62;69;95;19;2.28;80.8;30.4;1266;8.4;8;CAPT048;Bonne
M003547;PAT0054;2024-09-28 07:34:00;2024-09-28;07:34:00;37;124;78;59;99;21;0.97;88.2;18.9;7791;7.1;5;CAPT044;Bonne
M003548;PAT0162;2024-10-26 06:16:00;2024-10-26;06:16:00;35.6;136;102;83;98;16;1.02;84.4;27.8;6900;5.8;3;CAPT024;Bonne
M003549;PAT0009;2024-02-05 06:26:00;2024-02-05;06:26:00;38.7;136;76;80;99;16;1.08;88.5;32.6;7856;8.3;3;CAPT002;Bonne
M003550;PAT0062;2024-09-27 20:16:00;2024-09-27;20:16:00;37.7;105;60;82;99;15;0.89;55.4;30.7;3393;6.3;0;CAPT030;Bonne
M003551;PAT0009;2024-08-03 05:51:00;2024-08-03;05:51:00;37.4;134;66;64;96;21;0.71;76.4;30.1;3783;7;4;CAPT046;Moyenne
M003552;PAT0032;2024-04-02 19:22:00;2024-04-02;19:22:00;36.5;131;75;58;99;23;0.91;78.7;24.6;3995;7;4;CAPT019;Mauvaise
M003553;PAT0036;2024-12-22 15:53:00;2024-12-22;15:53:00;38.3;143;61;77;98;22;1.28;98.3;32.4;5704;3.9;5;CAPT022;Bonne
M003554;PAT0044;2024-01-07 03:26:00;2024-01-07;03:26:00;39.4;143;88;106;88;17;1.05;85.8;34.9;1195;9.5;3;CAPT005;Bonne
M003555;PAT0166;2024-04-14 08:19:00;2024-04-14;08:19:00;37.3;146;85;86;95;14;1.39;81.4;22.8;7968;8.3;1;CAPT038;Bonne
M003556;PAT0048;2024-12-11 03:52:00;2024-12-11;03:52:00;37.1;125;72;98;94;16;0.86;56.7;21.9;3336;4.1;9;CAPT018;Moyenne
M003557;PAT0188;2024-09-06 22:05:00;2024-09-06;22:05:00;38.2;101;87;108;91;22;1.06;82.6;18.8;5837;3.6;8;CAPT001;Moyenne
M003558;PAT0120;2024-02-22 04:43:00;2024-02-22;04:43:00;38.3;149;108;79;99;15;1.09;60.6;29.2;817;6.1;4;CAPT005;Bonne
M003559;PAT0189;2024-01-21 08:55:00;2024-01-21;08:55:00;39.5;135;89;88;98;17;2.9;97.1;27.6;6218;6.9;0;CAPT006;Bonne
M003560;PAT0179;2024-05-27 05:40:00;2024-05-27;05:40:00;38.3;158;102;91;96;19;1.34;80;33.1;2036;4.7;2;CAPT046;Mauvaise
M003561;PAT0090;2024-10-04 06:40:00;2024-10-04;06:40:00;36.4;116;67;105;89;21;1.24;54.3;27.1;4778;6.3;2;CAPT023;Bonne
M003562;PAT0104;2024-10-20 17:07:00;2024-10-20;17:07:00;38.1;149;92;84;99;12;1.16;47.7;20.4;3561;9.2;6;CAPT025;Bonne
M003563;PAT0071;2024-12-30 15:06:00;2024-12-30;15:06:00;38.8;101;77;83;98;18;2.67;63.8;27.5;2547;9.2;3;CAPT047;Bonne
M003564;PAT0017;2024-08-27 01:43:00;2024-08-27;01:43:00;39.1;109;68;77;99;21;1.29;88.5;22.7;3678;9.5;3;CAPT001;Bonne
M003565;PAT0125;2024-03-02 03:26:00;2024-03-02;03:26:00;36;118;78;98;98;22;2.87;61.5;24.8;7083;4.8;8;CAPT046;Bonne
M003566;PAT0167;2024-02-22 18:54:00;2024-02-22;18:54:00;37.5;166;104;58;94;12;0.76;48.3;27.8;3724;5.5;2;CAPT020;Bonne
M003567;PAT0045;2024-06-03 15:13:00;2024-06-03;15:13:00;39.3;130;68;90;95;17;1.21;89.7;29.4;1173;9.4;8;CAPT042;Bonne
M003568;PAT0196;2024-12-29 05:15:00;2024-12-29;05:15:00;37.5;144;73;83;96;13;0.94;84.7;26.2;6152;5;5;CAPT044;Bonne
M003569;PAT0187;2024-01-03 01:30:00;2024-01-03;01:30:00;37.7;126;69;79;94;24;1.05;93.8;28.8;1760;5.4;4;CAPT012;Moyenne
M003570;PAT0086;2024-03-21 02:48:00;2024-03-21;02:48:00;38.1;106;61;73;97;13;1.35;87.4;32.1;3561;6.9;8;CAPT011;Bonne
M003571;PAT0194;2024-09-04 18:37:00;2024-09-04;18:37:00;35.7;128;82;81;94;16;0.82;67.5;24.9;4110;8.1;5;CAPT010;Bonne
M003572;PAT0139;2024-04-14 17:13:00;2024-04-14;17:13:00;38.8;148;108;71;98;21;1;80.6;24.1;1160;3.4;1;CAPT020;Bonne
M003573;PAT0104;2024-12-08 16:08:00;2024-12-08;16:08:00;39.4;169;108;92;99;16;1.23;87.3;18;7460;3.1;5;CAPT044;Bonne
M003574;PAT0191;2024-10-30 00:28:00;2024-10-30;00:28:00;35.7;117;78;56;94;23;1.03;58.5;26.8;6720;3.4;8;CAPT041;Bonne
M003575;PAT0132;2024-08-01 22:45:00;2024-08-01;22:45:00;38.6;136;85;84;95;23;2.93;86.3;34;1082;4.6;9;CAPT003;Bonne
M003576;PAT0128;2024-12-27 01:36:00;2024-12-27;01:36:00;39.4;135;85;115;92;24;1.26;94;22;16;6.5;7;CAPT039;Bonne
M003577;PAT0040;2024-12-20 13:31:00;2024-12-20;13:31:00;38.4;134;70;66;94;24;1.17;74.7;32.7;1444;9.5;4;CAPT012;Bonne
M003578;PAT0158;2024-01-31 15:51:00;2024-01-31;15:51:00;36.6;143;87;81;98;20;0.99;92.5;31.8;7355;5.8;8;CAPT029;Bonne
M003579;PAT0035;2024-07-21 11:43:00;2024-07-21;11:43:00;36.6;112;79;67;96;21;1;87.5;26.7;5054;6.5;5;CAPT029;Bonne
M003580;PAT0151;2024-09-01 18:22:00;2024-09-01;18:22:00;35.5;141;78;92;98;18;1.82;95.6;18.7;2446;5.2;5;CAPT049;Moyenne
M003581;PAT0034;2024-02-01 05:27:00;2024-02-01;05:27:00;39.4;128;84;88;94;14;1.23;66.8;34.9;3013;4.6;4;CAPT014;Bonne
M003582;PAT0033;2024-07-18 21:57:00;2024-07-18;21:57:00;36.5;143;103;77;94;20;1.29;54.5;33.7;6299;9.7;9;CAPT015;Bonne
M003583;PAT0062;2024-01-17 14:48:00;2024-01-17;14:48:00;38.6;124;62;59;94;12;0.71;59.2;30.9;661;8.1;4;CAPT015;Bonne
M003584;PAT0086;2024-09-20 10:09:00;2024-09-20;10:09:00;38.1;127;75;68;94;15;0.76;59.9;24.8;2409;6.4;6;CAPT008;Bonne
M003585;PAT0033;2024-10-12 06:30:00;2024-10-12;06:30:00;38.5;135;85;71;96;21;0.94;76.6;34.7;964;3.4;6;CAPT023;Bonne
M003586;PAT0054;2024-07-27 19:59:00;2024-07-27;19:59:00;36.3;107;61;95;97;23;0.98;52.5;25.4;3897;4.5;4;CAPT017;Bonne
M003587;PAT0034;2024-06-30 22:25:00;2024-06-30;22:25:00;36.1;135;72;76;94;13;0.8;97.1;26.8;771;6.3;3;CAPT015;Bonne
M003588;PAT0128;2024-04-05 10:48:00;2024-04-05;10:48:00;37.8;127;79;127;91;15;1.17;50.6;22;3323;4.6;8;CAPT031;Bonne
M003589;PAT0197;2024-01-28 00:34:00;2024-01-28;00:34:00;38.3;112;65;114;90;18;1.21;62.2;29.1;1119;4.8;6;CAPT003;Bonne
M003590;PAT0053;2024-01-06 08:12:00;2024-01-06;08:12:00;36.3;136;89;76;99;24;1.22;93.8;21.3;3532;3.9;6;CAPT041;Bonne
M003591;PAT0138;2024-09-20 06:34:00;2024-09-20;06:34:00;36.6;134;65;95;96;24;1.32;66.9;31;6396;3.6;5;CAPT024;Bonne
M003592;PAT0166;2024-10-07 20:59:00;2024-10-07;20:59:00;35.6;163;92;62;99;18;1.04;70.6;25.5;3410;7.1;6;CAPT046;Moyenne
M003593;PAT0165;2024-12-17 21:07:00;2024-12-17;21:07:00;37.4;141;89;99;97;14;1.14;68.2;29.2;1129;6.8;6;CAPT042;Bonne
M003594;PAT0161;2024-07-08 22:22:00;2024-07-08;22:22:00;36.7;121;87;76;99;13;0.97;85;29.7;6940;3.7;9;CAPT032;Bonne
M003595;PAT0171;2024-04-23 14:39:00;2024-04-23;14:39:00;38.2;112;66;64;97;15;1.19;68.9;18.5;7354;4.4;5;CAPT010;Bonne
M003596;PAT0162;2024-04-11 20:38:00;2024-04-11;20:38:00;37.2;154;90;63;97;24;1.28;74.1;28.5;542;4.8;6;CAPT009;Bonne
M003597;PAT0135;2024-04-19 20:51:00;2024-04-19;20:51:00;37.8;121;89;91;99;24;1.39;57.2;25.8;7255;9.4;7;CAPT030;Mauvaise
M003598;PAT0174;2024-04-21 21:13:00;2024-04-21;21:13:00;35.8;140;65;112;88;24;1.17;65.5;22;2710;3.7;9;CAPT033;Moyenne
M003599;PAT0096;2024-12-11 13:22:00;2024-12-11;13:22:00;38.7;147;101;99;94;12;1.23;87.9;29.6;1984;8.1;4;CAPT009;Bonne
M003600;PAT0085;2024-08-11 13:56:00;2024-08-11;13:56:00;39.1;135;81;55;97;15;0.71;80.7;24.9;3512;7.7;8;CAPT003;Bonne
M003601;PAT0104;2024-04-24 09:31:00;2024-04-24;09:31:00;37.2;162;104;64;96;13;1.15;50.1;23.1;7733;7;4;CAPT044;Mauvaise
M003602;PAT0137;2024-03-13 17:37:00;2024-03-13;17:37:00;36.9;132;70;66;95;14;1;78.9;33.1;7926;3;9;CAPT034;Bonne
M003603;PAT0086;2024-03-16 15:24:00;2024-03-16;15:24:00;36.2;125;75;62;94;12;0.83;50.7;24;5467;8.3;6;CAPT016;Bonne
M003604;PAT0174;2024-04-15 18:43:00;2024-04-15;18:43:00;39.4;140;63;97;89;18;1.01;57.5;28.3;2621;7.3;1;CAPT039;Moyenne
M003605;PAT0074;2024-10-11 18:22:00;2024-10-11;18:22:00;36.8;140;72;97;97;14;0.71;85.9;25.1;705;6;6;CAPT043;Moyenne
M003606;PAT0168;2024-02-08 15:03:00;2024-02-08;15:03:00;37.6;136;66;90;98;20;0.96;56.9;18.9;7279;8.2;8;CAPT006;Moyenne
M003607;PAT0005;2024-08-27 06:24:00;2024-08-27;06:24:00;38.2;117;62;114;93;19;1.16;57.2;30.6;4254;4.2;4;CAPT048;Bonne
M003608;PAT0100;2024-08-24 06:46:00;2024-08-24;06:46:00;38.3;115;65;104;89;17;1.16;55.2;34.1;2444;4.4;7;CAPT033;Bonne
M003609;PAT0116;2024-04-19 19:04:00;2024-04-19;19:04:00;37.2;135;76;107;95;12;0.89;66.5;31.5;2917;7.1;5;CAPT003;Bonne
M003610;PAT0155;2024-10-07 16:27:00;2024-10-07;16:27:00;37.1;113;89;74;99;13;0.71;98.4;18.4;4068;6.1;3;CAPT048;Bonne
M003611;PAT0040;2024-06-04 14:49:00;2024-06-04;14:49:00;38.6;134;75;64;97;15;0.99;93.8;28.7;6272;4.4;5;CAPT031;Bonne
M003612;PAT0132;2024-07-04 20:17:00;2024-07-04;20:17:00;35.9;114;69;74;99;13;2.02;99.5;31.5;559;8.5;4;CAPT040;Bonne
M003613;PAT0172;2024-04-11 15:06:00;2024-04-11;15:06:00;39.2;131;76;96;96;19;0.72;61.1;33.9;3930;8;2;CAPT043;Moyenne
M003614;PAT0094;2024-10-13 03:00:00;2024-10-13;03:00:00;36.6;109;89;110;92;17;1.15;86.3;31.8;5665;8;8;CAPT027;Bonne
M003615;PAT0112;2024-06-02 08:58:00;2024-06-02;08:58:00;37.5;111;74;75;94;15;1.37;56.7;34.3;3205;4.6;1;CAPT029;Mauvaise
M003616;PAT0197;2024-01-30 23:49:00;2024-01-30;23:49:00;38.6;135;71;120;89;12;1.08;97;23.5;5507;6.5;3;CAPT037;Bonne
M003617;PAT0008;2024-07-18 13:22:00;2024-07-18;13:22:00;39.2;134;72;120;91;19;1.16;49.8;21.3;6470;6.8;8;CAPT020;Bonne
M003618;PAT0190;2024-02-16 18:33:00;2024-02-16;18:33:00;39.2;127;77;98;95;23;1.01;74.7;22;4151;6.1;3;CAPT016;Bonne
M003619;PAT0068;2024-11-06 12:32:00;2024-11-06;12:32:00;36.8;133;73;58;98;24;0.95;56.8;18.7;7246;4.1;0;CAPT021;Bonne
M003620;PAT0015;2024-01-24 16:55:00;2024-01-24;16:55:00;37.8;108;86;69;98;23;0.8;77.5;29.4;305;5;6;CAPT039;Bonne
M003621;PAT0164;2024-04-23 09:49:00;2024-04-23;09:49:00;39;168;103;91;95;15;0.82;64.7;27;2340;7.2;2;CAPT012;Mauvaise
M003622;PAT0029;2024-02-22 21:22:00;2024-02-22;21:22:00;37.1;111;68;70;99;17;0.83;90.2;26.6;4542;3.4;0;CAPT034;Moyenne
M003623;PAT0140;2024-06-18 09:26:00;2024-06-18;09:26:00;38;131;80;58;94;19;0.73;66;18;6270;5.1;2;CAPT004;Bonne
M003624;PAT0055;2024-05-12 14:17:00;2024-05-12;14:17:00;37.3;111;89;84;97;15;1.03;85.4;27.9;6214;7.6;0;CAPT006;Bonne
M003625;PAT0110;2024-03-31 03:51:00;2024-03-31;03:51:00;36.9;143;71;92;95;22;0.76;99.2;22;5628;7;6;CAPT044;Bonne
M003626;PAT0104;2024-06-28 17:50:00;2024-06-28;17:50:00;37.1;159;100;95;95;20;1.19;72.6;33.7;3901;3.5;7;CAPT037;Bonne
M003627;PAT0164;2024-06-03 03:20:00;2024-06-03;03:20:00;37.6;137;98;73;96;16;0.73;57.2;21.7;6070;3.9;9;CAPT035;Bonne
M003628;PAT0107;2024-12-04 12:00:00;2024-12-04;12:00:00;35.9;115;67;102;93;22;1.2;57.3;23.3;3347;8.2;1;CAPT050;Bonne
M003629;PAT0007;2024-06-22 15:12:00;2024-06-22;15:12:00;38.7;119;73;98;98;15;0.82;45.6;34.9;6214;9.2;3;CAPT005;Moyenne
M003630;PAT0048;2024-06-30 14:06:00;2024-06-30;14:06:00;39.4;106;60;69;97;17;1.3;50.1;24.4;7799;3.4;7;CAPT048;Bonne
M003631;PAT0168;2024-11-02 09:38:00;2024-11-02;09:38:00;37.8;104;73;89;95;20;1.27;76.8;21.2;3125;5.8;0;CAPT047;Bonne
M003632;PAT0096;2024-07-01 10:07:00;2024-07-01;10:07:00;37.8;139;87;83;98;17;0.73;82;30.6;4866;7.2;5;CAPT037;Moyenne
M003633;PAT0106;2024-02-11 16:27:00;2024-02-11;16:27:00;38.7;101;77;84;99;19;2.42;72.1;26.2;4612;6.8;0;CAPT042;Moyenne
M003634;PAT0080;2024-03-16 19:54:00;2024-03-16;19:54:00;36.3;109;68;115;88;22;1.13;54;32.2;4663;9.7;1;CAPT036;Mauvaise
M003635;PAT0184;2024-07-06 00:31:00;2024-07-06;00:31:00;39.2;100;60;87;99;23;1.37;83.6;28.2;102;3.6;3;CAPT038;Bonne
M003636;PAT0057;2024-03-12 02:48:00;2024-03-12;02:48:00;36.3;135;85;85;94;17;0.85;76.7;20.8;5773;3.9;9;CAPT037;Mauvaise
M003637;PAT0198;2024-01-22 21:03:00;2024-01-22;21:03:00;39.3;106;82;66;96;20;1.27;90.5;26.1;7522;7.7;3;CAPT031;Mauvaise
M003638;PAT0127;2024-10-11 11:24:00;2024-10-11;11:24:00;36.1;131;73;60;97;23;2.04;69.7;27.2;3367;5.7;2;CAPT007;Bonne
M003639;PAT0018;2024-04-02 13:50:00;2024-04-02;13:50:00;39.4;104;64;91;94;24;1.18;52.2;18.6;1206;4.6;8;CAPT004;Moyenne
M003640;PAT0100;2024-07-08 02:27:00;2024-07-08;02:27:00;36.8;128;73;127;93;17;1.11;82.1;20.9;1715;3.8;7;CAPT028;Bonne
M003641;PAT0013;2024-02-02 17:05:00;2024-02-02;17:05:00;39.1;136;76;96;99;13;1.28;81.7;20.2;800;7.7;5;CAPT042;Moyenne
M003642;PAT0200;2024-12-13 19:54:00;2024-12-13;19:54:00;37.9;135;72;91;95;12;0.86;57.2;19;5243;5.3;4;CAPT038;Moyenne
M003643;PAT0191;2024-09-10 18:46:00;2024-09-10;18:46:00;39.2;138;89;64;97;15;1.06;48.3;31.4;4153;4.5;4;CAPT019;Bonne
M003644;PAT0170;2024-08-08 17:42:00;2024-08-08;17:42:00;38.3;153;89;62;98;16;0.94;83.6;34.9;7547;8.7;1;CAPT002;Bonne
M003645;PAT0150;2024-11-20 03:36:00;2024-11-20;03:36:00;38.6;101;75;68;94;23;1.19;92.3;18.8;1989;5;2;CAPT002;Bonne
M003646;PAT0089;2024-02-03 04:48:00;2024-02-03;04:48:00;35.7;137;87;94;94;24;0.81;56.9;25.2;2821;6.6;5;CAPT026;Bonne
M003647;PAT0071;2024-12-18 17:49:00;2024-12-18;17:49:00;35.6;134;82;66;94;24;2.98;59;31.5;5914;5.8;5;CAPT003;Bonne
M003648;PAT0139;2024-12-20 19:31:00;2024-12-20;19:31:00;39.1;177;93;70;98;16;1.19;59.1;31.7;2873;6.9;3;CAPT016;Bonne
M003649;PAT0070;2024-06-15 08:17:00;2024-06-15;08:17:00;37.8;134;63;69;97;13;2.18;64.4;31.9;3959;3.1;8;CAPT044;Bonne
M003650;PAT0190;2024-09-13 01:26:00;2024-09-13;01:26:00;38.8;121;76;85;94;21;0.93;83.1;25.8;7498;5.4;0;CAPT028;Mauvaise
M003651;PAT0153;2024-12-16 19:40:00;2024-12-16;19:40:00;37.7;118;71;92;95;19;1.09;90.8;27.7;3748;3.3;7;CAPT017;Moyenne
M003652;PAT0037;2024-05-20 02:19:00;2024-05-20;02:19:00;36.1;124;81;76;96;20;1.13;79;18.3;7342;7.3;5;CAPT030;Bonne
M003653;PAT0167;2024-08-08 05:20:00;2024-08-08;05:20:00;38.9;149;107;56;98;23;1.01;82.1;28.7;5511;5;5;CAPT026;Mauvaise
M003654;PAT0193;2024-02-13 19:51:00;2024-02-13;19:51:00;36.9;144;82;129;88;21;0.97;47.5;24.6;7420;9;3;CAPT019;Bonne
M003655;PAT0127;2024-11-18 12:07:00;2024-11-18;12:07:00;37.4;124;88;76;97;24;1.52;61.1;30.1;7696;9.2;7;CAPT021;Moyenne
M003656;PAT0150;2024-03-09 21:24:00;2024-03-09;21:24:00;36;104;80;80;98;15;1.33;89.4;34.3;6117;3.6;9;CAPT049;Bonne
M003657;PAT0100;2024-10-03 12:27:00;2024-10-03;12:27:00;35.5;108;72;106;88;24;0.97;55.4;28.1;6536;3.9;5;CAPT026;Mauvaise
M003658;PAT0141;2024-11-19 21:26:00;2024-11-19;21:26:00;37.4;136;66;97;94;20;1.12;47.5;24.7;5737;5.6;2;CAPT032;Bonne
M003659;PAT0191;2024-12-16 09:02:00;2024-12-16;09:02:00;36.1;116;66;66;98;24;1.04;94.3;32;6764;6.5;1;CAPT009;Bonne
M003660;PAT0053;2024-03-16 10:09:00;2024-03-16;10:09:00;36.6;171;98;65;96;12;0.76;97.9;23.8;5050;5.4;6;CAPT048;Moyenne
M003661;PAT0100;2024-01-01 16:20:00;2024-01-01;16:20:00;38.5;102;82;91;91;13;1.28;73.7;28.5;5267;7.2;4;CAPT005;Bonne
M003662;PAT0116;2024-07-04 01:21:00;2024-07-04;01:21:00;38.6;107;61;115;90;21;0.83;45.5;24.1;6299;8.1;4;CAPT015;Bonne
M003663;PAT0085;2024-02-14 06:46:00;2024-02-14;06:46:00;36;140;75;80;96;16;0.84;60;33.6;5390;3.1;8;CAPT040;Bonne
M003664;PAT0160;2024-12-05 04:15:00;2024-12-05;04:15:00;36.1;125;64;69;94;15;0.86;84.9;30.1;2804;3;4;CAPT006;Bonne
M003665;PAT0038;2024-10-23 08:58:00;2024-10-23;08:58:00;36.5;126;80;76;99;12;1.34;85.9;30.3;4862;8.5;1;CAPT018;Moyenne
M003666;PAT0179;2024-02-08 08:55:00;2024-02-08;08:55:00;35.6;153;94;81;98;13;1.15;94.7;33.7;4053;6.4;3;CAPT015;Bonne
M003667;PAT0068;2024-04-10 21:53:00;2024-04-10;21:53:00;38;142;64;60;96;12;1.19;93.2;26.2;2274;8.3;2;CAPT010;Bonne
M003668;PAT0177;2024-01-24 04:06:00;2024-01-24;04:06:00;39.2;106;88;69;96;13;1.31;68.5;27;2027;4.6;3;CAPT014;Bonne
M003669;PAT0126;2024-10-16 21:57:00;2024-10-16;21:57:00;38.5;105;85;72;96;12;1.14;49.4;19.9;6752;3.1;1;CAPT003;Bonne
M003670;PAT0175;2024-03-18 09:10:00;2024-03-18;09:10:00;39.4;143;92;98;96;22;1.1;63.9;25.9;6766;8.4;8;CAPT049;Moyenne
M003671;PAT0112;2024-12-13 10:23:00;2024-12-13;10:23:00;37.5;106;79;98;94;22;1.27;69.8;22.8;2787;9.6;2;CAPT023;Bonne
M003672;PAT0033;2024-12-25 09:32:00;2024-12-25;09:32:00;37.6;151;108;63;99;12;0.99;74.3;21.3;5737;8.3;6;CAPT032;Bonne
M003673;PAT0161;2024-06-08 09:47:00;2024-06-08;09:47:00;36.2;120;74;77;98;24;0.8;80.2;21.4;65;3.8;3;CAPT030;Bonne
M003674;PAT0135;2024-04-05 17:01:00;2024-04-05;17:01:00;36.8;101;61;72;94;20;1.18;99.2;22.3;7751;5.6;1;CAPT036;Bonne
M003675;PAT0189;2024-09-18 15:10:00;2024-09-18;15:10:00;35.5;143;88;82;99;15;2.41;59.4;24.7;513;6;7;CAPT025;Bonne
M003676;PAT0182;2024-03-06 17:34:00;2024-03-06;17:34:00;39.4;138;104;95;97;21;0.73;61.5;30;2202;8.8;8;CAPT029;Bonne
M003677;PAT0021;2024-03-07 01:40:00;2024-03-07;01:40:00;37.4;133;75;65;97;14;1.21;56.4;29.6;3116;8.8;1;CAPT046;Moyenne
M003678;PAT0100;2024-11-05 06:06:00;2024-11-05;06:06:00;37;107;74;110;88;22;1.09;86.3;20.3;789;3.9;4;CAPT043;Moyenne
M003679;PAT0168;2024-05-31 22:57:00;2024-05-31;22:57:00;39.3;106;73;69;94;15;0.72;59.1;34.2;1450;4.5;6;CAPT041;Bonne
M003680;PAT0032;2024-07-17 02:17:00;2024-07-17;02:17:00;39.2;126;77;67;96;12;0.71;64.6;28;6373;9.1;4;CAPT025;Bonne
M003681;PAT0079;2024-08-24 09:17:00;2024-08-24;09:17:00;39.2;144;78;95;96;18;2.01;56.7;28.1;3072;7.3;6;CAPT031;Moyenne
M003682;PAT0025;2024-12-15 11:14:00;2024-12-15;11:14:00;36.4;166;92;80;99;19;1.27;58.4;22.7;4847;7.1;3;CAPT029;Mauvaise
M003683;PAT0043;2024-11-11 14:01:00;2024-11-11;14:01:00;35.9;113;89;81;94;14;2.63;86.3;30.7;1117;8.5;3;CAPT020;Moyenne
M003684;PAT0058;2024-11-03 19:31:00;2024-11-03;19:31:00;37;139;87;64;97;16;0.91;84.1;29.9;4264;8.7;7;CAPT046;Mauvaise
M003685;PAT0106;2024-09-28 16:32:00;2024-09-28;16:32:00;35.9;140;72;68;98;20;2.64;96.3;26.7;3576;3.4;9;CAPT046;Bonne
M003686;PAT0034;2024-10-20 18:09:00;2024-10-20;18:09:00;37.5;123;82;85;97;21;0.78;59;25.8;4545;9.8;1;CAPT015;Bonne
M003687;PAT0132;2024-05-27 18:55:00;2024-05-27;18:55:00;35.7;128;70;56;99;15;1.49;95.6;21.6;2790;4.1;1;CAPT012;Moyenne
M003688;PAT0059;2024-06-13 08:35:00;2024-06-13;08:35:00;35.7;138;68;94;94;18;1.31;93.4;18.2;370;6.2;0;CAPT044;Mauvaise
M003689;PAT0031;2024-09-25 06:51:00;2024-09-25;06:51:00;37.1;144;70;76;95;12;1.39;70.5;25.8;923;8.1;9;CAPT032;Moyenne
M003690;PAT0066;2024-01-10 07:25:00;2024-01-10;07:25:00;37;135;81;65;98;20;0.7;92.3;34.7;6375;5.5;8;CAPT001;Bonne
M003691;PAT0001;2024-08-18 12:45:00;2024-08-18;12:45:00;36.1;108;62;88;94;24;2.75;92;27.3;453;4.1;3;CAPT012;Bonne
M003692;PAT0176;2024-03-06 03:37:00;2024-03-06;03:37:00;38.8;127;88;65;95;24;1.15;56.7;32.6;121;5.9;2;CAPT035;Bonne
M003693;PAT0043;2024-05-13 14:08:00;2024-05-13;14:08:00;37.2;138;70;66;98;22;2.31;84;21.7;2706;4.4;3;CAPT001;Bonne
M003694;PAT0077;2024-07-03 20:37:00;2024-07-03;20:37:00;39.5;101;89;62;99;14;1.21;68.7;20.8;1484;8.3;4;CAPT026;Bonne
M003695;PAT0103;2024-07-22 01:56:00;2024-07-22;01:56:00;36.6;132;88;126;93;21;1.16;64.4;21.9;1753;4.3;1;CAPT017;Bonne
M003696;PAT0168;2024-04-15 10:33:00;2024-04-15;10:33:00;38.7;136;73;83;96;16;1.34;60.2;32.9;3860;6.9;7;CAPT008;Moyenne
M003697;PAT0134;2024-08-09 11:06:00;2024-08-09;11:06:00;36.1;111;75;73;94;14;2.71;59.4;20;6512;9.1;8;CAPT048;Bonne
M003698;PAT0061;2024-12-15 02:30:00;2024-12-15;02:30:00;38.5;115;78;68;99;14;2.28;46;27.5;6072;8.1;7;CAPT015;Bonne
M003699;PAT0097;2024-09-27 03:05:00;2024-09-27;03:05:00;38.3;157;105;72;99;19;0.88;85;27.8;3120;9.5;3;CAPT048;Bonne
M003700;PAT0142;2024-12-29 11:36:00;2024-12-29;11:36:00;39.2;179;95;58;98;21;1.26;54.2;28.6;621;6.5;4;CAPT049;Moyenne
M003701;PAT0051;2024-04-16 13:12:00;2024-04-16;13:12:00;39.1;113;66;64;96;13;1.34;66.7;27.8;5001;4.2;2;CAPT026;Moyenne
M003702;PAT0119;2024-09-09 15:31:00;2024-09-09;15:31:00;37;141;67;72;94;17;1;56.5;31.4;3624;6;3;CAPT014;Bonne
M003703;PAT0199;2024-09-05 08:38:00;2024-09-05;08:38:00;35.8;113;80;91;97;24;0.92;64;31.2;4886;10;7;CAPT002;Mauvaise
M003704;PAT0141;2024-06-01 05:27:00;2024-06-01;05:27:00;38.6;130;68;61;98;24;1.16;92;21.3;662;7.3;7;CAPT001;Bonne
M003705;PAT0174;2024-07-26 03:23:00;2024-07-26;03:23:00;39;115;85;118;92;17;1.27;46.8;19.3;3620;4.6;0;CAPT007;Bonne
M003706;PAT0086;2024-01-01 09:18:00;2024-01-01;09:18:00;36.2;140;77;92;96;16;0.92;55.9;34.5;2317;6.5;6;CAPT011;Bonne
M003707;PAT0195;2024-10-26 19:00:00;2024-10-26;19:00:00;35.8;167;88;84;99;18;0.75;92.5;26.9;4527;5.8;9;CAPT025;Bonne
M003708;PAT0199;2024-05-08 14:45:00;2024-05-08;14:45:00;37.9;109;63;98;99;24;1.27;62.2;28.7;4820;8.6;0;CAPT039;Bonne
M003709;PAT0147;2024-06-24 15:14:00;2024-06-24;15:14:00;37.6;122;75;94;92;21;1.37;95.7;24.5;4697;7.3;6;CAPT037;Moyenne
M003710;PAT0098;2024-04-28 12:28:00;2024-04-28;12:28:00;36.2;102;83;88;95;15;1.02;47;29.5;1910;3.8;9;CAPT012;Moyenne
M003711;PAT0195;2024-04-02 13:19:00;2024-04-02;13:19:00;36.4;152;90;74;99;21;0.84;54.5;24.2;7864;8.6;9;CAPT037;Bonne
M003712;PAT0145;2024-03-22 08:58:00;2024-03-22;08:58:00;37;140;68;57;97;22;1.01;99.1;19.8;4525;8.9;8;CAPT042;Bonne
M003713;PAT0094;2024-12-15 14:39:00;2024-12-15;14:39:00;36.3;104;81;98;88;19;0.95;87.3;26.3;1117;3;3;CAPT008;Moyenne
M003714;PAT0175;2024-12-13 19:06:00;2024-12-13;19:06:00;38.8;140;99;92;97;17;0.93;70.7;26.5;1666;7.4;4;CAPT012;Moyenne
M003715;PAT0187;2024-07-30 00:52:00;2024-07-30;00:52:00;39.4;130;72;56;96;24;1.29;68.3;23.8;2248;6.6;5;CAPT045;Bonne
M003716;PAT0138;2024-12-17 17:26:00;2024-12-17;17:26:00;38.5;136;69;75;94;14;1.31;46.9;30.9;2054;5.4;8;CAPT039;Mauvaise
M003717;PAT0122;2024-06-26 16:24:00;2024-06-26;16:24:00;39.4;102;85;67;94;18;0.84;71.3;32.1;1787;9.4;6;CAPT038;Bonne
M003718;PAT0076;2024-12-22 06:54:00;2024-12-22;06:54:00;37.1;107;69;87;96;15;1.28;59.9;26.4;2268;4.2;4;CAPT013;Mauvaise
M003719;PAT0039;2024-09-09 21:27:00;2024-09-09;21:27:00;39;133;71;86;98;16;1.04;87.1;24;4258;5.8;7;CAPT017;Bonne
M003720;PAT0189;2024-08-15 20:47:00;2024-08-15;20:47:00;37;105;76;58;99;12;1.97;79;31.9;7164;7.4;8;CAPT029;Bonne
M003721;PAT0191;2024-06-30 20:51:00;2024-06-30;20:51:00;38.5;108;68;99;98;12;0.75;60.1;25.5;5588;4.8;2;CAPT021;Bonne
M003722;PAT0166;2024-11-22 04:16:00;2024-11-22;04:16:00;35.6;140;104;67;94;18;0.73;65;25.5;4174;4.2;3;CAPT042;Moyenne
M003723;PAT0002;2024-05-19 21:53:00;2024-05-19;21:53:00;38.5;101;89;70;96;22;1.09;78.6;23.4;7398;4.6;3;CAPT040;Bonne
M003724;PAT0067;2024-01-14 07:28:00;2024-01-14;07:28:00;38.7;127;85;70;94;24;0.93;64.2;27.4;6596;9.6;0;CAPT050;Bonne
M003725;PAT0124;2024-07-10 07:34:00;2024-07-10;07:34:00;36.4;113;70;88;98;13;2.41;85.1;24.3;2382;5.8;8;CAPT013;Bonne
M003726;PAT0048;2024-03-02 07:26:00;2024-03-02;07:26:00;37.9;101;78;94;96;17;1.21;61.7;30.6;4080;3.3;3;CAPT018;Bonne
M003727;PAT0200;2024-04-23 14:13:00;2024-04-23;14:13:00;35.7;126;62;57;98;20;0.72;89.2;22.7;3153;5.5;0;CAPT047;Moyenne
M003728;PAT0099;2024-12-27 08:53:00;2024-12-27;08:53:00;35.6;104;61;119;88;24;0.85;50.7;31.6;6516;9.2;9;CAPT027;Mauvaise
M003729;PAT0093;2024-09-29 14:40:00;2024-09-29;14:40:00;37.8;120;70;66;97;13;2.39;56.3;33.1;1219;9.5;8;CAPT030;Mauvaise
M003730;PAT0072;2024-05-16 22:50:00;2024-05-16;22:50:00;39.3;131;72;88;96;16;1.15;66.7;25.3;730;3.3;9;CAPT014;Bonne
M003731;PAT0035;2024-04-10 18:39:00;2024-04-10;18:39:00;37.4;116;79;70;94;12;1.33;51.1;28.1;5499;8.5;4;CAPT046;Bonne
M003732;PAT0195;2024-02-05 01:56:00;2024-02-05;01:56:00;35.9;177;106;59;97;21;1.1;54.8;26.3;660;3.3;7;CAPT035;Moyenne
M003733;PAT0029;2024-11-01 10:07:00;2024-11-01;10:07:00;37.1;111;77;89;95;23;1.18;98.7;22.5;1757;9.2;0;CAPT031;Bonne
M003734;PAT0145;2024-04-13 16:12:00;2024-04-13;16:12:00;39.5;129;85;75;98;22;1.14;92.5;18.4;3704;3.6;7;CAPT017;Bonne
M003735;PAT0056;2024-08-16 20:23:00;2024-08-16;20:23:00;36.6;116;76;88;99;19;1.32;97.1;27;7801;4.5;0;CAPT022;Moyenne
M003736;PAT0006;2024-06-25 21:48:00;2024-06-25;21:48:00;38.6;143;86;89;96;17;1.36;82.7;25;6828;4.3;9;CAPT030;Bonne
M003737;PAT0008;2024-09-27 15:21:00;2024-09-27;15:21:00;37.2;130;79;112;91;19;1.21;70.9;26.2;5556;7.5;4;CAPT045;Bonne
M003738;PAT0139;2024-03-02 05:38:00;2024-03-02;05:38:00;36.2;151;106;91;95;22;1.18;93.6;24.8;6325;3.7;9;CAPT014;Bonne
M003739;PAT0146;2024-04-06 15:29:00;2024-04-06;15:29:00;36.5;140;103;71;95;16;0.78;77.9;28;2139;9.8;9;CAPT044;Bonne
M003740;PAT0027;2024-04-16 07:31:00;2024-04-16;07:31:00;37.1;123;87;91;98;12;2.81;72.5;18.2;7553;9.4;4;CAPT033;Bonne
M003741;PAT0200;2024-09-07 18:04:00;2024-09-07;18:04:00;38.5;127;74;55;96;23;1.39;79.5;30.8;2609;8.9;2;CAPT024;Bonne
M003742;PAT0031;2024-08-06 08:02:00;2024-08-06;08:02:00;37.5;108;83;58;98;20;1.32;98.1;27;322;8.3;5;CAPT044;Bonne
M003743;PAT0166;2024-09-28 23:17:00;2024-09-28;23:17:00;37.5;173;109;79;97;16;0.91;55.8;18.2;5461;4.8;1;CAPT050;Mauvaise
M003744;PAT0090;2024-08-09 10:42:00;2024-08-09;10:42:00;36.6;133;88;109;91;16;1.02;82.3;32.8;2534;9.1;0;CAPT040;Moyenne
M003745;PAT0034;2024-09-20 01:39:00;2024-09-20;01:39:00;35.5;128;68;86;96;17;1.04;51.5;25.7;3994;9.1;8;CAPT033;Bonne
M003746;PAT0063;2024-07-18 08:15:00;2024-07-18;08:15:00;38.5;106;76;91;99;24;1.25;49.5;26.4;4433;6.6;5;CAPT048;Bonne
M003747;PAT0160;2024-05-16 08:17:00;2024-05-16;08:17:00;39.1;134;76;73;98;15;1.05;75.3;29.2;5390;9.3;7;CAPT048;Bonne
M003748;PAT0151;2024-04-12 05:40:00;2024-04-12;05:40:00;35.6;132;84;70;99;20;1.7;79.4;24.3;97;3;1;CAPT046;Moyenne
M003749;PAT0088;2024-11-13 19:49:00;2024-11-13;19:49:00;35.7;177;90;72;98;19;0.81;85.9;20.7;1797;8.8;2;CAPT042;Bonne
M003750;PAT0010;2024-11-06 19:42:00;2024-11-06;19:42:00;38;108;83;96;99;12;3.27;66;21.7;177;9.7;3;CAPT011;Moyenne
M003751;PAT0063;2024-07-23 11:16:00;2024-07-23;11:16:00;39.4;115;73;95;99;15;0.95;98.8;18.5;4154;7.2;1;CAPT038;Moyenne
M003752;PAT0031;2024-05-20 01:51:00;2024-05-20;01:51:00;36.2;110;66;80;94;16;1.26;70.5;33.7;2201;3.2;3;CAPT010;Moyenne
M003753;PAT0161;2024-04-20 02:35:00;2024-04-20;02:35:00;39.4;127;61;56;97;20;1.13;62.9;18.4;406;3.9;6;CAPT006;Moyenne
M003754;PAT0171;2024-03-12 22:02:00;2024-03-12;22:02:00;38.5;138;84;91;94;12;1.36;83.1;24.5;460;6.6;2;CAPT004;Bonne
M003755;PAT0078;2024-03-04 22:02:00;2024-03-04;22:02:00;37.8;102;66;62;96;20;2.42;95.1;19;6389;9.7;9;CAPT020;Bonne
M003756;PAT0136;2024-08-17 06:58:00;2024-08-17;06:58:00;37.6;111;64;122;93;20;0.9;69.4;32;3608;7.2;8;CAPT014;Moyenne
M003757;PAT0151;2024-03-17 08:53:00;2024-03-17;08:53:00;38.4;114;69;80;95;19;3.07;80.1;23.6;4002;6.7;5;CAPT007;Bonne
M003758;PAT0096;2024-10-01 05:31:00;2024-10-01;05:31:00;36.1;153;98;98;94;21;1.3;82.3;31;7320;9.1;2;CAPT028;Bonne
M003759;PAT0071;2024-10-27 11:55:00;2024-10-27;11:55:00;39.3;113;83;60;95;12;3.16;72.7;21.1;5854;5.5;7;CAPT042;Bonne
M003760;PAT0120;2024-09-27 16:42:00;2024-09-27;16:42:00;38.4;172;105;91;96;15;1.18;63.5;23.8;868;3.3;1;CAPT004;Bonne
M003761;PAT0132;2024-08-04 23:46:00;2024-08-04;23:46:00;38.9;119;71;71;97;18;1.49;79.1;32.4;3293;4.8;7;CAPT033;Bonne
M003762;PAT0117;2024-12-11 10:00:00;2024-12-11;10:00:00;38.8;100;82;58;96;21;2.09;86.9;26.7;6455;5;4;CAPT048;Bonne
M003763;PAT0030;2024-06-15 23:01:00;2024-06-15;23:01:00;37.5;177;94;87;94;23;1.32;52.5;22.3;7483;5.9;8;CAPT019;Bonne
M003764;PAT0011;2024-06-19 00:28:00;2024-06-19;00:28:00;39.2;114;75;82;97;12;0.87;67.7;33.8;1982;5.4;0;CAPT023;Bonne
M003765;PAT0154;2024-04-17 11:55:00;2024-04-17;11:55:00;36.8;112;89;58;98;19;1.19;73.1;32.6;5159;6.6;8;CAPT046;Bonne
M003766;PAT0035;2024-08-16 14:49:00;2024-08-16;14:49:00;36.8;125;83;87;94;15;1.16;69.6;32.2;4716;7.4;8;CAPT032;Bonne
M003767;PAT0070;2024-04-02 11:18:00;2024-04-02;11:18:00;39;140;65;74;97;23;2.06;51.5;21.7;404;6.1;6;CAPT019;Mauvaise
M003768;PAT0189;2024-05-07 15:38:00;2024-05-07;15:38:00;37.4;103;83;57;95;12;2.55;47.1;26.4;5853;8;5;CAPT022;Bonne
M003769;PAT0094;2024-05-25 17:53:00;2024-05-25;17:53:00;36.7;110;69;118;91;20;1.12;82.8;25.1;3427;9.3;3;CAPT047;Moyenne
M003770;PAT0028;2024-03-08 06:43:00;2024-03-08;06:43:00;37.8;143;67;82;98;19;1.01;88.3;29.2;7508;6.4;2;CAPT010;Moyenne
M003771;PAT0085;2024-04-23 10:57:00;2024-04-23;10:57:00;35.6;124;73;95;98;24;0.95;54.3;25.7;7022;6.1;7;CAPT040;Bonne
M003772;PAT0188;2024-07-11 09:07:00;2024-07-11;09:07:00;38.6;143;64;120;92;20;1.25;95.1;34.8;7059;6.4;2;CAPT044;Moyenne
M003773;PAT0124;2024-04-11 02:18:00;2024-04-11;02:18:00;38.8;120;72;62;98;20;2.11;97.2;29.8;5670;4.4;4;CAPT007;Bonne
M003774;PAT0128;2024-11-22 01:03:00;2024-11-22;01:03:00;36.9;104;67;93;88;23;1.33;97.8;23.7;5941;4.7;5;CAPT019;Moyenne
M003775;PAT0091;2024-06-21 11:59:00;2024-06-21;11:59:00;37.2;112;62;58;94;17;0.95;55.3;20.1;7872;9.9;3;CAPT043;Moyenne
M003776;PAT0055;2024-12-02 15:44:00;2024-12-02;15:44:00;39.4;138;71;92;97;20;0.84;87;25.1;1785;3.4;7;CAPT040;Bonne
M003777;PAT0092;2024-06-03 23:37:00;2024-06-03;23:37:00;35.9;121;64;69;99;12;1.23;72.7;30.9;5139;3.4;8;CAPT013;Bonne
M003778;PAT0021;2024-07-08 10:43:00;2024-07-08;10:43:00;37.4;105;61;57;97;12;1.03;62.7;20.7;7871;7.4;8;CAPT038;Bonne
M003779;PAT0117;2024-04-24 12:35:00;2024-04-24;12:35:00;37;104;84;92;95;12;2.54;47.5;33.9;5144;7.8;0;CAPT016;Mauvaise
M003780;PAT0018;2024-08-03 01:33:00;2024-08-03;01:33:00;37.8;104;76;75;98;18;1.17;98;26.8;2518;6.5;9;CAPT023;Moyenne
M003781;PAT0166;2024-02-15 01:23:00;2024-02-15;01:23:00;37;135;89;61;97;19;1.18;86.9;21.3;5297;3.5;0;CAPT007;Moyenne
M003782;PAT0095;2024-03-29 01:10:00;2024-03-29;01:10:00;37.1;130;63;80;97;17;1.29;47.7;28.4;1152;4.3;0;CAPT044;Moyenne
M003783;PAT0188;2024-04-21 18:27:00;2024-04-21;18:27:00;36.5;111;81;110;92;24;0.87;77.3;21.1;4748;3;4;CAPT043;Moyenne
M003784;PAT0061;2024-11-21 14:33:00;2024-11-21;14:33:00;36.2;132;65;79;98;21;2.45;81;34.2;2947;6.9;5;CAPT040;Mauvaise
M003785;PAT0055;2024-05-25 14:33:00;2024-05-25;14:33:00;35.9;110;63;79;97;12;1.07;86.6;31.1;7261;6;3;CAPT016;Moyenne
M003786;PAT0192;2024-03-10 23:00:00;2024-03-10;23:00:00;37.7;141;81;85;99;12;1.32;61.4;29.9;6330;4.3;3;CAPT012;Bonne
M003787;PAT0191;2024-08-10 09:30:00;2024-08-10;09:30:00;36.6;100;75;73;97;16;1.24;85;25;1429;4.9;1;CAPT002;Mauvaise
M003788;PAT0066;2024-10-13 06:49:00;2024-10-13;06:49:00;38.2;120;60;73;96;16;1.02;54.2;26.4;6462;8.7;1;CAPT027;Bonne
M003789;PAT0062;2024-11-29 10:33:00;2024-11-29;10:33:00;35.9;124;80;88;95;15;1.01;83.1;26.1;1250;8.8;6;CAPT020;Moyenne
M003790;PAT0070;2024-03-27 09:24:00;2024-03-27;09:24:00;37.6;141;71;98;97;18;2.6;81.5;23.2;5658;9.6;9;CAPT025;Bonne
M003791;PAT0157;2024-10-18 19:45:00;2024-10-18;19:45:00;36.8;119;79;65;97;13;0.85;50.1;23.6;3991;8.7;3;CAPT026;Bonne
M003792;PAT0080;2024-04-10 19:17:00;2024-04-10;19:17:00;35.5;128;87;99;92;18;1.16;53.4;24.4;5727;8.6;2;CAPT049;Bonne
M003793;PAT0003;2024-10-16 12:17:00;2024-10-16;12:17:00;38.6;132;87;71;97;15;3.15;77.4;24.6;6035;7.7;8;CAPT034;Moyenne
M003794;PAT0017;2024-03-03 21:34:00;2024-03-03;21:34:00;36.2;101;77;77;99;14;1.37;52.7;31.3;1030;4;2;CAPT043;Bonne
M003795;PAT0198;2024-11-26 04:17:00;2024-11-26;04:17:00;37;119;79;73;94;17;1.15;72;21.2;2516;3.4;5;CAPT030;Bonne
M003796;PAT0054;2024-12-27 17:49:00;2024-12-27;17:49:00;36.6;123;64;83;98;15;0.86;99;29.5;166;3.5;4;CAPT033;Bonne
M003797;PAT0106;2024-06-03 22:56:00;2024-06-03;22:56:00;39.5;129;64;70;96;15;2.33;98;26.4;4679;4.7;7;CAPT017;Moyenne
M003798;PAT0085;2024-07-16 21:51:00;2024-07-16;21:51:00;39.2;143;62;81;97;13;0.93;62.9;31.2;4541;7.6;4;CAPT042;Bonne
M003799;PAT0171;2024-07-09 14:32:00;2024-07-09;14:32:00;37;143;77;95;98;18;1.34;82.2;18.9;6789;5.5;7;CAPT005;Mauvaise
M003800;PAT0189;2024-07-21 20:47:00;2024-07-21;20:47:00;37.4;113;64;78;98;12;1.5;68.3;28.9;6411;9.6;2;CAPT017;Bonne
M003801;PAT0055;2024-04-24 05:29:00;2024-04-24;05:29:00;35.6;136;79;60;97;16;1.38;67.6;22.3;258;6;4;CAPT013;Bonne
M003802;PAT0065;2024-03-31 01:03:00;2024-03-31;01:03:00;36.7;149;91;58;94;17;1.26;49.8;29.6;906;6;0;CAPT017;Bonne
M003803;PAT0117;2024-07-07 04:03:00;2024-07-07;04:03:00;36.5;128;68;97;96;18;2.85;49.6;27.8;5020;7;4;CAPT034;Mauvaise
M003804;PAT0089;2024-12-02 00:51:00;2024-12-02;00:51:00;36.9;109;82;93;94;19;1.17;65.6;19.7;787;4.6;4;CAPT036;Bonne
M003805;PAT0082;2024-02-14 20:16:00;2024-02-14;20:16:00;39.5;146;102;77;94;24;0.73;95.2;32.2;3368;8;3;CAPT033;Bonne
M003806;PAT0122;2024-07-29 22:13:00;2024-07-29;22:13:00;36.2;125;66;65;95;22;1.33;71.9;28;4343;8;7;CAPT050;Bonne
M003807;PAT0072;2024-04-14 17:06:00;2024-04-14;17:06:00;35.5;115;86;90;94;12;0.79;47.2;34.7;7508;8.6;6;CAPT040;Bonne
M003808;PAT0020;2024-09-08 01:02:00;2024-09-08;01:02:00;37;144;62;81;94;22;1.22;52;19.4;3200;4.9;1;CAPT030;Mauvaise
M003809;PAT0168;2024-05-31 18:53:00;2024-05-31;18:53:00;38.6;119;66;91;99;18;1.24;64.9;28.2;1132;5.3;6;CAPT009;Mauvaise
M003810;PAT0122;2024-04-02 11:39:00;2024-04-02;11:39:00;38;116;86;73;95;13;0.71;50.3;19.9;4301;5;6;CAPT021;Bonne
M003811;PAT0129;2024-01-23 09:55:00;2024-01-23;09:55:00;35.5;159;95;69;96;24;1.28;71.6;30.4;5290;8.2;5;CAPT024;Bonne
M003812;PAT0032;2024-08-07 02:00:00;2024-08-07;02:00:00;37.9;108;64;73;98;23;0.85;53.4;33.1;1860;4;5;CAPT026;Moyenne
M003813;PAT0141;2024-05-27 10:51:00;2024-05-27;10:51:00;39.2;128;75;90;94;15;1.11;90.3;19.9;1741;10;1;CAPT016;Bonne
M003814;PAT0040;2024-05-05 02:39:00;2024-05-05;02:39:00;36;139;68;86;94;24;0.73;60.5;31.6;3042;4.3;5;CAPT028;Bonne
M003815;PAT0106;2024-01-23 05:14:00;2024-01-23;05:14:00;36.3;129;65;70;94;21;2.01;49.8;25;7249;5.5;5;CAPT033;Bonne
M003816;PAT0006;2024-03-15 08:29:00;2024-03-15;08:29:00;36.8;171;101;68;95;13;0.99;63.6;25.2;7843;9.6;3;CAPT004;Bonne
M003817;PAT0173;2024-11-18 15:47:00;2024-11-18;15:47:00;35.7;138;66;128;92;14;0.87;70;23.3;2773;3.1;5;CAPT023;Moyenne
M003818;PAT0192;2024-12-16 13:35:00;2024-12-16;13:35:00;37.4;117;84;78;94;22;1.29;68.4;18;5238;6.2;9;CAPT005;Bonne
M003819;PAT0198;2024-04-01 02:44:00;2024-04-01;02:44:00;37.6;141;72;64;99;20;0.75;91.7;25.7;500;7.8;2;CAPT013;Bonne
M003820;PAT0047;2024-07-05 06:36:00;2024-07-05;06:36:00;38.7;169;91;93;99;23;1.38;86.8;33.6;6848;3.1;4;CAPT024;Mauvaise
M003821;PAT0070;2024-10-25 22:20:00;2024-10-25;22:20:00;39.4;100;82;99;98;19;2.42;92.9;25.1;5110;6.3;0;CAPT004;Mauvaise
M003822;PAT0114;2024-04-06 04:55:00;2024-04-06;04:55:00;35.9;141;78;85;97;23;2.54;74;18.5;4354;4.9;5;CAPT026;Bonne
M003823;PAT0175;2024-09-27 10:40:00;2024-09-27;10:40:00;39.2;176;105;98;99;14;0.89;63.2;19.9;3901;3.2;9;CAPT047;Bonne
M003824;PAT0009;2024-11-30 02:20:00;2024-11-30;02:20:00;38.3;119;86;56;98;14;0.91;74.9;18.6;5947;5.2;2;CAPT004;Mauvaise
M003825;PAT0156;2024-05-25 12:49:00;2024-05-25;12:49:00;37;119;64;93;97;22;0.85;58.6;34.7;7798;4.4;8;CAPT016;Bonne
M003826;PAT0002;2024-12-28 11:44:00;2024-12-28;11:44:00;36.7;119;74;79;98;21;0.92;70.6;32.8;3313;3;9;CAPT035;Bonne
M003827;PAT0073;2024-05-14 07:28:00;2024-05-14;07:28:00;39.2;142;76;78;94;18;0.78;46.8;29;7673;3.7;5;CAPT030;Moyenne
M003828;PAT0003;2024-05-18 14:03:00;2024-05-18;14:03:00;35.9;138;62;68;99;20;3.11;55.1;30;2306;9.1;5;CAPT011;Bonne
M003829;PAT0142;2024-04-24 06:58:00;2024-04-24;06:58:00;39.1;167;93;98;97;21;1.33;90.1;30.7;3887;3.6;4;CAPT042;Bonne
M003830;PAT0139;2024-09-27 03:29:00;2024-09-27;03:29:00;37;164;101;60;95;24;0.96;69.4;18.6;446;7.2;0;CAPT032;Bonne
M003831;PAT0190;2024-12-18 18:15:00;2024-12-18;18:15:00;35.6;133;88;84;96;18;0.87;83.6;34.7;7999;7.8;1;CAPT047;Bonne
M003832;PAT0093;2024-10-28 02:49:00;2024-10-28;02:49:00;37;143;71;94;97;19;3.25;87.3;21.2;4490;8;1;CAPT005;Bonne
M003833;PAT0125;2024-07-11 09:41:00;2024-07-11;09:41:00;37.5;127;63;95;96;23;2.55;73.6;30.1;442;4.8;6;CAPT020;Bonne
M003834;PAT0012;2024-12-26 22:51:00;2024-12-26;22:51:00;38;125;88;79;95;15;2.09;96;32.8;461;8.8;0;CAPT048;Bonne
M003835;PAT0086;2024-07-07 14:01:00;2024-07-07;14:01:00;38.2;105;81;71;97;16;1.1;91.9;34.8;5505;9.1;1;CAPT001;Bonne
M003836;PAT0148;2024-04-02 00:30:00;2024-04-02;00:30:00;37.7;157;91;73;94;23;0.88;80.6;25.2;7661;7.6;6;CAPT047;Mauvaise
M003837;PAT0047;2024-10-24 21:52:00;2024-10-24;21:52:00;36.1;145;102;66;96;16;1.02;46.4;20.2;4685;9.5;2;CAPT041;Bonne
M003838;PAT0169;2024-02-03 03:35:00;2024-02-03;03:35:00;37.2;109;79;90;96;21;0.97;92.3;18.3;6928;3.8;8;CAPT039;Bonne
M003839;PAT0057;2024-01-02 18:41:00;2024-01-02;18:41:00;35.8;132;70;67;94;12;1.01;60.3;27.7;6141;8.7;4;CAPT005;Mauvaise
M003840;PAT0168;2024-01-26 06:08:00;2024-01-26;06:08:00;37.5;122;69;87;99;20;1.03;67.3;20.9;7749;3.2;3;CAPT043;Bonne
M003841;PAT0171;2024-08-24 14:52:00;2024-08-24;14:52:00;37.5;115;72;74;97;15;1.18;72.3;18.8;4693;4.9;6;CAPT038;Bonne
M003842;PAT0119;2024-07-16 16:08:00;2024-07-16;16:08:00;39;129;70;57;94;16;0.79;50.5;27.6;2764;6;9;CAPT042;Bonne
M003843;PAT0198;2024-07-24 09:27:00;2024-07-24;09:27:00;35.6;111;67;78;97;13;1.21;72;21.4;3874;5.2;1;CAPT039;Moyenne
M003844;PAT0093;2024-10-15 21:07:00;2024-10-15;21:07:00;39.5;125;81;98;94;17;2.1;90;20.5;688;5.5;1;CAPT008;Moyenne
M003845;PAT0053;2024-05-02 23:53:00;2024-05-02;23:53:00;37.8;140;93;55;98;18;0.96;85.6;25.8;1160;5;8;CAPT034;Bonne
M003846;PAT0172;2024-06-29 01:03:00;2024-06-29;01:03:00;37.5;119;74;90;96;19;1.13;50.8;25.9;7028;4.9;6;CAPT047;Bonne
M003847;PAT0135;2024-08-30 06:23:00;2024-08-30;06:23:00;37.7;108;89;73;99;14;0.99;75.3;30.4;5169;6.4;2;CAPT032;Bonne
M003848;PAT0068;2024-05-24 15:28:00;2024-05-24;15:28:00;37.9;126;82;96;96;19;1.06;65.6;34.7;3964;9.5;1;CAPT043;Bonne
M003849;PAT0174;2024-12-01 17:19:00;2024-12-01;17:19:00;36.4;138;78;114;94;20;1.36;57.9;24.6;1921;7.1;5;CAPT031;Bonne
M003850;PAT0193;2024-06-28 04:49:00;2024-06-28;04:49:00;35.6;117;63;93;95;24;0.79;49.4;21.4;630;7.9;4;CAPT017;Bonne
M003851;PAT0110;2024-03-04 04:24:00;2024-03-04;04:24:00;38.7;119;64;78;96;23;1.15;51.2;19.5;7860;5.9;2;CAPT038;Bonne
M003852;PAT0148;2024-07-08 07:43:00;2024-07-08;07:43:00;35.7;176;87;84;95;18;0.83;79.5;22.2;5832;6.9;4;CAPT036;Bonne
M003853;PAT0056;2024-11-24 12:33:00;2024-11-24;12:33:00;36;128;69;81;96;24;0.73;88.9;30.3;4649;6.3;4;CAPT015;Mauvaise
M003854;PAT0061;2024-06-18 05:27:00;2024-06-18;05:27:00;38.3;114;80;57;99;24;1.96;47.9;28.2;466;4.9;0;CAPT036;Bonne
M003855;PAT0126;2024-09-15 03:07:00;2024-09-15;03:07:00;36.2;112;86;96;97;13;0.88;53.7;28;4553;7.7;4;CAPT013;Mauvaise
M003856;PAT0075;2024-03-03 14:14:00;2024-03-03;14:14:00;37.8;132;79;80;99;20;2.92;54.1;20.2;6720;7.1;9;CAPT006;Moyenne
M003857;PAT0113;2024-09-18 13:21:00;2024-09-18;13:21:00;39.1;123;66;70;98;21;1.15;45.4;22.2;2719;7.6;1;CAPT044;Bonne
M003858;PAT0185;2024-08-12 11:53:00;2024-08-12;11:53:00;38.5;123;72;65;95;21;1.27;80.7;23.4;7336;9.8;8;CAPT045;Bonne
M003859;PAT0170;2024-09-04 18:05:00;2024-09-04;18:05:00;37.3;150;96;71;94;20;1.05;56.2;33.5;3298;7.7;4;CAPT014;Bonne
M003860;PAT0078;2024-04-15 11:15:00;2024-04-15;11:15:00;37.5;123;65;80;95;20;2.67;83.3;19.2;2685;5.3;2;CAPT023;Bonne
M003861;PAT0009;2024-03-13 14:10:00;2024-03-13;14:10:00;35.7;144;81;84;98;15;1.3;59.9;18.6;1028;8.5;3;CAPT025;Moyenne
M003862;PAT0152;2024-07-10 14:41:00;2024-07-10;14:41:00;36.9;140;88;87;94;20;1.19;68;33;2127;4.8;6;CAPT013;Moyenne
M003863;PAT0148;2024-10-01 12:56:00;2024-10-01;12:56:00;38.8;160;89;67;97;12;0.77;70.3;18.1;4575;6.6;8;CAPT021;Bonne
M003864;PAT0084;2024-10-20 08:14:00;2024-10-20;08:14:00;38.6;126;88;98;99;15;0.71;76.9;33.6;3948;4.9;1;CAPT007;Bonne
M003865;PAT0016;2024-02-04 00:19:00;2024-02-04;00:19:00;36.1;107;78;68;99;16;1.25;71.8;30.7;5550;6.3;4;CAPT040;Bonne
M003866;PAT0050;2024-10-26 04:07:00;2024-10-26;04:07:00;39.2;135;60;71;94;15;0.94;45.1;32.5;7680;8.6;1;CAPT033;Bonne
M003867;PAT0140;2024-11-10 13:39:00;2024-11-10;13:39:00;39.1;117;76;63;99;16;1.31;79.2;19.9;4061;9.7;3;CAPT049;Bonne
M003868;PAT0161;2024-07-08 14:20:00;2024-07-08;14:20:00;36.3;142;72;86;94;14;1.11;61.9;26.5;3644;7.4;0;CAPT007;Bonne
M003869;PAT0023;2024-09-12 01:54:00;2024-09-12;01:54:00;36.3;131;84;99;98;16;1.95;70.2;24.7;5462;7.5;1;CAPT027;Bonne
M003870;PAT0074;2024-12-17 05:24:00;2024-12-17;05:24:00;36.2;115;76;59;97;23;1.29;90.8;23.7;4293;5.3;9;CAPT027;Moyenne
M003871;PAT0042;2024-04-01 03:53:00;2024-04-01;03:53:00;36.4;108;84;70;94;15;0.7;84;31.5;1598;7.4;7;CAPT045;Bonne
M003872;PAT0044;2024-05-07 18:18:00;2024-05-07;18:18:00;35.5;128;70;113;89;24;0.8;91;19.4;6763;6.1;8;CAPT043;Bonne
M003873;PAT0076;2024-07-16 12:58:00;2024-07-16;12:58:00;35.7;100;68;58;97;23;0.86;97.3;28.6;3671;5.4;8;CAPT017;Bonne
M003874;PAT0121;2024-12-04 01:26:00;2024-12-04;01:26:00;35.7;134;60;89;99;15;2.78;88.5;33.7;6721;6.7;9;CAPT005;Moyenne
M003875;PAT0014;2024-07-02 03:25:00;2024-07-02;03:25:00;36.3;129;79;86;97;14;2.22;52.3;22.4;5909;8.3;0;CAPT006;Bonne
M003876;PAT0190;2024-03-28 05:18:00;2024-03-28;05:18:00;38;125;75;73;96;23;0.82;71.8;24.8;66;5.7;6;CAPT003;Bonne
M003877;PAT0156;2024-05-09 21:53:00;2024-05-09;21:53:00;35.8;104;75;78;99;14;0.94;85.3;33.4;1701;4.9;2;CAPT013;Bonne
M003878;PAT0056;2024-08-10 12:23:00;2024-08-10;12:23:00;38.4;111;79;65;96;21;1.17;45.7;26.8;2880;9.9;0;CAPT039;Bonne
M003879;PAT0018;2024-08-08 22:48:00;2024-08-08;22:48:00;39;108;64;62;98;16;0.93;75.4;25.5;5856;7.3;6;CAPT043;Bonne
M003880;PAT0096;2024-10-07 05:36:00;2024-10-07;05:36:00;35.7;154;105;99;99;24;1.21;63.1;30.5;998;5.1;1;CAPT012;Bonne
M003881;PAT0044;2024-10-26 03:41:00;2024-10-26;03:41:00;38.2;132;71;92;89;23;0.76;80.8;20.7;7715;7.1;5;CAPT039;Bonne
M003882;PAT0070;2024-05-28 03:18:00;2024-05-28;03:18:00;35.5;110;79;67;96;22;2.36;49.6;31.9;1701;9.7;2;CAPT045;Bonne
M003883;PAT0181;2024-10-22 18:12:00;2024-10-22;18:12:00;37.8;112;69;87;98;17;0.98;60.6;20.9;7156;5.3;9;CAPT001;Bonne
M003884;PAT0031;2024-12-29 00:06:00;2024-12-29;00:06:00;37.3;143;76;78;95;19;1.28;94;20.6;2591;7.3;4;CAPT033;Bonne
M003885;PAT0166;2024-06-06 13:39:00;2024-06-06;13:39:00;39.4;161;109;76;97;20;0.91;73.2;26.8;3690;5.8;9;CAPT040;Bonne
M003886;PAT0077;2024-12-19 17:09:00;2024-12-19;17:09:00;37.4;120;75;63;98;21;1.08;96.7;28.2;2430;4.7;0;CAPT025;Mauvaise
M003887;PAT0118;2024-06-16 19:06:00;2024-06-16;19:06:00;39.2;141;67;96;93;17;1.32;62.2;22.6;2129;7.5;4;CAPT008;Mauvaise
M003888;PAT0081;2024-03-17 23:07:00;2024-03-17;23:07:00;37.7;113;69;87;94;13;1.64;46.4;19.6;6924;4.3;0;CAPT034;Moyenne
M003889;PAT0081;2024-04-21 03:22:00;2024-04-21;03:22:00;37.1;124;81;70;96;18;3.23;93.3;31;1960;9.2;6;CAPT016;Bonne
M003890;PAT0075;2024-05-08 22:00:00;2024-05-08;22:00:00;38.4;132;68;96;98;24;1.62;53.1;30.4;5393;8.1;7;CAPT017;Bonne
M003891;PAT0102;2024-07-20 15:53:00;2024-07-20;15:53:00;35.8;135;89;73;98;12;0.82;58.3;31.3;1844;3.1;2;CAPT009;Bonne
M003892;PAT0081;2024-05-09 05:15:00;2024-05-09;05:15:00;37.6;131;74;65;99;18;1.77;69.3;18.7;7738;6.1;4;CAPT025;Bonne
M003893;PAT0008;2024-03-09 19:58:00;2024-03-09;19:58:00;38.4;141;77;96;88;14;0.92;80.8;28.8;795;7.6;0;CAPT038;Bonne
M003894;PAT0193;2024-11-23 22:58:00;2024-11-23;22:58:00;39.1;136;81;108;93;14;1.07;84;33.5;1760;5.1;4;CAPT035;Bonne
M003895;PAT0180;2024-09-12 15:55:00;2024-09-12;15:55:00;36;109;62;102;93;22;1.31;47.2;29.1;5701;4.2;2;CAPT019;Bonne
M003896;PAT0177;2024-05-03 06:44:00;2024-05-03;06:44:00;35.6;107;86;57;98;16;0.74;88.5;32.5;3422;3.1;4;CAPT044;Bonne
M003897;PAT0194;2024-09-09 04:18:00;2024-09-09;04:18:00;38.7;119;79;56;94;18;1.12;89.2;20.3;6624;4.9;4;CAPT028;Bonne
M003898;PAT0089;2024-02-03 13:47:00;2024-02-03;13:47:00;38.7;105;66;98;95;22;0.9;99.4;28.1;5429;4.5;2;CAPT012;Bonne
M003899;PAT0125;2024-08-10 23:48:00;2024-08-10;23:48:00;38.3;103;78;67;96;14;3.5;57.9;27.4;4513;7.9;8;CAPT015;Mauvaise
M003900;PAT0143;2024-10-09 05:50:00;2024-10-09;05:50:00;39.2;129;88;63;98;13;1.16;76.7;33.4;4927;7.5;5;CAPT043;Mauvaise
M003901;PAT0161;2024-08-23 17:41:00;2024-08-23;17:41:00;37.2;130;62;96;99;21;0.82;46.2;33;6975;8.2;9;CAPT003;Bonne
M003902;PAT0071;2024-04-28 11:57:00;2024-04-28;11:57:00;39.2;130;71;94;94;12;1.62;87.5;21.9;1863;6.6;1;CAPT039;Bonne
M003903;PAT0095;2024-02-06 02:46:00;2024-02-06;02:46:00;37.2;127;65;96;94;23;1.11;76.8;21.2;5620;3.6;8;CAPT013;Moyenne
M003904;PAT0082;2024-12-28 14:46:00;2024-12-28;14:46:00;35.7;169;108;60;94;16;0.87;45.4;26;6716;9;1;CAPT042;Moyenne
M003905;PAT0001;2024-07-10 00:46:00;2024-07-10;00:46:00;37.7;119;85;77;97;21;2.34;95.5;33.3;7349;7;2;CAPT043;Bonne
M003906;PAT0148;2024-07-23 06:50:00;2024-07-23;06:50:00;36.9;157;88;64;96;22;1.13;65.8;25.1;1063;9.7;6;CAPT009;Bonne
M003907;PAT0197;2024-10-06 00:51:00;2024-10-06;00:51:00;36.8;139;71;106;95;18;0.75;76.8;19.2;3214;8.5;2;CAPT017;Bonne
M003908;PAT0142;2024-07-02 08:47:00;2024-07-02;08:47:00;36.2;172;89;94;95;16;0.9;94.5;27.9;6420;5.4;2;CAPT013;Bonne
M003909;PAT0049;2024-06-16 19:04:00;2024-06-16;19:04:00;36.9;114;72;74;96;16;1.2;50.3;25;3161;7.6;8;CAPT023;Mauvaise
M003910;PAT0029;2024-12-26 03:01:00;2024-12-26;03:01:00;37.9;124;63;64;99;14;1.34;72.4;23.8;1362;7.7;8;CAPT028;Bonne
M003911;PAT0059;2024-07-01 23:38:00;2024-07-01;23:38:00;35.5;106;80;92;95;22;0.98;91.9;30.5;440;4.8;9;CAPT032;Mauvaise
M003912;PAT0061;2024-03-13 04:15:00;2024-03-13;04:15:00;36.5;127;73;61;96;15;2.34;68.1;29.9;5077;8.9;6;CAPT030;Bonne
M003913;PAT0011;2024-04-11 21:11:00;2024-04-11;21:11:00;36.4;143;77;66;98;23;1.4;90.4;19.9;2536;6.6;3;CAPT029;Bonne
M003914;PAT0017;2024-09-26 19:41:00;2024-09-26;19:41:00;38.4;143;77;61;94;22;1.32;86.3;24;957;9;4;CAPT044;Bonne
M003915;PAT0114;2024-06-12 04:52:00;2024-06-12;04:52:00;36;108;82;82;94;23;2.91;94.7;25.5;401;5.2;9;CAPT038;Bonne
M003916;PAT0109;2024-09-11 06:04:00;2024-09-11;06:04:00;35.9;109;85;71;96;19;0.87;78.3;34.2;7146;4.7;7;CAPT007;Bonne
M003917;PAT0005;2024-09-14 12:10:00;2024-09-14;12:10:00;39.4;123;86;104;91;22;1.4;48;25.3;3238;8.4;1;CAPT038;Moyenne
M003918;PAT0067;2024-01-14 00:15:00;2024-01-14;00:15:00;38.8;144;82;87;96;24;1.17;74.3;26.7;7885;3.1;0;CAPT046;Bonne
M003919;PAT0107;2024-07-09 22:05:00;2024-07-09;22:05:00;38.2;132;64;109;95;22;0.91;95.5;20.2;2009;6.5;9;CAPT020;Mauvaise
M003920;PAT0020;2024-01-13 17:05:00;2024-01-13;17:05:00;37.3;122;71;78;97;20;1.19;52.4;22.5;834;6;5;CAPT028;Bonne
M003921;PAT0163;2024-09-29 14:41:00;2024-09-29;14:41:00;38.7;115;89;96;94;17;1.09;55.5;30.9;5928;5;0;CAPT039;Moyenne
M003922;PAT0147;2024-01-06 06:42:00;2024-01-06;06:42:00;36;140;79;118;91;23;1.03;46.1;21.2;1343;5.2;4;CAPT032;Bonne
M003923;PAT0066;2024-04-14 09:19:00;2024-04-14;09:19:00;36;107;84;92;94;17;0.85;47.4;24.1;6754;9.1;9;CAPT002;Moyenne
M003924;PAT0076;2024-01-01 02:00:00;2024-01-01;02:00:00;38;104;88;74;97;17;1.29;51.1;20.1;1380;5.4;5;CAPT022;Moyenne
M003925;PAT0191;2024-06-04 04:03:00;2024-06-04;04:03:00;38.4;128;62;91;99;16;1.02;86.8;35;2964;7.8;5;CAPT009;Bonne
M003926;PAT0174;2024-07-01 13:48:00;2024-07-01;13:48:00;38.9;135;86;102;95;22;0.86;83.1;20.2;3159;3.6;2;CAPT025;Bonne
M003927;PAT0200;2024-09-24 19:57:00;2024-09-24;19:57:00;38.5;136;64;57;95;24;0.75;96.8;27.4;6082;8;6;CAPT030;Mauvaise
M003928;PAT0126;2024-08-12 11:55:00;2024-08-12;11:55:00;35.8;142;75;99;95;15;1;72.5;25.9;3371;3.5;4;CAPT014;Bonne
M003929;PAT0156;2024-09-29 18:14:00;2024-09-29;18:14:00;38;132;73;96;96;22;1.08;80.4;31.6;3829;3.3;3;CAPT033;Mauvaise
M003930;PAT0122;2024-05-20 11:07:00;2024-05-20;11:07:00;37.8;127;74;92;95;24;0.86;62.5;30.6;7790;5.9;2;CAPT033;Bonne
M003931;PAT0022;2024-08-21 23:14:00;2024-08-21;23:14:00;36.6;135;94;78;96;13;1.15;74.6;33.3;25;3.2;7;CAPT038;Bonne
M003932;PAT0169;2024-06-08 23:43:00;2024-06-08;23:43:00;35.7;104;60;94;97;16;0.98;79.5;31.5;5502;5.4;0;CAPT032;Bonne
M003933;PAT0082;2024-11-13 06:58:00;2024-11-13;06:58:00;37.8;147;101;67;94;21;1.06;87.2;27.2;6017;5.3;7;CAPT043;Bonne
M003934;PAT0101;2024-01-17 11:57:00;2024-01-17;11:57:00;36.6;133;71;73;95;21;1.2;61.8;21.3;2269;4.6;4;CAPT012;Bonne
M003935;PAT0115;2024-10-15 10:16:00;2024-10-15;10:16:00;35.6;102;76;80;99;19;0.76;67.6;26.8;110;8.9;3;CAPT030;Bonne
M003936;PAT0003;2024-01-28 23:29:00;2024-01-28;23:29:00;39.4;139;65;70;99;14;1.52;49.1;24;6599;6.2;4;CAPT043;Bonne
M003937;PAT0072;2024-12-17 11:22:00;2024-12-17;11:22:00;38.2;124;60;93;96;21;0.83;64.2;23.7;3170;4.5;7;CAPT021;Mauvaise
M003938;PAT0069;2024-01-19 14:48:00;2024-01-19;14:48:00;39.3;122;79;86;96;18;0.9;73.4;28.1;5817;5.9;6;CAPT030;Bonne
M003939;PAT0179;2024-09-26 17:51:00;2024-09-26;17:51:00;37.9;137;91;97;98;16;1.38;93.2;29;5528;9.3;6;CAPT009;Moyenne
M003940;PAT0028;2024-01-17 23:02:00;2024-01-17;23:02:00;37.3;132;64;86;99;24;1.23;52.7;29.3;6953;9.5;4;CAPT002;Mauvaise
M003941;PAT0197;2024-06-07 15:48:00;2024-06-07;15:48:00;39.4;100;69;116;93;19;1.23;99.3;31.3;1907;5.1;2;CAPT007;Bonne
M003942;PAT0177;2024-12-08 15:34:00;2024-12-08;15:34:00;38.3;101;76;85;98;21;1.01;94.1;22.8;5748;9.6;4;CAPT002;Bonne
M003943;PAT0178;2024-10-09 13:26:00;2024-10-09;13:26:00;37.4;102;87;89;95;16;1.39;73.7;22.4;2979;4.9;5;CAPT028;Moyenne
M003944;PAT0033;2024-06-02 15:03:00;2024-06-02;15:03:00;38.3;172;87;57;96;13;1.24;76;25;1215;3.6;2;CAPT002;Moyenne
M003945;PAT0031;2024-08-26 00:14:00;2024-08-26;00:14:00;36.5;138;81;92;96;14;1.05;62.9;31.2;3051;7.9;4;CAPT043;Bonne
M003946;PAT0076;2024-01-15 14:15:00;2024-01-15;14:15:00;36;126;76;90;94;19;0.86;91.2;29.2;4002;8.4;4;CAPT037;Moyenne
M003947;PAT0158;2024-12-02 08:38:00;2024-12-02;08:38:00;38.7;158;109;93;95;19;1.31;82.4;30.8;6567;7.5;1;CAPT004;Bonne
M003948;PAT0067;2024-04-26 16:06:00;2024-04-26;16:06:00;38.7;144;85;55;96;18;1.26;69.3;28.1;3465;8.2;1;CAPT038;Bonne
M003949;PAT0147;2024-07-25 18:10:00;2024-07-25;18:10:00;36.6;136;75;112;89;22;0.8;46.2;32.5;3694;3.8;8;CAPT044;Bonne
M003950;PAT0050;2024-09-18 13:49:00;2024-09-18;13:49:00;39.4;132;68;65;98;17;0.74;58.5;22.2;3997;8.7;7;CAPT023;Bonne
M003951;PAT0177;2024-07-09 03:32:00;2024-07-09;03:32:00;38.6;129;77;66;97;15;0.97;54.1;24.2;6456;3.6;5;CAPT031;Bonne
M003952;PAT0015;2024-05-18 07:57:00;2024-05-18;07:57:00;38.5;110;81;78;99;18;0.72;59.9;30.4;2679;4.1;0;CAPT025;Bonne
M003953;PAT0175;2024-01-15 22:21:00;2024-01-15;22:21:00;36.3;162;88;71;97;17;1.03;52.6;19.6;3030;7.5;5;CAPT010;Mauvaise
M003954;PAT0053;2024-06-21 08:06:00;2024-06-21;08:06:00;38;178;107;96;99;13;0.79;51.2;32.2;3621;9.3;4;CAPT041;Bonne
M003955;PAT0036;2024-01-06 15:06:00;2024-01-06;15:06:00;36.5;144;82;86;99;14;0.72;67.1;27.9;1214;3.4;6;CAPT003;Moyenne
M003956;PAT0093;2024-03-31 02:43:00;2024-03-31;02:43:00;36.7;121;82;58;98;24;3.2;54;32.7;5727;8.5;9;CAPT029;Bonne
M003957;PAT0168;2024-05-05 23:48:00;2024-05-05;23:48:00;37;139;82;99;95;24;1.39;56;22.5;7852;4;7;CAPT050;Bonne
M003958;PAT0109;2024-07-28 03:43:00;2024-07-28;03:43:00;36.8;101;76;98;95;18;0.78;87;27.7;6053;7.3;4;CAPT018;Bonne
M003959;PAT0189;2024-12-25 02:34:00;2024-12-25;02:34:00;36.6;124;68;82;99;24;1.53;90.5;23.3;3006;6.1;2;CAPT050;Mauvaise
M003960;PAT0082;2024-03-19 12:33:00;2024-03-19;12:33:00;36;154;89;93;97;18;1.07;80.3;24.3;4286;6.7;9;CAPT018;Moyenne
M003961;PAT0157;2024-12-02 09:02:00;2024-12-02;09:02:00;36.2;136;74;63;96;23;1.11;55.5;21.3;972;6.9;1;CAPT038;Bonne
M003962;PAT0059;2024-09-18 01:44:00;2024-09-18;01:44:00;36.3;108;69;59;99;22;1.28;81.8;33.9;5397;5.3;1;CAPT042;Bonne
M003963;PAT0044;2024-01-16 10:01:00;2024-01-16;10:01:00;39.2;127;79;113;95;16;1.06;72.3;18.8;7194;6.5;7;CAPT043;Bonne
M003964;PAT0131;2024-12-17 20:52:00;2024-12-17;20:52:00;37.3;125;81;69;98;15;0.76;56.7;22.4;1097;8.5;2;CAPT019;Bonne
M003965;PAT0034;2024-05-23 22:44:00;2024-05-23;22:44:00;37.4;109;63;58;99;21;0.95;71.9;22.3;7399;8.5;7;CAPT018;Bonne
M003966;PAT0145;2024-10-27 07:02:00;2024-10-27;07:02:00;36.7;137;76;55;99;14;0.97;60.5;18.9;3505;6;0;CAPT025;Bonne
M003967;PAT0146;2024-09-18 04:24:00;2024-09-18;04:24:00;36.7;178;96;60;96;12;1.07;68.9;34.3;2580;7.7;7;CAPT024;Bonne
M003968;PAT0094;2024-09-11 14:37:00;2024-09-11;14:37:00;36.4;129;70;109;89;20;1.26;93.7;35;6971;5.5;8;CAPT042;Mauvaise
M003969;PAT0075;2024-07-13 00:37:00;2024-07-13;00:37:00;35.9;139;67;57;97;16;2.7;51.7;33.1;2179;4.8;6;CAPT030;Bonne
M003970;PAT0041;2024-05-09 11:46:00;2024-05-09;11:46:00;36.3;142;83;126;92;22;1.3;68.9;19.6;2724;6;7;CAPT037;Bonne
M003971;PAT0158;2024-04-23 04:53:00;2024-04-23;04:53:00;38;163;101;65;96;13;1.3;58.9;18.5;1819;6.9;9;CAPT026;Bonne
M003972;PAT0035;2024-02-23 22:30:00;2024-02-23;22:30:00;36.7;124;60;71;94;12;0.95;51.8;24.7;472;3.4;0;CAPT009;Bonne
M003973;PAT0096;2024-04-28 23:43:00;2024-04-28;23:43:00;39.4;143;109;58;94;24;0.74;87.7;23.1;6733;7.7;5;CAPT039;Moyenne
M003974;PAT0131;2024-05-12 08:09:00;2024-05-12;08:09:00;37.3;140;80;58;95;14;1.35;76.5;20.6;7540;9.5;8;CAPT028;Mauvaise
M003975;PAT0024;2024-09-12 18:58:00;2024-09-12;18:58:00;36.6;115;76;72;95;16;3.01;67.8;22.5;7026;9.5;5;CAPT020;Bonne
M003976;PAT0155;2024-06-30 22:39:00;2024-06-30;22:39:00;36.9;110;67;96;94;17;1.19;70.1;26.6;6013;3.8;4;CAPT029;Bonne
M003977;PAT0186;2024-02-25 15:45:00;2024-02-25;15:45:00;39;121;75;72;98;12;0.84;82.5;32.7;2770;8.6;9;CAPT029;Bonne
M003978;PAT0187;2024-04-27 04:54:00;2024-04-27;04:54:00;36.1;112;82;78;96;13;0.77;82.6;33.3;1221;4.1;4;CAPT039;Bonne
M003979;PAT0054;2024-12-06 04:30:00;2024-12-06;04:30:00;37;108;71;90;97;18;0.98;70.4;33.6;922;4.9;7;CAPT002;Bonne
M003980;PAT0197;2024-01-21 08:46:00;2024-01-21;08:46:00;39.2;134;86;110;88;24;1.17;63.5;24.2;3015;3.6;1;CAPT036;Bonne
M003981;PAT0097;2024-02-10 03:01:00;2024-02-10;03:01:00;36.9;157;93;55;98;15;0.86;96.6;30;4406;8.6;8;CAPT035;Mauvaise
M003982;PAT0184;2024-01-20 15:49:00;2024-01-20;15:49:00;38.1;137;62;74;96;24;1.12;82.4;23.8;4112;5.5;5;CAPT034;Bonne
M003983;PAT0184;2024-08-14 13:31:00;2024-08-14;13:31:00;37.4;142;88;56;98;19;1.36;60;21.5;4941;4.5;1;CAPT045;Bonne
M003984;PAT0068;2024-04-27 20:56:00;2024-04-27;20:56:00;37.3;107;66;67;95;19;0.85;85.2;20.3;6714;6.1;2;CAPT014;Bonne
M003985;PAT0156;2024-10-23 05:05:00;2024-10-23;05:05:00;38.8;101;81;91;96;12;0.99;64;18.7;4966;4;1;CAPT001;Mauvaise
M003986;PAT0126;2024-03-25 02:16:00;2024-03-25;02:16:00;36.3;138;87;71;94;17;1.01;79.5;22.3;6067;10;3;CAPT034;Bonne
M003987;PAT0099;2024-10-18 21:50:00;2024-10-18;21:50:00;37;111;89;110;89;16;1.37;88.5;32.1;5649;4.5;3;CAPT032;Bonne
M003988;PAT0018;2024-07-01 15:15:00;2024-07-01;15:15:00;35.9;105;65;63;97;24;0.95;46.4;21.1;3293;6.9;4;CAPT036;Bonne
M003989;PAT0050;2024-08-20 07:01:00;2024-08-20;07:01:00;38.2;137;77;67;96;21;0.75;76.3;24.1;2371;6.3;8;CAPT014;Bonne
M003990;PAT0060;2024-04-26 03:08:00;2024-04-26;03:08:00;37.9;111;74;80;98;21;2.27;99.4;33.1;2441;4.9;9;CAPT006;Bonne
M003991;PAT0190;2024-06-23 01:57:00;2024-06-23;01:57:00;39.4;120;62;61;95;22;0.92;53.8;29.7;5947;7.7;2;CAPT024;Bonne
M003992;PAT0156;2024-12-22 00:33:00;2024-12-22;00:33:00;36.1;131;74;99;97;21;1.15;74.9;18.3;1399;7.3;7;CAPT031;Bonne
M003993;PAT0039;2024-10-14 20:40:00;2024-10-14;20:40:00;37.4;139;75;88;94;19;0.82;92.9;34;5642;3.8;9;CAPT038;Bonne
M003994;PAT0193;2024-06-26 05:15:00;2024-06-26;05:15:00;37.9;142;77;115;92;24;1.38;80.4;23.5;174;5.9;7;CAPT003;Bonne
M003995;PAT0034;2024-02-08 10:51:00;2024-02-08;10:51:00;38;100;66;98;96;19;0.86;87.9;28.6;4201;8.1;2;CAPT023;Bonne
M003996;PAT0030;2024-08-16 19:01:00;2024-08-16;19:01:00;36.3;172;95;79;98;14;1.02;55.8;31.9;4817;6.9;8;CAPT035;Bonne
M003997;PAT0015;2024-01-02 19:18:00;2024-01-02;19:18:00;39.3;128;75;94;95;17;1.26;70.6;18.2;5548;9.7;4;CAPT047;Bonne
M003998;PAT0072;2024-04-23 00:03:00;2024-04-23;00:03:00;37.3;133;80;66;94;17;0.79;79.4;25.2;230;7.5;5;CAPT034;Bonne
M003999;PAT0180;2024-06-15 10:43:00;2024-06-15;10:43:00;37.7;103;80;98;92;21;1.25;97.2;18.1;7022;5.4;7;CAPT049;Moyenne
M004000;PAT0025;2024-01-23 09:39:00;2024-01-23;09:39:00;38.8;138;89;61;99;24;0.91;69.1;33.3;4914;5.7;9;CAPT040;Bonne
M004001;PAT0075;2024-03-06 14:11:00;2024-03-06;14:11:00;37.5;131;73;89;96;21;2.76;97.5;19.8;5308;9.4;0;CAPT019;Moyenne
M004002;PAT0197;2024-01-21 09:50:00;2024-01-21;09:50:00;39.4;133;87;94;95;21;1.18;57.4;27.4;6559;8.4;3;CAPT021;Bonne
M004003;PAT0012;2024-12-18 08:58:00;2024-12-18;08:58:00;37.1;132;81;95;96;13;2.77;50.8;32.9;2165;4.8;2;CAPT013;Moyenne
M004004;PAT0076;2024-04-13 18:57:00;2024-04-13;18:57:00;36.6;127;72;66;99;23;1.12;68.4;32.9;1665;9.6;2;CAPT049;Mauvaise
M004005;PAT0097;2024-01-18 14:35:00;2024-01-18;14:35:00;39.1;168;103;63;97;12;1.01;75.8;32.9;5786;5.9;1;CAPT033;Moyenne
M004006;PAT0189;2024-12-22 11:34:00;2024-12-22;11:34:00;36.8;130;84;70;96;17;3.12;59.9;19.3;2061;8.3;5;CAPT004;Bonne
M004007;PAT0102;2024-08-11 14:41:00;2024-08-11;14:41:00;36.1;142;63;80;97;20;1.15;68.6;34.1;4840;6.5;0;CAPT040;Bonne
M004008;PAT0061;2024-08-18 17:39:00;2024-08-18;17:39:00;39.1;140;64;58;95;15;2.7;56.9;26;5777;3.5;8;CAPT011;Moyenne
M004009;PAT0072;2024-02-26 13:47:00;2024-02-26;13:47:00;36.6;134;81;95;94;23;1.1;82.2;28.2;5212;10;4;CAPT017;Moyenne
M004010;PAT0064;2024-08-12 17:00:00;2024-08-12;17:00:00;36.6;120;66;61;98;18;1.39;45.2;18.7;1255;7.4;4;CAPT013;Bonne
M004011;PAT0100;2024-09-17 14:23:00;2024-09-17;14:23:00;37.1;140;84;120;94;23;0.94;76.9;34.8;3429;9.3;4;CAPT038;Bonne
M004012;PAT0036;2024-04-22 21:46:00;2024-04-22;21:46:00;36.1;100;81;84;95;19;1.23;97.4;34.4;4983;8.4;9;CAPT008;Bonne
M004013;PAT0037;2024-09-04 05:04:00;2024-09-04;05:04:00;36.1;114;78;64;96;23;0.95;58.7;18.5;2575;8.5;3;CAPT030;Bonne
M004014;PAT0169;2024-10-21 11:50:00;2024-10-21;11:50:00;37.8;108;67;64;98;24;1.05;65.2;20.4;4561;5.1;7;CAPT022;Bonne
M004015;PAT0199;2024-01-11 00:37:00;2024-01-11;00:37:00;37.7;118;69;98;99;17;0.97;84.8;18;7540;9.1;7;CAPT032;Moyenne
M004016;PAT0138;2024-11-30 19:02:00;2024-11-30;19:02:00;38.3;106;65;87;98;19;0.85;56.3;21.4;4261;9.4;0;CAPT005;Bonne
M004017;PAT0063;2024-07-26 10:41:00;2024-07-26;10:41:00;36.3;136;88;65;97;16;1.28;77.4;23.5;1599;8.1;2;CAPT035;Bonne
M004018;PAT0069;2024-12-13 19:54:00;2024-12-13;19:54:00;37.3;140;65;56;95;13;1.13;84.6;25.5;7413;9.8;7;CAPT048;Moyenne
M004019;PAT0128;2024-08-06 01:01:00;2024-08-06;01:01:00;37.5;115;87;119;88;15;1.26;96.6;19.7;4259;4.9;3;CAPT016;Bonne
M004020;PAT0064;2024-01-17 01:50:00;2024-01-17;01:50:00;36.6;123;77;81;98;13;1.31;77.5;30.4;4878;7.6;7;CAPT020;Moyenne
M004021;PAT0073;2024-10-13 14:05:00;2024-10-13;14:05:00;38.1;122;62;84;96;23;0.84;80;32.4;2012;5.7;6;CAPT033;Bonne
M004022;PAT0180;2024-04-05 02:58:00;2024-04-05;02:58:00;36.9;140;88;95;90;18;1.02;71.3;26.3;2334;5.1;4;CAPT001;Bonne
M004023;PAT0190;2024-07-10 16:27:00;2024-07-10;16:27:00;37.2;143;68;76;97;24;0.93;73.8;22.9;2785;6.8;2;CAPT032;Bonne
M004024;PAT0079;2024-03-28 15:32:00;2024-03-28;15:32:00;36.9;127;85;88;96;19;1.35;57.9;19.1;5875;3.8;3;CAPT047;Mauvaise
M004025;PAT0155;2024-08-28 05:26:00;2024-08-28;05:26:00;36.3;136;63;66;96;20;1.05;59.2;27.7;1501;3.6;4;CAPT011;Mauvaise
M004026;PAT0035;2024-04-22 18:55:00;2024-04-22;18:55:00;37.8;133;66;82;97;24;0.84;89.1;33.2;1828;8.7;3;CAPT011;Mauvaise
M004027;PAT0032;2024-01-13 00:29:00;2024-01-13;00:29:00;38.3;138;69;77;97;15;0.92;51.8;32.6;1235;4;1;CAPT045;Bonne
M004028;PAT0002;2024-05-19 16:16:00;2024-05-19;16:16:00;39.2;140;76;69;99;24;0.9;64.3;25.7;185;8.6;6;CAPT005;Bonne
M004029;PAT0094;2024-12-07 08:07:00;2024-12-07;08:07:00;38.4;121;81;105;88;21;1.28;70.6;29.8;284;5.7;3;CAPT019;Bonne
M004030;PAT0081;2024-10-28 07:36:00;2024-10-28;07:36:00;35.8;143;88;59;97;12;2.16;50.4;29.7;2921;8.2;5;CAPT024;Bonne
M004031;PAT0113;2024-09-08 21:28:00;2024-09-08;21:28:00;38.5;137;71;56;98;17;1.16;67;24.3;2387;6.3;9;CAPT028;Mauvaise
M004032;PAT0099;2024-05-08 15:25:00;2024-05-08;15:25:00;35.7;107;87;104;94;13;0.98;64.4;18.1;1351;7.7;4;CAPT022;Mauvaise
M004033;PAT0165;2024-08-11 09:21:00;2024-08-11;09:21:00;39;106;80;72;97;23;0.8;96;19.2;1547;5.5;3;CAPT019;Bonne
M004034;PAT0147;2024-09-22 15:33:00;2024-09-22;15:33:00;36;105;80;99;90;12;1.14;75.7;26.3;3664;4;2;CAPT024;Bonne
M004035;PAT0077;2024-03-13 05:00:00;2024-03-13;05:00:00;37.2;117;69;95;96;19;1.22;82.8;27.4;673;7.8;4;CAPT027;Bonne
M004036;PAT0156;2024-10-01 14:50:00;2024-10-01;14:50:00;38.2;109;67;72;94;21;0.82;80.5;25.3;6696;7.8;3;CAPT003;Bonne
M004037;PAT0016;2024-09-02 04:19:00;2024-09-02;04:19:00;37.2;109;76;57;98;14;0.97;97.8;21.4;1522;3.3;9;CAPT011;Bonne
M004038;PAT0023;2024-01-29 06:05:00;2024-01-29;06:05:00;37.7;124;77;71;95;19;1.79;55.4;27.6;3772;9.3;2;CAPT016;Bonne
M004039;PAT0006;2024-02-25 03:51:00;2024-02-25;03:51:00;39;145;95;66;94;19;1.33;59.5;18.4;7;5.5;7;CAPT033;Bonne
M004040;PAT0137;2024-09-24 15:20:00;2024-09-24;15:20:00;37;135;76;99;98;14;0.93;83.3;24;3592;7;3;CAPT007;Mauvaise
M004041;PAT0088;2024-04-08 13:38:00;2024-04-08;13:38:00;37.3;154;103;73;98;12;0.75;58.9;25.7;132;9.7;7;CAPT014;Moyenne
M004042;PAT0082;2024-08-19 18:56:00;2024-08-19;18:56:00;37.7;160;96;79;97;12;0.75;80.8;25.8;1261;9.5;1;CAPT043;Bonne
M004043;PAT0062;2024-07-22 13:58:00;2024-07-22;13:58:00;38;132;86;69;97;24;0.93;98.5;22.2;5043;9.9;1;CAPT035;Moyenne
M004044;PAT0183;2024-06-30 22:56:00;2024-06-30;22:56:00;38.5;118;84;94;97;23;1.26;69.1;22.3;1385;6.2;8;CAPT035;Mauvaise
M004045;PAT0037;2024-12-15 12:57:00;2024-12-15;12:57:00;35.7;136;87;97;99;20;0.93;51.7;28.5;7693;7.1;2;CAPT008;Bonne
M004046;PAT0199;2024-08-09 04:16:00;2024-08-09;04:16:00;38.9;125;80;95;95;17;1.28;96.4;23.2;4628;6.3;8;CAPT046;Mauvaise
M004047;PAT0044;2024-07-20 21:59:00;2024-07-20;21:59:00;37.6;139;82;118;89;21;1.11;52.6;26.9;68;5.5;4;CAPT008;Bonne
M004048;PAT0125;2024-08-22 06:27:00;2024-08-22;06:27:00;37.4;133;73;95;95;21;3.42;85;28.3;6715;9.9;9;CAPT006;Bonne
M004049;PAT0002;2024-09-10 02:38:00;2024-09-10;02:38:00;38.5;110;70;89;96;19;0.79;82.4;34.9;2933;5.2;0;CAPT047;Moyenne
M004050;PAT0190;2024-03-06 00:12:00;2024-03-06;00:12:00;37.7;113;62;99;95;17;1.17;81.3;20.7;5641;9.4;0;CAPT008;Bonne
M004051;PAT0199;2024-07-06 20:04:00;2024-07-06;20:04:00;37.8;103;74;87;94;21;1.3;79.9;33.3;2374;8.1;0;CAPT025;Bonne
M004052;PAT0044;2024-05-18 13:44:00;2024-05-18;13:44:00;36.2;116;74;105;94;14;1.28;47;24.6;7410;6;2;CAPT014;Bonne
M004053;PAT0162;2024-11-04 06:43:00;2024-11-04;06:43:00;36.9;175;87;80;97;15;1.25;73.7;22.9;5200;8.1;4;CAPT025;Moyenne
M004054;PAT0033;2024-12-10 17:05:00;2024-12-10;17:05:00;39.3;160;88;69;96;21;0.93;45.8;18.9;3661;6.5;7;CAPT021;Bonne
M004055;PAT0153;2024-05-25 02:43:00;2024-05-25;02:43:00;36.6;142;61;73;96;15;1.23;53.8;20.4;1674;5;1;CAPT020;Moyenne
M004056;PAT0049;2024-06-26 01:31:00;2024-06-26;01:31:00;36.6;143;60;92;96;12;1.23;45.8;34.2;1762;7.2;0;CAPT048;Bonne
M004057;PAT0064;2024-09-20 01:54:00;2024-09-20;01:54:00;37.8;137;66;79;98;15;1.36;96.7;27.6;6469;8.5;0;CAPT002;Bonne
M004058;PAT0036;2024-01-03 09:59:00;2024-01-03;09:59:00;38.7;133;67;63;97;12;0.89;49.7;33.4;4710;3.1;9;CAPT031;Bonne
M004059;PAT0025;2024-03-30 07:43:00;2024-03-30;07:43:00;36.8;178;105;74;99;12;1.17;82.9;34;7650;3.9;6;CAPT032;Bonne
M004060;PAT0122;2024-04-22 15:27:00;2024-04-22;15:27:00;36.9;143;68;55;97;13;1.14;59.1;24.8;2977;6.1;0;CAPT029;Bonne
M004061;PAT0092;2024-04-25 10:20:00;2024-04-25;10:20:00;36.7;101;63;79;96;14;1.03;96;22.9;6846;9.6;7;CAPT012;Moyenne
M004062;PAT0100;2024-02-24 10:57:00;2024-02-24;10:57:00;38.2;125;80;107;90;24;0.98;76.9;31.6;434;7;7;CAPT009;Mauvaise
M004063;PAT0156;2024-08-24 22:03:00;2024-08-24;22:03:00;38.8;111;84;65;96;18;0.89;97.9;23.9;1440;9.5;5;CAPT007;Bonne
M004064;PAT0054;2024-04-23 20:15:00;2024-04-23;20:15:00;37.8;105;69;83;95;24;1.32;69;26;824;9;2;CAPT035;Bonne
M004065;PAT0157;2024-06-18 16:11:00;2024-06-18;16:11:00;39.1;137;83;67;97;17;1.15;89.7;26;6432;4.5;8;CAPT037;Bonne
M004066;PAT0018;2024-11-04 19:55:00;2024-11-04;19:55:00;35.7;142;72;87;96;23;1.28;69.7;19.9;4916;7.2;3;CAPT010;Bonne
M004067;PAT0114;2024-05-04 18:44:00;2024-05-04;18:44:00;38.7;124;76;91;96;14;2;62.3;29.4;3434;3.6;1;CAPT019;Bonne
M004068;PAT0047;2024-02-15 13:43:00;2024-02-15;13:43:00;36.2;140;103;55;95;19;0.76;54.8;32.2;2815;7.9;2;CAPT042;Bonne
M004069;PAT0185;2024-11-02 02:02:00;2024-11-02;02:02:00;35.5;140;80;96;96;17;1.17;60.2;22.3;921;5.8;2;CAPT014;Bonne
M004070;PAT0101;2024-05-08 06:52:00;2024-05-08;06:52:00;36.1;119;83;75;97;17;0.89;87.8;31.7;5209;5.9;3;CAPT006;Mauvaise
M004071;PAT0065;2024-12-19 22:00:00;2024-12-19;22:00:00;38;144;96;87;99;24;0.8;70.5;20.6;2127;9.4;0;CAPT029;Bonne
M004072;PAT0102;2024-05-02 10:10:00;2024-05-02;10:10:00;37.3;118;87;94;95;21;1.2;47.6;28.7;2097;9.3;9;CAPT029;Bonne
M004073;PAT0140;2024-09-03 03:03:00;2024-09-03;03:03:00;37.9;103;60;97;96;16;0.92;57;27.2;4061;5.6;9;CAPT003;Bonne
M004074;PAT0004;2024-01-23 01:42:00;2024-01-23;01:42:00;37.2;101;83;68;94;21;0.73;79.9;20.4;4108;6.6;0;CAPT028;Bonne
M004075;PAT0166;2024-08-16 10:18:00;2024-08-16;10:18:00;37.1;138;103;55;97;22;1.37;75.3;20.1;2316;4.2;1;CAPT043;Bonne
M004076;PAT0080;2024-11-30 00:15:00;2024-11-30;00:15:00;36.7;132;73;105;95;21;1.37;89.2;28.8;6815;4.5;1;CAPT046;Moyenne
M004077;PAT0074;2024-06-30 20:50:00;2024-06-30;20:50:00;39.4;102;63;61;98;20;1.27;81.9;32.5;4738;6.7;0;CAPT050;Bonne
M004078;PAT0017;2024-07-29 23:12:00;2024-07-29;23:12:00;36.8;109;74;55;97;22;0.93;70.6;26.4;7541;5.2;4;CAPT049;Bonne
M004079;PAT0018;2024-09-20 11:06:00;2024-09-20;11:06:00;38.7;138;62;61;94;19;1.27;91.4;26.5;6754;7;9;CAPT025;Bonne
M004080;PAT0092;2024-10-16 11:58:00;2024-10-16;11:58:00;37.8;144;89;94;95;18;1.19;63;25;1530;3.3;9;CAPT041;Bonne
M004081;PAT0197;2024-04-27 22:14:00;2024-04-27;22:14:00;37.3;110;71;102;95;12;1.34;62.3;21.1;7223;8.9;0;CAPT048;Bonne
M004082;PAT0070;2024-11-22 04:05:00;2024-11-22;04:05:00;35.5;108;79;64;98;20;2.39;53.8;34.5;1056;3.9;7;CAPT006;Bonne
M004083;PAT0188;2024-06-29 15:58:00;2024-06-29;15:58:00;37.9;138;77;102;94;18;0.89;65.3;30.2;1944;6.2;1;CAPT009;Moyenne
M004084;PAT0059;2024-07-30 01:17:00;2024-07-30;01:17:00;35.8;120;69;95;96;14;1.04;52.9;25.3;2618;4.5;9;CAPT012;Moyenne
M004085;PAT0159;2024-01-24 17:04:00;2024-01-24;17:04:00;36.4;101;78;84;95;19;1.29;71.8;21;1476;6.9;5;CAPT008;Bonne
M004086;PAT0005;2024-04-12 11:40:00;2024-04-12;11:40:00;38.5;114;87;125;90;19;1.13;62.1;34.6;7080;4.3;7;CAPT010;Bonne
M004087;PAT0043;2024-07-08 01:05:00;2024-07-08;01:05:00;38.4;111;82;62;99;22;2.6;82.1;34.1;4625;5.1;3;CAPT026;Bonne
M004088;PAT0035;2024-01-14 14:51:00;2024-01-14;14:51:00;37.2;100;72;56;98;17;1.09;80.6;28.1;3264;5.3;2;CAPT039;Moyenne
M004089;PAT0014;2024-08-27 17:59:00;2024-08-27;17:59:00;36.3;141;71;71;98;18;3.32;99.9;23;5659;6.5;2;CAPT030;Mauvaise
M004090;PAT0176;2024-01-26 14:32:00;2024-01-26;14:32:00;36.1;114;76;98;99;24;1.14;61.7;25.3;579;5.7;0;CAPT039;Bonne
M004091;PAT0080;2024-04-23 13:59:00;2024-04-23;13:59:00;38.2;103;72;109;94;13;1.18;45.3;34.5;703;7.4;0;CAPT014;Bonne
M004092;PAT0133;2024-03-22 21:47:00;2024-03-22;21:47:00;36.9;136;71;79;99;18;0.99;85.1;27;35;5.3;7;CAPT012;Bonne
M004093;PAT0086;2024-08-06 05:36:00;2024-08-06;05:36:00;37.4;121;87;92;95;16;1.25;55.1;24.5;4653;8.3;1;CAPT010;Bonne
M004094;PAT0054;2024-03-14 10:28:00;2024-03-14;10:28:00;38.4;137;70;56;94;20;1.27;53.7;22.2;256;9.6;4;CAPT046;Mauvaise
M004095;PAT0106;2024-11-06 22:10:00;2024-11-06;22:10:00;37.4;104;64;70;99;13;3.32;48;29.6;6250;6.3;0;CAPT013;Bonne
M004096;PAT0200;2024-05-03 08:40:00;2024-05-03;08:40:00;36.5;117;63;85;94;16;1.17;93.3;25.3;227;5.8;9;CAPT003;Bonne
M004097;PAT0091;2024-06-01 19:46:00;2024-06-01;19:46:00;38.5;119;81;84;95;12;0.77;49.8;18.8;2590;5.6;1;CAPT033;Mauvaise
M004098;PAT0102;2024-10-08 12:48:00;2024-10-08;12:48:00;38.5;140;65;92;96;20;0.82;73.6;26.9;443;6.3;3;CAPT040;Bonne
M004099;PAT0044;2024-05-08 19:57:00;2024-05-08;19:57:00;39.4;143;74;128;88;17;0.89;93.9;30.8;6577;7.8;5;CAPT049;Mauvaise
M004100;PAT0167;2024-11-14 11:05:00;2024-11-14;11:05:00;37.6;143;99;74;96;22;1.17;68.5;30;2916;5.9;2;CAPT006;Bonne
M004101;PAT0059;2024-05-19 01:54:00;2024-05-19;01:54:00;37.7;133;61;90;96;20;1.17;74.7;29.8;3293;4.6;6;CAPT007;Bonne
M004102;PAT0140;2024-01-15 03:25:00;2024-01-15;03:25:00;37.8;125;71;78;94;14;0.87;55.5;26;4587;7.1;9;CAPT009;Bonne
M004103;PAT0166;2024-04-14 15:31:00;2024-04-14;15:31:00;37.9;167;94;84;95;15;1.28;88.2;28.7;2684;7.3;5;CAPT001;Moyenne
M004104;PAT0024;2024-03-21 05:59:00;2024-03-21;05:59:00;38.7;137;74;56;98;18;2.98;49.2;21.7;6261;6.5;2;CAPT024;Bonne
M004105;PAT0047;2024-11-17 04:15:00;2024-11-17;04:15:00;37.8;171;108;97;98;23;0.72;65;21.7;5241;9.5;2;CAPT016;Mauvaise
M004106;PAT0102;2024-12-17 06:43:00;2024-12-17;06:43:00;35.8;102;61;92;99;12;1.15;87.2;28.1;6311;4.2;0;CAPT011;Bonne
M004107;PAT0125;2024-05-05 03:35:00;2024-05-05;03:35:00;37.9;114;77;99;94;19;1.3;68.5;21.2;6012;8.8;3;CAPT012;Bonne
M004108;PAT0160;2024-01-10 07:06:00;2024-01-10;07:06:00;38.2;112;73;69;99;12;0.94;70.1;28.8;6214;5.8;0;CAPT037;Bonne
M004109;PAT0179;2024-01-04 22:00:00;2024-01-04;22:00:00;38.3;172;89;98;95;14;1.18;81.1;28.9;3253;8.3;3;CAPT006;Bonne
M004110;PAT0119;2024-06-24 06:52:00;2024-06-24;06:52:00;38.5;137;63;69;94;16;0.96;96.6;32.4;4439;6.7;5;CAPT017;Bonne
M004111;PAT0056;2024-09-18 15:07:00;2024-09-18;15:07:00;37;135;85;95;96;17;1.25;49;22.8;3507;6.4;0;CAPT028;Bonne
M004112;PAT0159;2024-08-26 20:03:00;2024-08-26;20:03:00;39.1;129;64;57;97;24;0.78;82.9;25.7;4024;3.9;6;CAPT010;Bonne
M004113;PAT0137;2024-01-17 08:03:00;2024-01-17;08:03:00;35.7;114;78;70;99;18;1.38;58.1;34.9;1255;8;4;CAPT001;Bonne
M004114;PAT0140;2024-04-13 09:40:00;2024-04-13;09:40:00;38.4;136;62;84;94;18;1.35;80.3;21;1904;4.4;9;CAPT008;Moyenne
M004115;PAT0098;2024-01-07 00:23:00;2024-01-07;00:23:00;38.9;121;73;77;97;22;1.17;92.9;21.6;224;4.9;2;CAPT005;Moyenne
M004116;PAT0140;2024-12-15 23:48:00;2024-12-15;23:48:00;36.9;133;73;91;96;23;0.86;84.1;24.5;811;5.5;4;CAPT042;Bonne
M004117;PAT0011;2024-02-15 07:07:00;2024-02-15;07:07:00;35.9;132;62;65;98;17;1.32;70.7;23.9;246;5;9;CAPT034;Mauvaise
M004118;PAT0191;2024-07-16 15:43:00;2024-07-16;15:43:00;35.6;136;70;95;98;23;0.85;86.2;19.4;7728;6.1;4;CAPT008;Bonne
M004119;PAT0029;2024-08-27 23:34:00;2024-08-27;23:34:00;37.1;107;82;86;98;17;1.26;52.5;28.2;2735;4.3;3;CAPT007;Mauvaise
M004120;PAT0086;2024-07-22 08:48:00;2024-07-22;08:48:00;36.2;117;82;83;95;24;0.83;69.3;31.3;6415;4.2;5;CAPT003;Bonne
M004121;PAT0158;2024-02-12 15:43:00;2024-02-12;15:43:00;38.7;153;87;86;94;16;1.1;96.9;21.5;6680;9;4;CAPT019;Bonne
M004122;PAT0173;2024-04-11 02:38:00;2024-04-11;02:38:00;37.6;124;60;120;91;18;0.71;87.9;19;2938;5.4;8;CAPT029;Mauvaise
M004123;PAT0083;2024-01-02 16:16:00;2024-01-02;16:16:00;37.5;129;72;97;98;17;1.26;54;23;6746;9.5;9;CAPT029;Bonne
M004124;PAT0016;2024-09-11 16:16:00;2024-09-11;16:16:00;37.2;136;62;80;95;12;0.86;78.5;18.8;1166;3;1;CAPT042;Bonne
M004125;PAT0186;2024-01-13 20:28:00;2024-01-13;20:28:00;37.1;119;65;98;98;15;0.86;81.3;32.1;327;5.4;6;CAPT033;Bonne
M004126;PAT0060;2024-01-04 02:31:00;2024-01-04;02:31:00;39.1;125;72;59;97;21;1.94;69.3;25.7;7348;7.2;2;CAPT029;Bonne
M004127;PAT0063;2024-03-11 17:11:00;2024-03-11;17:11:00;37.8;110;64;86;98;21;1.35;51.5;29.7;3345;9.4;3;CAPT009;Bonne
M004128;PAT0003;2024-02-16 05:04:00;2024-02-16;05:04:00;38.8;104;67;91;94;13;2.03;59.1;25.3;2430;4.4;2;CAPT025;Mauvaise
M004129;PAT0137;2024-11-12 19:02:00;2024-11-12;19:02:00;37;141;81;95;95;12;0.72;54.8;18.7;3893;5.2;8;CAPT005;Moyenne
M004130;PAT0173;2024-05-19 15:51:00;2024-05-19;15:51:00;35.8;134;72;95;93;24;1.03;49.9;18.8;6897;5.8;4;CAPT035;Mauvaise
M004131;PAT0091;2024-08-13 18:27:00;2024-08-13;18:27:00;39.1;102;64;85;96;18;1.36;75.6;34.2;6700;7.4;0;CAPT006;Mauvaise
M004132;PAT0042;2024-05-10 01:28:00;2024-05-10;01:28:00;38.5;121;73;65;97;18;1.33;78.2;23.2;2498;5.1;6;CAPT044;Bonne
M004133;PAT0021;2024-10-04 21:33:00;2024-10-04;21:33:00;36;110;89;92;98;15;1.36;48.4;20.1;5269;10;2;CAPT018;Bonne
M004134;PAT0086;2024-09-12 22:25:00;2024-09-12;22:25:00;37.4;136;84;75;97;20;1.19;67.9;19.2;6979;9;2;CAPT009;Moyenne
M004135;PAT0069;2024-01-15 03:30:00;2024-01-15;03:30:00;35.7;108;85;77;96;24;1.1;53.4;19.6;4872;6;4;CAPT022;Bonne
M004136;PAT0020;2024-09-04 14:48:00;2024-09-04;14:48:00;38.7;124;65;72;98;18;1.35;52.1;20.6;1890;4.4;5;CAPT001;Bonne
M004137;PAT0065;2024-06-28 07:19:00;2024-06-28;07:19:00;37.3;169;96;59;99;17;1.19;93.1;25.5;3728;7.6;9;CAPT021;Mauvaise
M004138;PAT0049;2024-01-31 19:58:00;2024-01-31;19:58:00;36.9;141;86;61;96;16;1.21;77.3;29.7;6535;6.7;7;CAPT034;Bonne
M004139;PAT0145;2024-04-30 11:45:00;2024-04-30;11:45:00;37.5;106;81;90;95;19;1.09;54.6;25.8;178;4.2;1;CAPT039;Bonne
M004140;PAT0049;2024-06-22 22:30:00;2024-06-22;22:30:00;39.1;141;82;80;99;19;0.85;79.5;20.8;4797;9.3;5;CAPT002;Bonne
M004141;PAT0157;2024-09-14 12:42:00;2024-09-14;12:42:00;37.2;125;73;72;99;20;0.87;84.3;31.6;2335;5.2;2;CAPT025;Bonne
M004142;PAT0074;2024-05-16 04:43:00;2024-05-16;04:43:00;37.3;113;89;67;98;24;1.07;77.2;22;3685;8.1;5;CAPT026;Moyenne
M004143;PAT0174;2024-12-29 07:38:00;2024-12-29;07:38:00;35.8;118;70;105;92;23;0.94;85.3;25.1;2160;6.2;1;CAPT011;Moyenne
M004144;PAT0040;2024-06-19 07:53:00;2024-06-19;07:53:00;36.4;118;79;83;94;12;1.03;62.1;18.1;690;5.7;2;CAPT011;Bonne
M004145;PAT0015;2024-07-29 13:12:00;2024-07-29;13:12:00;36.5;144;75;89;97;22;1.3;87.9;20;294;7.8;2;CAPT009;Bonne
M004146;PAT0024;2024-12-19 06:16:00;2024-12-19;06:16:00;39;128;64;57;95;22;2.06;99.2;21;5887;9.1;0;CAPT014;Moyenne
M004147;PAT0103;2024-09-27 17:26:00;2024-09-27;17:26:00;36.2;107;79;91;91;20;0.82;56.9;24.2;2745;3.2;8;CAPT018;Bonne
M004148;PAT0069;2024-03-01 23:58:00;2024-03-01;23:58:00;39;134;73;69;99;18;0.95;96.9;21.5;2171;9.1;9;CAPT010;Bonne
M004149;PAT0022;2024-08-27 10:16:00;2024-08-27;10:16:00;39.1;146;93;73;97;24;0.75;59.6;34.9;1654;5.3;0;CAPT042;Bonne
M004150;PAT0074;2024-02-11 20:35:00;2024-02-11;20:35:00;37.6;130;68;75;98;24;0.82;61.5;32.6;6610;8.4;2;CAPT025;Moyenne
M004151;PAT0061;2024-07-06 02:10:00;2024-07-06;02:10:00;38;125;70;90;96;15;2.36;51.8;33.5;130;4.9;9;CAPT032;Bonne
M004152;PAT0165;2024-05-08 21:24:00;2024-05-08;21:24:00;36.7;112;71;92;98;18;1.13;77.3;32.9;4659;9.9;2;CAPT012;Bonne
M004153;PAT0065;2024-04-14 10:13:00;2024-04-14;10:13:00;38.1;169;100;95;96;22;1.01;79.2;27;7789;6.5;2;CAPT049;Moyenne
M004154;PAT0166;2024-03-01 11:15:00;2024-03-01;11:15:00;38.9;141;103;89;98;12;1.1;48.4;23.4;7787;3.8;4;CAPT024;Bonne
M004155;PAT0167;2024-09-27 07:54:00;2024-09-27;07:54:00;36.6;168;102;79;95;12;0.75;93.6;21;3761;7.8;1;CAPT016;Mauvaise
M004156;PAT0013;2024-08-26 17:10:00;2024-08-26;17:10:00;36.5;128;74;77;99;20;0.94;85.7;35;1482;3.2;6;CAPT033;Moyenne
M004157;PAT0024;2024-07-26 09:57:00;2024-07-26;09:57:00;39.3;100;83;65;99;13;1.52;85.9;27.1;7050;7.8;6;CAPT025;Bonne
M004158;PAT0044;2024-01-25 20:04:00;2024-01-25;20:04:00;39.2;103;84;97;94;22;0.92;79.8;18.2;93;5.9;7;CAPT048;Moyenne
M004159;PAT0152;2024-01-14 12:51:00;2024-01-14;12:51:00;39;169;105;85;97;22;0.97;79.5;22.1;7211;6.1;7;CAPT020;Bonne
M004160;PAT0156;2024-03-16 02:33:00;2024-03-16;02:33:00;39.2;122;89;77;95;21;0.77;77.9;29.9;6454;3.3;0;CAPT022;Bonne
M004161;PAT0003;2024-05-16 14:05:00;2024-05-16;14:05:00;36.9;138;79;89;98;23;2.18;45.5;19.8;2236;4.2;4;CAPT001;Bonne
M004162;PAT0036;2024-04-07 02:26:00;2024-04-07;02:26:00;35.7;143;87;79;98;14;1.21;95;30.9;2991;4.3;9;CAPT031;Bonne
M004163;PAT0043;2024-11-13 17:26:00;2024-11-13;17:26:00;38.7;141;62;79;95;22;2.48;97.9;26.7;2989;4.6;8;CAPT009;Bonne
M004164;PAT0029;2024-01-31 17:25:00;2024-01-31;17:25:00;39.1;103;87;80;98;17;1.35;59.5;29.9;6190;6.8;6;CAPT010;Bonne
M004165;PAT0096;2024-08-24 19:25:00;2024-08-24;19:25:00;38.6;175;88;94;97;14;0.73;79;31.8;5335;8.3;0;CAPT029;Moyenne
M004166;PAT0130;2024-03-24 01:59:00;2024-03-24;01:59:00;35.7;144;74;65;96;23;1.31;48.7;19.4;5465;8.9;7;CAPT009;Bonne
M004167;PAT0066;2024-11-24 15:14:00;2024-11-24;15:14:00;38.9;108;81;55;97;17;0.97;54.3;30;6016;6.7;5;CAPT028;Moyenne
M004168;PAT0018;2024-06-30 18:23:00;2024-06-30;18:23:00;36.2;112;65;99;94;19;1.2;83.8;32.3;478;8.2;1;CAPT046;Bonne
M004169;PAT0154;2024-06-14 21:30:00;2024-06-14;21:30:00;38.3;130;85;56;96;12;0.89;56.7;30.8;1489;6.4;4;CAPT049;Moyenne
M004170;PAT0156;2024-10-30 07:01:00;2024-10-30;07:01:00;36.9;125;89;93;98;12;1.05;72.4;27.8;4687;7.6;6;CAPT039;Bonne
M004171;PAT0165;2024-04-16 12:28:00;2024-04-16;12:28:00;37.2;101;64;68;98;23;1.07;70.8;30.2;3462;3.7;5;CAPT024;Bonne
M004172;PAT0151;2024-05-19 23:43:00;2024-05-19;23:43:00;37.6;143;76;70;94;18;1.7;62.4;31.1;6178;8.7;5;CAPT015;Bonne
M004173;PAT0146;2024-05-01 10:51:00;2024-05-01;10:51:00;37.2;137;106;57;99;18;0.74;46.4;20.3;2568;5.5;4;CAPT036;Mauvaise
M004174;PAT0162;2024-11-19 12:27:00;2024-11-19;12:27:00;38.4;161;94;85;96;19;0.99;92;25.1;997;5.5;0;CAPT044;Bonne
M004175;PAT0120;2024-07-20 00:58:00;2024-07-20;00:58:00;37.4;155;99;96;98;17;1.34;91.5;31.6;576;3.6;8;CAPT006;Bonne
M004176;PAT0129;2024-07-18 05:42:00;2024-07-18;05:42:00;36;175;89;65;99;17;0.9;62.1;29.1;3830;9.4;8;CAPT034;Moyenne
M004177;PAT0006;2024-03-07 08:22:00;2024-03-07;08:22:00;37.8;170;104;70;97;19;1.31;48.3;23.9;561;8.5;9;CAPT041;Bonne
M004178;PAT0060;2024-07-10 07:21:00;2024-07-10;07:21:00;36.1;109;72;69;94;22;1.94;60.2;22.2;7559;8.4;5;CAPT049;Bonne
M004179;PAT0187;2024-06-18 01:52:00;2024-06-18;01:52:00;37.3;123;62;80;97;16;1.36;94.2;33.7;2252;9.5;3;CAPT050;Bonne
M004180;PAT0199;2024-04-24 15:56:00;2024-04-24;15:56:00;38.9;113;60;56;97;15;0.93;75.8;30.7;5056;8.1;5;CAPT047;Moyenne
M004181;PAT0192;2024-02-08 05:10:00;2024-02-08;05:10:00;39.3;111;64;83;97;17;0.81;96.6;30.7;5613;8.8;2;CAPT027;Bonne
M004182;PAT0118;2024-11-23 01:05:00;2024-11-23;01:05:00;38.1;124;77;127;88;21;1.26;89.3;31.1;1606;9;4;CAPT031;Bonne
M004183;PAT0151;2024-03-30 19:17:00;2024-03-30;19:17:00;37.8;101;79;64;97;13;2.93;86.8;34.9;3131;5.3;7;CAPT011;Mauvaise
M004184;PAT0054;2024-07-22 15:16:00;2024-07-22;15:16:00;38.2;106;62;77;98;12;1.25;77.2;33.9;1838;7.3;0;CAPT010;Moyenne
M004185;PAT0016;2024-12-06 16:21:00;2024-12-06;16:21:00;36.6;129;63;88;98;14;1.27;69.1;19;4571;4.8;3;CAPT006;Bonne
M004186;PAT0088;2024-02-12 04:18:00;2024-02-12;04:18:00;36.1;146;108;87;96;15;1.1;76;23.4;3869;9.2;5;CAPT015;Bonne
M004187;PAT0178;2024-02-05 22:12:00;2024-02-05;22:12:00;38.2;107;77;70;98;17;1.08;78.5;26.2;5911;7.9;2;CAPT022;Bonne
M004188;PAT0042;2024-08-01 02:19:00;2024-08-01;02:19:00;36;124;87;75;97;23;1.13;68.9;20.8;2056;4.9;7;CAPT033;Mauvaise
M004189;PAT0091;2024-07-22 07:13:00;2024-07-22;07:13:00;36.6;100;80;58;95;21;0.8;67.4;19.2;1447;7.2;2;CAPT034;Bonne
M004190;PAT0127;2024-03-14 16:11:00;2024-03-14;16:11:00;38.1;108;62;58;99;20;1.63;94.6;34.9;793;9.3;1;CAPT013;Moyenne
M004191;PAT0169;2024-09-16 01:18:00;2024-09-16;01:18:00;35.9;120;81;57;96;13;0.85;97.5;19.1;4666;3.6;5;CAPT025;Bonne
M004192;PAT0013;2024-04-13 23:51:00;2024-04-13;23:51:00;38.2;114;70;64;97;13;1.39;48.4;31.9;5932;5;5;CAPT006;Bonne
M004193;PAT0136;2024-05-07 13:41:00;2024-05-07;13:41:00;38.7;128;62;109;92;13;1.16;68.6;29.3;2746;7.7;0;CAPT041;Bonne
M004194;PAT0155;2024-02-14 07:30:00;2024-02-14;07:30:00;39.1;132;78;62;96;19;1.34;74.7;30.4;7320;7.8;0;CAPT005;Moyenne
M004195;PAT0009;2024-07-31 15:46:00;2024-07-31;15:46:00;39.4;106;80;67;96;21;1.11;96.2;26.5;1351;6.2;9;CAPT030;Moyenne
M004196;PAT0117;2024-08-01 10:48:00;2024-08-01;10:48:00;39.3;119;76;65;98;21;1.75;65.8;24.1;6879;5.1;9;CAPT040;Bonne
M004197;PAT0015;2024-09-15 03:39:00;2024-09-15;03:39:00;36.8;136;79;63;96;14;0.85;92.3;22.3;1118;5.5;9;CAPT048;Bonne
M004198;PAT0185;2024-01-26 04:24:00;2024-01-26;04:24:00;38;124;67;66;99;17;0.78;76.6;24.3;7005;4.6;8;CAPT004;Bonne
M004199;PAT0138;2024-03-10 06:44:00;2024-03-10;06:44:00;36.5;122;76;67;94;12;1.13;80.9;32.9;891;4.4;7;CAPT044;Bonne
M004200;PAT0191;2024-06-08 20:33:00;2024-06-08;20:33:00;36.8;102;75;96;99;16;1.39;86.1;18.5;1218;3.2;3;CAPT025;Bonne
M004201;PAT0065;2024-03-11 13:00:00;2024-03-11;13:00:00;37;147;85;79;98;13;0.71;60.5;19.8;7403;7.4;8;CAPT008;Bonne
M004202;PAT0192;2024-06-05 16:30:00;2024-06-05;16:30:00;37.2;113;89;78;98;14;1.28;50.9;33.9;175;9.9;6;CAPT019;Bonne
M004203;PAT0144;2024-05-10 21:08:00;2024-05-10;21:08:00;37.3;137;85;60;96;21;3.46;93.3;33.2;3851;6.2;5;CAPT004;Bonne
M004204;PAT0045;2024-01-28 13:36:00;2024-01-28;13:36:00;36.8;134;69;63;99;24;1.11;71.3;20.9;7219;4.2;2;CAPT003;Bonne
M004205;PAT0041;2024-07-03 16:39:00;2024-07-03;16:39:00;36.3;108;78;97;93;15;0.86;70.4;19.9;4612;5.6;2;CAPT012;Moyenne
M004206;PAT0138;2024-10-13 19:57:00;2024-10-13;19:57:00;35.8;128;78;60;98;21;0.89;81.8;32.1;4138;7.1;7;CAPT020;Bonne
M004207;PAT0155;2024-02-12 12:43:00;2024-02-12;12:43:00;38.4;107;86;91;96;21;0.95;79.4;19.1;4844;7.9;5;CAPT038;Bonne
M004208;PAT0071;2024-07-20 21:18:00;2024-07-20;21:18:00;39.5;117;85;96;99;18;1.92;68.8;31;4526;4;2;CAPT038;Bonne
M004209;PAT0002;2024-02-07 11:10:00;2024-02-07;11:10:00;36.7;122;74;65;95;15;0.72;53.6;32.9;2286;9;1;CAPT034;Moyenne
M004210;PAT0097;2024-07-06 10:16:00;2024-07-06;10:16:00;37.5;163;109;60;99;13;1.05;45.5;19.2;1202;7.1;4;CAPT049;Bonne
M004211;PAT0125;2024-06-26 01:07:00;2024-06-26;01:07:00;39.1;124;85;73;95;21;2.58;61.6;25.7;6215;3.3;6;CAPT040;Moyenne
M004212;PAT0174;2024-08-04 15:09:00;2024-08-04;15:09:00;38.5;134;65;110;92;21;1.23;97.4;33.4;5367;8.2;0;CAPT033;Bonne
M004213;PAT0179;2024-12-19 09:42:00;2024-12-19;09:42:00;35.8;161;102;56;97;12;0.72;71.6;30.1;5129;8.8;8;CAPT032;Moyenne
M004214;PAT0062;2024-08-04 01:43:00;2024-08-04;01:43:00;36.5;104;68;67;98;22;0.89;67.7;21.8;2429;5.1;7;CAPT048;Moyenne
M004215;PAT0125;2024-03-06 21:47:00;2024-03-06;21:47:00;35.9;119;67;57;94;22;2.55;93.7;24;6123;5.3;8;CAPT012;Moyenne
M004216;PAT0125;2024-11-27 05:45:00;2024-11-27;05:45:00;37.5;124;77;68;99;22;1.99;95.7;32.9;1946;9.1;3;CAPT049;Bonne
M004217;PAT0144;2024-09-07 21:57:00;2024-09-07;21:57:00;37.5;138;70;57;94;18;2.94;95.6;34.3;3223;7.8;8;CAPT028;Bonne
M004218;PAT0101;2024-09-17 02:22:00;2024-09-17;02:22:00;36.9;130;84;71;96;15;1.06;70.7;29.8;1155;5.6;4;CAPT027;Bonne
M004219;PAT0174;2024-08-03 13:35:00;2024-08-03;13:35:00;39.4;105;68;97;95;13;0.99;94;34.7;7894;7;4;CAPT027;Bonne
M004220;PAT0192;2024-05-08 13:40:00;2024-05-08;13:40:00;35.6;132;61;96;99;22;0.87;76.3;24.3;5019;3.8;7;CAPT027;Moyenne
M004221;PAT0030;2024-02-06 07:13:00;2024-02-06;07:13:00;37.8;165;95;82;97;22;1.3;67.8;21.2;4751;3.9;5;CAPT024;Bonne
M004222;PAT0020;2024-07-10 12:38:00;2024-07-10;12:38:00;37.1;115;83;89;97;20;1.06;77.6;19.4;5609;4;4;CAPT046;Bonne
M004223;PAT0110;2024-08-18 23:57:00;2024-08-18;23:57:00;36.7;124;66;85;95;14;1.33;91.2;29.9;7013;5.7;9;CAPT032;Bonne
M004224;PAT0142;2024-09-03 18:48:00;2024-09-03;18:48:00;38.8;139;100;67;96;18;0.91;79.5;34.8;6618;8.2;3;CAPT006;Bonne
M004225;PAT0147;2024-04-24 01:22:00;2024-04-24;01:22:00;36.1;105;84;117;93;17;1;79.5;22.4;1347;4.4;9;CAPT037;Bonne
M004226;PAT0047;2024-06-26 18:46:00;2024-06-26;18:46:00;35.8;143;104;58;95;16;0.83;58.8;22;5612;9.6;5;CAPT009;Bonne
M004227;PAT0124;2024-10-27 22:49:00;2024-10-27;22:49:00;35.5;111;74;63;98;14;1.85;71.8;21.5;3539;3.8;6;CAPT039;Bonne
M004228;PAT0024;2024-09-14 13:15:00;2024-09-14;13:15:00;37.4;121;63;98;95;21;2.51;82.5;18.3;3367;6.7;0;CAPT043;Moyenne
M004229;PAT0089;2024-07-17 00:26:00;2024-07-17;00:26:00;38.7;134;85;58;95;15;0.86;54.6;18.2;3489;4.3;9;CAPT027;Bonne
M004230;PAT0121;2024-06-29 15:29:00;2024-06-29;15:29:00;37;143;62;98;96;12;1.67;79.1;22.9;3809;8.4;6;CAPT034;Mauvaise
M004231;PAT0080;2024-01-01 09:56:00;2024-01-01;09:56:00;35.5;130;87;102;92;13;1.26;98.6;18.6;6173;9;9;CAPT011;Bonne
M004232;PAT0121;2024-04-21 04:19:00;2024-04-21;04:19:00;38.6;138;72;83;99;13;1.67;54.6;25.6;691;9.1;6;CAPT025;Bonne
M004233;PAT0053;2024-06-15 04:43:00;2024-06-15;04:43:00;38.4;139;95;76;96;22;1.22;88.3;32.3;3728;3.6;2;CAPT036;Moyenne
M004234;PAT0132;2024-03-18 00:15:00;2024-03-18;00:15:00;38.8;124;87;94;97;22;2.79;74.7;29.7;3725;6;9;CAPT044;Bonne
M004235;PAT0181;2024-06-17 16:42:00;2024-06-17;16:42:00;39.4;101;76;55;98;14;1.2;98.2;29.2;3196;6.9;9;CAPT013;Bonne
M004236;PAT0167;2024-02-02 22:06:00;2024-02-02;22:06:00;35.9;148;99;68;98;16;1.38;96.2;26.5;3637;3.6;4;CAPT032;Bonne
M004237;PAT0155;2024-04-17 20:25:00;2024-04-17;20:25:00;37.2;129;82;92;98;24;0.72;66.6;24.7;2335;8;9;CAPT040;Bonne
M004238;PAT0078;2024-09-16 02:41:00;2024-09-16;02:41:00;36.5;144;76;87;97;13;2.3;67.8;32.4;1733;7.1;8;CAPT018;Bonne
M004239;PAT0087;2024-04-12 21:31:00;2024-04-12;21:31:00;37.9;125;83;74;98;23;1.22;84.4;29.4;5793;7.2;0;CAPT002;Moyenne
M004240;PAT0058;2024-04-21 11:40:00;2024-04-21;11:40:00;38.3;129;81;59;98;23;1.04;81.6;19.8;4721;4.4;8;CAPT046;Bonne
M004241;PAT0065;2024-03-05 22:28:00;2024-03-05;22:28:00;39.3;176;85;88;94;18;1.22;63.2;25.7;3801;3.7;1;CAPT041;Bonne
M004242;PAT0088;2024-05-07 01:23:00;2024-05-07;01:23:00;37.1;170;86;98;97;16;0.73;70;19;4380;8.5;3;CAPT009;Bonne
M004243;PAT0180;2024-07-22 10:09:00;2024-07-22;10:09:00;36.6;121;76;97;91;16;1.3;92;23;2183;6.8;9;CAPT005;Bonne
M004244;PAT0129;2024-11-02 16:15:00;2024-11-02;16:15:00;37.5;139;105;81;99;16;0.95;94.5;33.5;1364;9.3;7;CAPT005;Bonne
M004245;PAT0084;2024-10-27 14:28:00;2024-10-27;14:28:00;37.5;103;63;91;99;22;0.78;59.8;19.5;212;5.8;5;CAPT006;Moyenne
M004246;PAT0105;2024-08-13 13:53:00;2024-08-13;13:53:00;36.9;145;103;73;96;19;1.3;72.9;34.9;41;9.7;4;CAPT046;Moyenne
M004247;PAT0193;2024-10-17 20:20:00;2024-10-17;20:20:00;38.1;102;85;99;95;24;0.97;84;27.6;1644;8.7;6;CAPT009;Moyenne
M004248;PAT0145;2024-05-14 18:49:00;2024-05-14;18:49:00;36.7;126;69;63;97;19;0.91;81.9;30.7;6530;4.8;5;CAPT021;Moyenne
M004249;PAT0118;2024-07-28 12:04:00;2024-07-28;12:04:00;38.4;120;78;114;94;15;1.04;58.1;27.2;5461;8.9;4;CAPT022;Bonne
M004250;PAT0161;2024-01-18 22:57:00;2024-01-18;22:57:00;37.8;116;68;63;98;19;0.94;50;24.2;3465;5.4;3;CAPT026;Moyenne
M004251;PAT0191;2024-04-06 04:13:00;2024-04-06;04:13:00;37.8;128;63;77;96;13;1.01;80.8;30.6;2065;8.3;5;CAPT049;Moyenne
M004252;PAT0152;2024-07-15 00:59:00;2024-07-15;00:59:00;36;141;99;84;94;22;1.23;87.9;19.5;956;7.5;8;CAPT002;Bonne
M004253;PAT0107;2024-10-14 10:42:00;2024-10-14;10:42:00;36.4;117;76;95;94;20;0.97;46.9;27;6825;6.7;9;CAPT029;Bonne
M004254;PAT0035;2024-03-12 00:57:00;2024-03-12;00:57:00;38.9;137;88;85;96;24;0.7;57.3;28.8;871;4.5;8;CAPT036;Bonne
M004255;PAT0026;2024-03-21 00:48:00;2024-03-21;00:48:00;39.2;137;82;62;97;21;1.36;79;24.7;2191;6.3;7;CAPT015;Moyenne
M004256;PAT0114;2024-01-09 06:41:00;2024-01-09;06:41:00;37.3;110;68;80;96;20;1.58;61.2;22.3;7776;4.6;7;CAPT025;Bonne
M004257;PAT0093;2024-01-01 14:40:00;2024-01-01;14:40:00;35.9;102;68;60;96;13;2.17;79.6;18;5136;5.8;0;CAPT021;Bonne
M004258;PAT0126;2024-04-09 18:26:00;2024-04-09;18:26:00;37.5;118;83;96;94;15;1.26;46.9;22.4;3111;8.7;9;CAPT013;Moyenne
M004259;PAT0154;2024-07-19 08:46:00;2024-07-19;08:46:00;37.9;139;89;79;97;20;0.87;77.5;30.6;1969;5.4;0;CAPT028;Bonne
M004260;PAT0141;2024-09-10 23:15:00;2024-09-10;23:15:00;38.4;126;71;90;94;18;1.16;47.8;24;6263;9.8;2;CAPT028;Moyenne
M004261;PAT0137;2024-03-23 10:13:00;2024-03-23;10:13:00;39.4;133;65;97;94;16;0.79;52.5;28;3811;4.2;0;CAPT027;Bonne
M004262;PAT0033;2024-09-10 16:57:00;2024-09-10;16:57:00;35.7;172;95;62;97;12;0.92;46.8;23.6;7693;3.4;4;CAPT001;Bonne
M004263;PAT0024;2024-07-16 03:53:00;2024-07-16;03:53:00;36.8;133;65;80;94;17;2.99;88.3;31.1;2215;3.1;9;CAPT002;Bonne
M004264;PAT0019;2024-12-09 01:56:00;2024-12-09;01:56:00;39.2;152;104;63;94;14;1.34;69.8;26.8;1275;9.6;0;CAPT017;Bonne
M004265;PAT0101;2024-12-29 07:40:00;2024-12-29;07:40:00;36.7;103;86;70;95;17;1.01;72.3;22.1;2340;5.8;5;CAPT037;Bonne
M004266;PAT0060;2024-11-21 01:35:00;2024-11-21;01:35:00;37.9;106;69;84;95;20;3.09;50.8;19.8;7630;6.7;5;CAPT037;Moyenne
M004267;PAT0097;2024-09-25 07:09:00;2024-09-25;07:09:00;35.9;174;109;69;98;16;1.05;97.7;24;1745;3.9;4;CAPT043;Bonne
M004268;PAT0139;2024-12-01 22:11:00;2024-12-01;22:11:00;36.9;144;103;77;98;24;1.15;48.7;19.5;777;9.3;5;CAPT042;Moyenne
M004269;PAT0011;2024-06-29 19:19:00;2024-06-29;19:19:00;38.9;120;70;69;95;21;0.84;45.8;23;6138;7.6;2;CAPT019;Mauvaise
M004270;PAT0017;2024-06-09 18:28:00;2024-06-09;18:28:00;38;105;74;71;95;17;1.28;85.6;28;5832;8.1;5;CAPT015;Bonne
M004271;PAT0195;2024-05-06 17:34:00;2024-05-06;17:34:00;38.3;171;98;78;95;20;1.24;82.4;34.8;5659;5.7;5;CAPT028;Bonne
M004272;PAT0010;2024-07-17 05:53:00;2024-07-17;05:53:00;38.4;102;84;93;99;23;3.49;76.7;23.4;7004;10;2;CAPT005;Bonne
M004273;PAT0052;2024-06-07 00:41:00;2024-06-07;00:41:00;36.3;122;82;72;96;15;1.25;78.7;34.6;4761;6.9;7;CAPT035;Bonne
M004274;PAT0119;2024-12-08 22:41:00;2024-12-08;22:41:00;36.3;112;63;96;97;14;0.9;74;26.7;7243;5.9;5;CAPT011;Bonne
M004275;PAT0177;2024-12-06 06:40:00;2024-12-06;06:40:00;38;139;87;67;94;14;1.23;82.6;25.6;3262;3.1;1;CAPT025;Moyenne
M004276;PAT0193;2024-09-18 05:56:00;2024-09-18;05:56:00;35.5;131;79;117;91;19;0.97;51.7;33.9;5378;6.9;8;CAPT036;Mauvaise
M004277;PAT0084;2024-04-24 03:04:00;2024-04-24;03:04:00;38.8;128;74;84;95;20;0.78;73;19;1082;6.1;7;CAPT029;Bonne
M004278;PAT0104;2024-09-09 02:37:00;2024-09-09;02:37:00;36;167;88;61;99;21;1.29;83.7;32.9;5965;7.7;9;CAPT036;Bonne
M004279;PAT0156;2024-01-18 07:03:00;2024-01-18;07:03:00;39.2;106;75;90;94;14;0.79;74.2;34.7;1007;6.1;1;CAPT029;Bonne
M004280;PAT0070;2024-09-14 19:48:00;2024-09-14;19:48:00;39.1;115;80;63;97;24;1.28;58.1;32.2;1815;4.5;0;CAPT001;Bonne
M004281;PAT0097;2024-09-28 15:07:00;2024-09-28;15:07:00;37.9;152;106;59;96;18;1.01;80.4;22.5;344;7.2;3;CAPT043;Bonne
M004282;PAT0045;2024-06-23 14:04:00;2024-06-23;14:04:00;36.3;134;71;78;96;19;0.96;67.3;27.8;2122;5.9;2;CAPT017;Moyenne
M004283;PAT0179;2024-12-21 23:19:00;2024-12-21;23:19:00;36.8;140;105;62;99;15;0.95;69.9;31;735;5.5;9;CAPT047;Bonne
M004284;PAT0077;2024-06-01 21:51:00;2024-06-01;21:51:00;39.3;114;71;97;95;19;1.38;73.5;20.5;6564;9;7;CAPT009;Bonne
M004285;PAT0185;2024-11-05 18:03:00;2024-11-05;18:03:00;38.3;128;69;68;98;22;0.99;89.9;24.2;7794;3.7;9;CAPT007;Bonne
M004286;PAT0029;2024-08-09 15:57:00;2024-08-09;15:57:00;36.5;117;89;86;98;23;0.92;57.8;32.7;5689;3.5;4;CAPT030;Bonne
M004287;PAT0110;2024-08-03 15:02:00;2024-08-03;15:02:00;38.1;128;77;81;98;23;0.9;48.3;25;57;9.1;8;CAPT035;Bonne
M004288;PAT0003;2024-10-05 06:32:00;2024-10-05;06:32:00;38.4;122;64;80;98;15;3.43;99.6;32.6;777;4.6;5;CAPT028;Moyenne
M004289;PAT0083;2024-03-31 15:20:00;2024-03-31;15:20:00;37.5;110;87;85;98;18;1.19;68.6;22.2;559;7.4;3;CAPT048;Moyenne
M004290;PAT0191;2024-07-11 06:44:00;2024-07-11;06:44:00;36.5;115;64;89;98;20;1.33;56.4;27.2;7756;4.1;7;CAPT020;Moyenne
M004291;PAT0160;2024-07-03 04:17:00;2024-07-03;04:17:00;38.6;137;88;88;99;17;1.38;69.9;23.8;4717;5.2;8;CAPT022;Bonne
M004292;PAT0185;2024-09-28 20:08:00;2024-09-28;20:08:00;37.1;134;68;98;94;22;1.03;74.4;18.1;5209;7.5;1;CAPT011;Bonne
M004293;PAT0069;2024-03-15 14:05:00;2024-03-15;14:05:00;37;130;69;57;98;18;1.4;81.6;30.7;5713;5.7;0;CAPT011;Bonne
M004294;PAT0184;2024-09-18 20:24:00;2024-09-18;20:24:00;37.8;137;84;98;96;14;1.35;70.4;30.5;4473;6.4;2;CAPT047;Moyenne
M004295;PAT0047;2024-04-20 20:30:00;2024-04-20;20:30:00;35.6;145;90;73;98;24;1.37;82.6;23.9;6042;10;4;CAPT031;Bonne
M004296;PAT0144;2024-12-21 05:26:00;2024-12-21;05:26:00;37.6;118;76;89;94;24;2.94;76.4;32.8;6861;9.4;9;CAPT040;Bonne
M004297;PAT0040;2024-10-19 08:05:00;2024-10-19;08:05:00;38.6;142;76;91;98;13;0.83;84.2;21;623;9.7;0;CAPT015;Moyenne
M004298;PAT0036;2024-12-22 00:55:00;2024-12-22;00:55:00;39.3;110;70;80;96;20;1.06;99.9;24.7;976;5.4;5;CAPT044;Bonne
M004299;PAT0149;2024-02-18 16:23:00;2024-02-18;16:23:00;36.6;125;61;115;88;20;0.88;65.2;19.1;4135;6.8;6;CAPT011;Bonne
M004300;PAT0082;2024-09-28 07:05:00;2024-09-28;07:05:00;36.5;136;88;68;98;17;1.08;45.2;33.1;4312;5.4;4;CAPT015;Bonne
M004301;PAT0008;2024-03-22 16:09:00;2024-03-22;16:09:00;37.2;105;85;103;95;19;0.84;55.5;29.4;3541;9.1;7;CAPT001;Bonne
M004302;PAT0079;2024-10-23 17:24:00;2024-10-23;17:24:00;36.9;120;70;80;95;24;3.46;50.5;32.1;3945;6.5;4;CAPT046;Mauvaise
M004303;PAT0112;2024-02-17 06:09:00;2024-02-17;06:09:00;38.6;108;66;93;95;13;1.16;88.7;19;3727;5.9;7;CAPT035;Bonne
M004304;PAT0105;2024-06-09 12:18:00;2024-06-09;12:18:00;39.3;149;109;92;94;20;1.34;56.6;25.5;345;3.4;7;CAPT044;Moyenne
M004305;PAT0135;2024-10-02 05:13:00;2024-10-02;05:13:00;35.6;115;74;57;94;24;1.28;54.3;24.1;117;6.1;8;CAPT034;Bonne
M004306;PAT0154;2024-11-23 09:25:00;2024-11-23;09:25:00;37.4;107;86;79;98;24;1.25;93.1;21.6;7041;4.5;9;CAPT026;Mauvaise
M004307;PAT0052;2024-10-10 09:24:00;2024-10-10;09:24:00;35.7;138;62;92;99;19;0.87;70.8;30.7;2848;9.8;3;CAPT010;Bonne
M004308;PAT0132;2024-04-30 06:44:00;2024-04-30;06:44:00;39.1;116;83;72;96;19;2.97;62.1;18.8;1605;8.8;0;CAPT019;Bonne
M004309;PAT0171;2024-10-19 02:40:00;2024-10-19;02:40:00;35.9;130;76;75;94;12;1.05;89.4;22.1;5999;9;5;CAPT046;Bonne
M004310;PAT0057;2024-12-14 01:14:00;2024-12-14;01:14:00;39.3;101;74;91;96;15;1.3;48.4;34.2;1390;3.7;4;CAPT027;Bonne
M004311;PAT0061;2024-08-08 05:48:00;2024-08-08;05:48:00;39.4;134;65;69;95;21;2.97;73.8;24.2;3165;5.2;3;CAPT005;Bonne
M004312;PAT0075;2024-09-30 20:21:00;2024-09-30;20:21:00;37.3;138;74;77;94;21;2.93;95.3;32.5;3211;5.6;1;CAPT011;Bonne
M004313;PAT0148;2024-02-23 20:00:00;2024-02-23;20:00:00;37.5;152;109;78;99;23;0.95;74;19.4;3406;5.7;2;CAPT050;Mauvaise
M004314;PAT0107;2024-12-03 01:11:00;2024-12-03;01:11:00;39;103;76;99;91;16;1.22;94;23;134;7.1;6;CAPT041;Mauvaise
M004315;PAT0027;2024-11-09 21:21:00;2024-11-09;21:21:00;36.3;144;64;59;97;21;2.22;90.6;28.6;2987;9.4;6;CAPT047;Moyenne
M004316;PAT0098;2024-03-09 09:17:00;2024-03-09;09:17:00;35.8;109;78;70;95;15;1.32;46.3;24.6;3752;6.4;9;CAPT035;Bonne
M004317;PAT0074;2024-08-28 07:54:00;2024-08-28;07:54:00;38.8;142;78;86;94;18;0.92;95;25.3;7682;3.4;0;CAPT012;Bonne
M004318;PAT0175;2024-04-18 16:36:00;2024-04-18;16:36:00;36.3;162;100;93;98;24;0.89;59.6;22.3;5642;8.8;5;CAPT030;Moyenne
M004319;PAT0020;2024-11-24 00:43:00;2024-11-24;00:43:00;37.4;111;80;75;96;16;1.26;54.4;26.8;5975;3.2;7;CAPT016;Bonne
M004320;PAT0170;2024-06-26 20:59:00;2024-06-26;20:59:00;38.5;168;107;57;97;21;1.16;91.2;25.4;3065;3.7;7;CAPT035;Moyenne
M004321;PAT0087;2024-04-23 21:12:00;2024-04-23;21:12:00;38.6;136;81;85;99;12;1.74;72.5;19.4;7821;6.2;8;CAPT049;Bonne
M004322;PAT0082;2024-02-03 05:36:00;2024-02-03;05:36:00;39.2;165;88;55;96;24;0.95;92.7;29.8;4115;5;4;CAPT049;Moyenne
M004323;PAT0149;2024-01-03 05:32:00;2024-01-03;05:32:00;39.3;143;89;94;89;19;0.82;94.5;19.2;3580;8.5;2;CAPT012;Bonne
M004324;PAT0013;2024-12-14 11:08:00;2024-12-14;11:08:00;35.9;105;69;96;95;22;1.06;69.2;24.7;4085;3;9;CAPT011;Moyenne
M004325;PAT0107;2024-03-26 10:02:00;2024-03-26;10:02:00;38.9;138;72;100;94;22;1.13;86.8;26.1;1645;4.6;0;CAPT046;Bonne
M004326;PAT0035;2024-11-03 02:14:00;2024-11-03;02:14:00;39;140;68;86;96;21;0.89;61.2;18.9;7218;8.7;7;CAPT045;Bonne
M004327;PAT0193;2024-01-24 23:48:00;2024-01-24;23:48:00;36.2;144;65;125;95;20;0.82;58.8;24.8;4742;4.1;0;CAPT016;Bonne
M004328;PAT0144;2024-05-24 09:03:00;2024-05-24;09:03:00;38.5;101;76;58;95;19;1.73;96.2;34.5;196;7.8;4;CAPT015;Bonne
M004329;PAT0124;2024-06-30 08:13:00;2024-06-30;08:13:00;37.9;126;64;57;99;12;2.68;77.6;20.6;135;8.1;3;CAPT049;Moyenne
M004330;PAT0092;2024-01-10 06:14:00;2024-01-10;06:14:00;39.4;107;89;94;95;21;1.22;73.8;28.9;3454;8.7;0;CAPT019;Bonne
M004331;PAT0143;2024-05-05 04:37:00;2024-05-05;04:37:00;38.1;132;68;68;98;17;0.99;73.3;31.8;2372;5.3;3;CAPT004;Bonne
M004332;PAT0194;2024-12-09 16:54:00;2024-12-09;16:54:00;37.5;115;69;85;99;24;1.28;50.8;27.9;5435;8.9;3;CAPT008;Bonne
M004333;PAT0143;2024-04-18 14:31:00;2024-04-18;14:31:00;36.2;125;83;63;96;21;0.79;48.3;18.9;974;4.8;7;CAPT017;Bonne
M004334;PAT0121;2024-04-28 18:06:00;2024-04-28;18:06:00;38.3;101;61;95;97;16;2.52;70.9;26.2;4641;4.8;8;CAPT046;Bonne
M004335;PAT0003;2024-12-29 08:22:00;2024-12-29;08:22:00;37.1;137;82;70;99;23;1.27;82.4;26.6;837;4.9;9;CAPT034;Mauvaise
M004336;PAT0102;2024-09-06 06:30:00;2024-09-06;06:30:00;36.7;121;72;78;99;19;0.93;60.3;24.4;7508;5.6;3;CAPT001;Bonne
M004337;PAT0114;2024-07-20 12:46:00;2024-07-20;12:46:00;35.7;108;71;80;99;14;1.51;61.1;33;3202;6.3;0;CAPT007;Bonne
M004338;PAT0038;2024-02-24 17:00:00;2024-02-24;17:00:00;36.3;104;81;78;96;20;0.7;73.4;21.6;6262;7.5;0;CAPT023;Bonne
M004339;PAT0034;2024-12-13 18:40:00;2024-12-13;18:40:00;36.6;142;87;93;94;12;1.25;61.8;27.9;6527;8.4;9;CAPT008;Bonne
M004340;PAT0103;2024-07-21 19:49:00;2024-07-21;19:49:00;38.3;111;83;92;89;24;0.71;71.6;25.5;4971;3.9;7;CAPT028;Bonne
M004341;PAT0108;2024-10-13 01:13:00;2024-10-13;01:13:00;38.2;112;75;94;96;22;1.09;50.4;21.3;3397;6.3;9;CAPT005;Bonne
M004342;PAT0118;2024-05-13 20:35:00;2024-05-13;20:35:00;35.8;137;67;107;95;12;0.92;63.6;26.3;2617;9.2;9;CAPT011;Bonne
M004343;PAT0157;2024-09-20 07:48:00;2024-09-20;07:48:00;38;119;69;63;94;20;1.28;45.6;34.3;4696;8.3;7;CAPT023;Bonne
M004344;PAT0062;2024-03-10 23:44:00;2024-03-10;23:44:00;39;109;66;85;95;22;1.12;66.8;26.9;544;6.8;4;CAPT023;Bonne
M004345;PAT0049;2024-10-13 14:56:00;2024-10-13;14:56:00;36.4;122;64;80;98;19;0.83;83.8;18.5;6661;3.6;5;CAPT040;Bonne
M004346;PAT0155;2024-06-04 14:21:00;2024-06-04;14:21:00;36.6;103;85;96;95;24;1.04;71.9;29.4;2727;7.6;5;CAPT030;Bonne
M004347;PAT0010;2024-10-28 19:02:00;2024-10-28;19:02:00;37.8;138;76;90;94;13;1.83;67.9;27.1;5502;7.2;4;CAPT024;Bonne
M004348;PAT0100;2024-06-21 18:30:00;2024-06-21;18:30:00;39.3;124;81;112;88;21;1.38;57.8;24.5;4071;8.5;9;CAPT003;Bonne
M004349;PAT0170;2024-12-17 08:01:00;2024-12-17;08:01:00;36.9;173;91;88;94;15;0.84;56.3;33.2;5340;6.8;9;CAPT047;Bonne
M004350;PAT0149;2024-01-27 16:55:00;2024-01-27;16:55:00;38.5;130;71;116;94;21;0.77;61.1;19.9;1778;7.7;4;CAPT021;Mauvaise
M004351;PAT0110;2024-05-22 06:02:00;2024-05-22;06:02:00;37.4;131;79;65;98;23;1.14;84.2;20.7;963;3.7;0;CAPT044;Bonne
M004352;PAT0129;2024-09-16 14:42:00;2024-09-16;14:42:00;37.3;160;105;85;96;20;1.16;48.8;30.2;4271;9.7;3;CAPT037;Bonne
M004353;PAT0151;2024-06-12 16:29:00;2024-06-12;16:29:00;36.2;142;84;91;95;24;1.43;67.6;23.2;3499;3.5;6;CAPT003;Bonne
M004354;PAT0068;2024-06-18 14:35:00;2024-06-18;14:35:00;39.2;127;69;95;95;24;1.08;68.1;33.9;5760;3.8;4;CAPT010;Bonne
M004355;PAT0099;2024-09-01 22:10:00;2024-09-01;22:10:00;37.7;122;76;111;88;14;0.93;48.7;34.5;4275;8.9;7;CAPT038;Moyenne
M004356;PAT0031;2024-09-08 17:39:00;2024-09-08;17:39:00;38.1;116;65;68;95;12;0.82;74.4;24.2;3109;7.5;4;CAPT017;Moyenne
M004357;PAT0148;2024-10-25 02:39:00;2024-10-25;02:39:00;39;143;96;96;95;24;1.37;46.4;27;7698;3.7;0;CAPT045;Mauvaise
M004358;PAT0090;2024-10-13 10:56:00;2024-10-13;10:56:00;37;131;73;104;91;16;1.17;70.6;21.9;3914;7.9;4;CAPT018;Bonne
M004359;PAT0055;2024-08-01 06:07:00;2024-08-01;06:07:00;37.6;110;61;73;95;21;1.02;65.3;24.9;3711;6.5;0;CAPT032;Bonne
M004360;PAT0032;2024-11-14 08:16:00;2024-11-14;08:16:00;37.7;143;79;77;94;23;1;95.7;19.6;2340;8.2;0;CAPT001;Bonne
M004361;PAT0002;2024-05-19 01:50:00;2024-05-19;01:50:00;37.3;133;84;64;95;12;0.74;67.6;20.5;7839;8.4;4;CAPT008;Bonne
M004362;PAT0014;2024-06-08 01:28:00;2024-06-08;01:28:00;38.6;117;89;67;99;14;2.87;78.4;20.7;468;5.9;9;CAPT048;Moyenne
M004363;PAT0042;2024-10-14 16:42:00;2024-10-14;16:42:00;39.1;109;61;99;98;22;0.82;86.2;23.2;3703;6.2;0;CAPT014;Bonne
M004364;PAT0191;2024-10-28 22:31:00;2024-10-28;22:31:00;37.8;112;87;90;98;21;0.89;85.7;20.5;6411;9;2;CAPT008;Bonne
M004365;PAT0165;2024-09-02 22:12:00;2024-09-02;22:12:00;38.7;127;78;85;96;16;1.34;67.4;32;5254;5.3;1;CAPT018;Bonne
M004366;PAT0115;2024-07-06 16:57:00;2024-07-06;16:57:00;38.8;113;66;93;94;18;1.21;91;29.9;1341;9.6;5;CAPT047;Moyenne
M004367;PAT0063;2024-09-04 02:58:00;2024-09-04;02:58:00;35.7;138;81;58;97;19;1.37;83.5;21.2;3079;7.1;3;CAPT045;Bonne
M004368;PAT0037;2024-10-29 01:50:00;2024-10-29;01:50:00;37.2;134;68;67;97;16;0.95;89.4;25.8;6396;6.9;2;CAPT013;Mauvaise
M004369;PAT0183;2024-11-21 03:30:00;2024-11-21;03:30:00;36.7;139;89;77;98;12;0.98;57.3;18.3;4319;3.4;7;CAPT011;Moyenne
M004370;PAT0090;2024-01-31 01:18:00;2024-01-31;01:18:00;36;129;89;118;89;14;0.96;94.5;25;7573;5.8;8;CAPT032;Bonne
M004371;PAT0120;2024-09-02 00:28:00;2024-09-02;00:28:00;35.9;144;92;68;98;17;0.95;53.6;25.6;4511;10;4;CAPT048;Bonne
M004372;PAT0177;2024-08-12 13:13:00;2024-08-12;13:13:00;38.5;131;62;74;98;24;1.03;62.9;25;5238;8.6;6;CAPT019;Bonne
M004373;PAT0046;2024-08-22 05:36:00;2024-08-22;05:36:00;38.4;135;62;61;97;16;1.4;95.4;29.7;2887;4.5;8;CAPT036;Bonne
M004374;PAT0162;2024-07-27 14:25:00;2024-07-27;14:25:00;36;164;85;65;99;14;0.77;92.6;32.4;2842;6.1;4;CAPT010;Bonne
M004375;PAT0189;2024-05-06 02:25:00;2024-05-06;02:25:00;38.1;107;82;67;95;14;2;99.5;27.8;4755;5.2;2;CAPT020;Bonne
M004376;PAT0108;2024-09-04 04:21:00;2024-09-04;04:21:00;37.2;123;84;63;99;20;0.89;90.4;24.5;3727;6.3;6;CAPT033;Bonne
M004377;PAT0041;2024-01-23 21:13:00;2024-01-23;21:13:00;37.2;143;85;117;91;14;1.39;46.2;29.8;5335;3.8;0;CAPT046;Moyenne
M004378;PAT0180;2024-12-05 05:25:00;2024-12-05;05:25:00;39.1;117;66;102;90;22;0.95;58.1;18.5;633;7.4;4;CAPT031;Bonne
M004379;PAT0058;2024-03-10 04:50:00;2024-03-10;04:50:00;38.6;132;75;91;94;20;0.77;48;31.8;7526;6;8;CAPT029;Bonne
M004380;PAT0112;2024-06-14 09:41:00;2024-06-14;09:41:00;35.5;126;79;93;95;16;0.98;57.9;28.8;7348;4.9;8;CAPT041;Bonne
M004381;PAT0167;2024-07-29 18:17:00;2024-07-29;18:17:00;36.4;165;97;89;97;17;0.78;57.3;20.8;5502;9.8;9;CAPT048;Bonne
M004382;PAT0112;2024-08-26 17:42:00;2024-08-26;17:42:00;35.5;103;87;85;99;23;1.34;75.5;19.2;6797;9.8;0;CAPT034;Bonne
M004383;PAT0009;2024-08-19 07:11:00;2024-08-19;07:11:00;36;131;81;95;95;23;1.37;65.8;31.7;452;9;9;CAPT049;Moyenne
M004384;PAT0168;2024-05-31 11:21:00;2024-05-31;11:21:00;38.8;141;75;90;97;19;1.09;52.3;19.9;3869;3.8;5;CAPT029;Bonne
M004385;PAT0003;2024-06-27 21:23:00;2024-06-27;21:23:00;39.4;124;72;97;95;14;3.48;45.5;34.4;6062;4.1;7;CAPT024;Bonne
M004386;PAT0010;2024-09-29 15:56:00;2024-09-29;15:56:00;38.7;141;64;84;96;18;2.49;60.9;20.2;4219;4.3;8;CAPT044;Moyenne
M004387;PAT0151;2024-12-23 17:37:00;2024-12-23;17:37:00;37.2;144;85;57;94;19;2.54;54.5;33.9;7150;6.9;6;CAPT039;Bonne
M004388;PAT0039;2024-05-06 10:27:00;2024-05-06;10:27:00;35.6;108;80;71;94;12;1.31;66.1;21.2;7591;7.7;4;CAPT005;Moyenne
M004389;PAT0094;2024-10-27 14:44:00;2024-10-27;14:44:00;39.3;127;65;106;89;18;0.76;49.2;27.9;2449;6.3;4;CAPT034;Moyenne
M004390;PAT0065;2024-04-21 02:53:00;2024-04-21;02:53:00;39.4;139;103;81;98;17;1.11;70;21.4;6278;8.4;9;CAPT017;Bonne
M004391;PAT0086;2024-01-11 21:04:00;2024-01-11;21:04:00;38;107;62;81;97;21;1.07;72.1;29.7;1283;3.8;1;CAPT018;Bonne
M004392;PAT0107;2024-07-22 08:43:00;2024-07-22;08:43:00;37;131;71;109;94;24;1.23;62.6;34;907;8.6;7;CAPT028;Bonne
M004393;PAT0198;2024-03-18 04:08:00;2024-03-18;04:08:00;38.9;126;68;95;94;22;0.93;88.5;33.4;3128;8.4;0;CAPT003;Bonne
M004394;PAT0190;2024-02-18 00:06:00;2024-02-18;00:06:00;36.6;105;66;63;95;15;1.17;83;20.9;3967;8;8;CAPT005;Moyenne
M004395;PAT0158;2024-05-19 01:49:00;2024-05-19;01:49:00;38.9;161;93;71;99;16;1.09;78.1;34.4;510;4.8;9;CAPT029;Bonne
M004396;PAT0197;2024-06-03 17:42:00;2024-06-03;17:42:00;38.6;100;62;98;94;17;1.25;92.5;30.4;4328;8.1;3;CAPT008;Bonne
M004397;PAT0035;2024-09-20 03:31:00;2024-09-20;03:31:00;38.5;136;64;82;99;21;1.33;78.1;18.1;7414;3.1;6;CAPT002;Bonne
M004398;PAT0083;2024-10-30 19:55:00;2024-10-30;19:55:00;35.5;122;73;72;98;23;1.06;91.9;33.5;6399;6.6;8;CAPT035;Bonne
M004399;PAT0031;2024-04-08 06:18:00;2024-04-08;06:18:00;38.3;109;61;67;99;22;0.89;46.4;34.9;7670;6.9;8;CAPT048;Moyenne
M004400;PAT0029;2024-01-25 10:24:00;2024-01-25;10:24:00;39.4;139;89;64;98;13;1.19;84.1;23.8;4197;7.5;3;CAPT047;Moyenne
M004401;PAT0169;2024-10-29 18:02:00;2024-10-29;18:02:00;38;106;82;78;98;16;1;97.9;31.2;6506;10;2;CAPT007;Mauvaise
M004402;PAT0106;2024-10-18 09:26:00;2024-10-18;09:26:00;35.6;117;65;77;95;18;2.81;52.5;28.8;2987;4.1;7;CAPT019;Bonne
M004403;PAT0111;2024-08-04 08:09:00;2024-08-04;08:09:00;37.5;117;73;65;97;21;1.37;53.2;29.7;1148;8.1;5;CAPT037;Mauvaise
M004404;PAT0135;2024-07-22 05:03:00;2024-07-22;05:03:00;37.3;141;71;87;95;24;1.3;89.5;28.6;6296;8.8;7;CAPT017;Bonne
M004405;PAT0150;2024-06-13 19:04:00;2024-06-13;19:04:00;38.9;135;65;72;97;16;1.33;66.4;32.7;1169;4;4;CAPT016;Bonne
M004406;PAT0058;2024-05-12 23:27:00;2024-05-12;23:27:00;37;108;62;66;97;20;0.76;98.3;24;6911;8;7;CAPT008;Bonne
M004407;PAT0195;2024-06-30 15:54:00;2024-06-30;15:54:00;38.9;158;93;66;97;16;0.99;73.2;19.6;7304;3.2;6;CAPT037;Bonne
M004408;PAT0160;2024-01-30 09:15:00;2024-01-30;09:15:00;39.2;121;86;71;94;20;0.94;76.3;30.8;174;5;7;CAPT007;Bonne
M004409;PAT0102;2024-01-21 16:24:00;2024-01-21;16:24:00;36.1;131;60;83;96;13;0.89;84.8;33.8;956;9.1;3;CAPT013;Bonne
M004410;PAT0034;2024-04-25 00:30:00;2024-04-25;00:30:00;39.5;117;80;62;99;17;1.24;99.6;33.2;1619;9.9;1;CAPT036;Bonne
M004411;PAT0126;2024-02-18 05:26:00;2024-02-18;05:26:00;35.9;121;81;75;99;22;0.97;57;32.7;2655;5.5;5;CAPT050;Moyenne
M004412;PAT0093;2024-06-13 17:25:00;2024-06-13;17:25:00;36;121;80;78;94;17;2.33;86;29.7;5436;9;9;CAPT013;Bonne
M004413;PAT0148;2024-01-19 16:14:00;2024-01-19;16:14:00;37;150;96;87;98;15;0.87;79.8;33.7;4552;8.9;6;CAPT044;Bonne
M004414;PAT0164;2024-09-28 11:36:00;2024-09-28;11:36:00;37.7;142;104;64;97;21;1.03;73;28;1863;3.1;3;CAPT040;Bonne
M004415;PAT0099;2024-11-09 06:11:00;2024-11-09;06:11:00;37;112;71;124;94;14;0.96;95.3;25.1;7068;4;7;CAPT030;Moyenne
M004416;PAT0112;2024-03-12 07:26:00;2024-03-12;07:26:00;37.7;136;83;95;99;21;1.18;49.6;21;4687;5.4;2;CAPT017;Mauvaise
M004417;PAT0032;2024-11-09 23:38:00;2024-11-09;23:38:00;38.3;122;74;65;96;20;1.07;100;34.4;4956;7.4;5;CAPT031;Bonne
M004418;PAT0144;2024-01-17 05:57:00;2024-01-17;05:57:00;39.3;126;68;89;94;13;3.09;96.1;32.5;6699;3.9;6;CAPT033;Bonne
M004419;PAT0005;2024-08-20 15:05:00;2024-08-20;15:05:00;38.2;135;60;116;92;21;0.76;46.5;20.2;1959;5.1;5;CAPT002;Bonne
M004420;PAT0035;2024-12-04 18:18:00;2024-12-04;18:18:00;36.6;118;83;98;94;15;1.22;57.3;24.2;5334;4.5;0;CAPT007;Mauvaise
M004421;PAT0165;2024-05-06 19:04:00;2024-05-06;19:04:00;35.6;136;87;65;96;22;0.9;56.9;34.1;48;8.2;2;CAPT008;Bonne
M004422;PAT0136;2024-12-05 23:27:00;2024-12-05;23:27:00;39.4;120;74;92;93;19;1;92.1;28.8;229;9.2;2;CAPT028;Bonne
M004423;PAT0164;2024-05-11 15:30:00;2024-05-11;15:30:00;38.1;167;106;85;99;23;1.04;52.5;18.9;5932;9.5;8;CAPT006;Bonne
M004424;PAT0170;2024-05-31 00:35:00;2024-05-31;00:35:00;36.4;161;97;78;99;22;1.31;58.8;30.6;4212;8.9;5;CAPT012;Moyenne
M004425;PAT0101;2024-02-13 20:34:00;2024-02-13;20:34:00;37.3;108;67;91;94;19;0.71;84.1;31.4;426;8.3;6;CAPT042;Mauvaise
M004426;PAT0057;2024-05-24 04:08:00;2024-05-24;04:08:00;36.8;127;61;88;97;17;0.83;77.5;34;6015;3.9;2;CAPT017;Moyenne
M004427;PAT0033;2024-09-09 15:28:00;2024-09-09;15:28:00;38.6;157;104;70;99;12;0.95;70.1;22.3;1041;6.1;8;CAPT022;Moyenne
M004428;PAT0013;2024-02-24 21:51:00;2024-02-24;21:51:00;37.6;139;63;77;98;16;0.82;93.2;21.2;2564;3.7;5;CAPT019;Bonne
M004429;PAT0135;2024-01-18 07:45:00;2024-01-18;07:45:00;37;103;77;92;98;16;0.92;74.2;27.9;3234;5.8;3;CAPT050;Bonne
M004430;PAT0137;2024-09-15 09:11:00;2024-09-15;09:11:00;38.7;119;61;72;99;21;1.04;45.9;30.7;4407;7.7;9;CAPT030;Bonne
M004431;PAT0085;2024-11-16 22:56:00;2024-11-16;22:56:00;37.9;128;66;76;98;23;1.33;75.8;24.3;5869;6.5;9;CAPT039;Moyenne
M004432;PAT0080;2024-08-31 01:56:00;2024-08-31;01:56:00;37;115;65;106;93;17;1.01;83.6;30.3;7505;4.7;9;CAPT038;Bonne
M004433;PAT0046;2024-05-03 04:41:00;2024-05-03;04:41:00;38.1;121;87;69;96;24;1.07;53.3;34.5;6470;5.2;1;CAPT027;Bonne
M004434;PAT0021;2024-12-30 21:45:00;2024-12-30;21:45:00;38.1;101;85;99;96;20;1.3;77.6;22.9;1298;8.2;3;CAPT029;Moyenne
M004435;PAT0166;2024-12-06 02:33:00;2024-12-06;02:33:00;39.5;164;102;86;98;15;1.02;76.3;31.4;7327;4.5;2;CAPT027;Mauvaise
M004436;PAT0192;2024-04-25 18:20:00;2024-04-25;18:20:00;38;127;88;92;99;17;1.34;61;28.8;7991;9.8;7;CAPT038;Bonne
M004437;PAT0035;2024-02-03 03:45:00;2024-02-03;03:45:00;37.7;141;83;59;96;22;1.19;86.2;20.9;1065;9.7;2;CAPT022;Bonne
M004438;PAT0162;2024-11-12 08:29:00;2024-11-12;08:29:00;36.4;144;86;82;94;16;0.74;71.8;25.2;628;5.8;0;CAPT013;Moyenne
M004439;PAT0130;2024-10-25 12:56:00;2024-10-25;12:56:00;38.8;142;86;59;97;16;1.34;61.1;34.3;4841;9.6;7;CAPT032;Bonne
M004440;PAT0174;2024-02-13 22:30:00;2024-02-13;22:30:00;37.7;113;65;100;93;15;1.03;79.7;31.8;4316;8.6;9;CAPT002;Moyenne
M004441;PAT0012;2024-11-26 03:01:00;2024-11-26;03:01:00;38.7;106;67;90;97;23;2.47;50.4;22.3;1054;6.5;9;CAPT027;Bonne
M004442;PAT0171;2024-01-30 12:11:00;2024-01-30;12:11:00;36.8;142;74;60;98;22;0.99;62.7;23.5;1022;5.4;1;CAPT017;Moyenne
M004443;PAT0150;2024-01-22 18:44:00;2024-01-22;18:44:00;37.1;108;70;70;98;24;1.24;50.4;29.9;7157;7.7;5;CAPT001;Bonne
M004444;PAT0170;2024-01-01 22:16:00;2024-01-01;22:16:00;38;159;85;64;95;14;1.06;64.4;29.8;752;9.3;0;CAPT018;Bonne
M004445;PAT0041;2024-09-04 21:57:00;2024-09-04;21:57:00;38.1;114;88;91;90;16;1.16;93.2;30.3;4321;7.1;3;CAPT026;Bonne
M004446;PAT0109;2024-12-03 04:39:00;2024-12-03;04:39:00;36.7;101;75;74;94;15;0.94;73.4;32.5;158;9.6;4;CAPT023;Bonne
M004447;PAT0030;2024-10-27 14:09:00;2024-10-27;14:09:00;38.5;164;97;69;97;13;1.02;48.5;29.1;3803;9.1;3;CAPT017;Bonne
M004448;PAT0053;2024-04-30 10:14:00;2024-04-30;10:14:00;39.3;161;108;95;97;12;1.23;70.5;29.5;5218;7.8;6;CAPT032;Bonne
M004449;PAT0114;2024-03-07 12:51:00;2024-03-07;12:51:00;38.8;123;84;94;98;23;1.69;63.4;32.5;522;5.3;8;CAPT014;Bonne
M004450;PAT0171;2024-06-02 22:41:00;2024-06-02;22:41:00;37.9;116;71;65;95;12;0.75;78;22.4;6587;6.3;5;CAPT031;Bonne
M004451;PAT0020;2024-12-17 20:11:00;2024-12-17;20:11:00;39;119;76;59;94;17;1.14;46.6;31.4;1598;3.6;7;CAPT043;Bonne
M004452;PAT0148;2024-09-03 08:25:00;2024-09-03;08:25:00;37.1;138;93;61;99;18;1.12;83.9;25;7127;8.3;1;CAPT043;Moyenne
M004453;PAT0070;2024-02-16 14:07:00;2024-02-16;14:07:00;38.5;138;78;94;94;12;2.29;54.4;31.1;4697;5.6;2;CAPT028;Bonne
M004454;PAT0129;2024-05-05 23:03:00;2024-05-05;23:03:00;36.4;152;90;82;98;17;1.16;64.2;21.4;6880;9.5;9;CAPT037;Bonne
M004455;PAT0096;2024-07-04 10:34:00;2024-07-04;10:34:00;37.3;164;91;63;94;21;1.2;85.5;24.5;7992;4.4;2;CAPT047;Bonne
M004456;PAT0003;2024-10-13 02:47:00;2024-10-13;02:47:00;35.7;110;64;85;97;15;2.29;72.5;26.9;3847;4.6;9;CAPT039;Bonne
M004457;PAT0077;2024-07-16 08:46:00;2024-07-16;08:46:00;37.2;112;76;59;96;13;1.27;82.3;34;4576;4.3;3;CAPT025;Bonne
M004458;PAT0023;2024-12-23 20:50:00;2024-12-23;20:50:00;37.9;117;73;78;96;24;1.8;81.1;29.4;7198;4.7;9;CAPT050;Bonne
M004459;PAT0147;2024-08-13 10:25:00;2024-08-13;10:25:00;38.3;144;85;91;93;24;0.98;59.1;27.9;3481;8.3;6;CAPT038;Bonne
M004460;PAT0082;2024-11-05 10:25:00;2024-11-05;10:25:00;39.1;179;94;95;94;17;0.74;67;35;2074;3.4;6;CAPT026;Bonne
M004461;PAT0052;2024-12-30 03:50:00;2024-12-30;03:50:00;39.5;118;63;63;96;13;0.97;64.7;19.3;5979;4.8;6;CAPT029;Bonne
M004462;PAT0131;2024-12-30 20:03:00;2024-12-30;20:03:00;39;105;74;61;99;12;1.02;91.2;26.5;7931;3.6;0;CAPT048;Bonne
M004463;PAT0168;2024-04-10 22:46:00;2024-04-10;22:46:00;37.4;127;77;81;94;22;0.95;79.7;29.4;4987;4.7;1;CAPT027;Bonne
M004464;PAT0094;2024-09-04 20:56:00;2024-09-04;20:56:00;36.2;122;82;91;95;15;1.35;89.1;23.4;1825;8.2;6;CAPT026;Mauvaise
M004465;PAT0113;2024-12-22 01:21:00;2024-12-22;01:21:00;36.9;133;81;74;95;24;1.02;73.4;27.9;1771;8.4;1;CAPT031;Bonne
M004466;PAT0023;2024-12-21 18:58:00;2024-12-21;18:58:00;37.9;128;60;55;96;17;3.47;78.5;28.2;1542;3.7;5;CAPT019;Mauvaise
M004467;PAT0181;2024-09-01 00:03:00;2024-09-01;00:03:00;38.1;123;78;81;97;24;1.08;76.6;21.7;2620;7.9;6;CAPT007;Bonne
M004468;PAT0055;2024-07-19 16:36:00;2024-07-19;16:36:00;36.3;120;71;83;94;22;1.39;89.8;25.2;6187;4.1;3;CAPT016;Mauvaise
M004469;PAT0112;2024-10-01 09:04:00;2024-10-01;09:04:00;36.9;126;74;79;96;13;1.23;71.5;29.8;5834;8.2;8;CAPT005;Moyenne
M004470;PAT0135;2024-12-24 20:41:00;2024-12-24;20:41:00;37;122;71;56;96;16;0.89;84.7;24;4749;5.9;1;CAPT006;Bonne
M004471;PAT0122;2024-07-05 10:35:00;2024-07-05;10:35:00;37.9;122;80;68;98;23;1.01;53.5;29.8;3787;5.5;9;CAPT009;Moyenne
M004472;PAT0177;2024-10-11 15:42:00;2024-10-11;15:42:00;35.6;104;61;76;99;23;1.08;99.4;25.4;5633;3;3;CAPT043;Bonne
M004473;PAT0039;2024-10-07 22:11:00;2024-10-07;22:11:00;37.9;115;60;87;99;22;1.24;57.3;22;3531;9.7;5;CAPT035;Bonne
M004474;PAT0113;2024-09-11 03:23:00;2024-09-11;03:23:00;38.4;130;71;64;96;15;1.07;55.7;31.6;3455;7.2;2;CAPT027;Bonne
M004475;PAT0077;2024-03-21 13:33:00;2024-03-21;13:33:00;38.2;135;60;81;98;24;1.04;91.8;26.5;6087;5.9;7;CAPT044;Bonne
M004476;PAT0093;2024-08-20 21:09:00;2024-08-20;21:09:00;39.1;123;66;73;97;22;1.94;58.5;30.9;1659;9.5;6;CAPT008;Bonne
M004477;PAT0141;2024-12-16 01:33:00;2024-12-16;01:33:00;37.7;111;77;66;95;14;1.36;96.4;26.2;2281;5.8;6;CAPT020;Bonne
M004478;PAT0090;2024-12-12 10:34:00;2024-12-12;10:34:00;35.9;118;72;93;94;21;1.23;45.7;27;5413;3.8;0;CAPT036;Bonne
M004479;PAT0165;2024-12-14 13:31:00;2024-12-14;13:31:00;37.9;127;74;85;99;17;1.09;89.2;22.4;4636;6.5;2;CAPT006;Moyenne
M004480;PAT0151;2024-09-29 23:35:00;2024-09-29;23:35:00;39.3;106;67;64;98;17;1.69;65.7;32.1;3796;8.5;3;CAPT019;Bonne
M004481;PAT0100;2024-05-04 07:14:00;2024-05-04;07:14:00;36.7;141;79;91;91;24;1.23;69.4;22.7;5514;7;4;CAPT015;Bonne
M004482;PAT0051;2024-10-22 04:09:00;2024-10-22;04:09:00;38.7;134;89;70;97;23;1.37;96.2;25.3;6010;9.2;4;CAPT033;Moyenne
M004483;PAT0030;2024-02-08 11:00:00;2024-02-08;11:00:00;36.2;171;93;81;98;13;1.13;71.7;21.5;2278;9.2;9;CAPT032;Bonne
M004484;PAT0063;2024-06-09 01:20:00;2024-06-09;01:20:00;39.4;110;79;83;96;21;0.9;51.3;22.9;4529;5.2;9;CAPT041;Moyenne
M004485;PAT0001;2024-03-07 13:01:00;2024-03-07;13:01:00;38;134;74;77;99;22;1.78;92.5;28.9;1723;6;2;CAPT039;Mauvaise
M004486;PAT0020;2024-10-27 15:28:00;2024-10-27;15:28:00;36.4;130;86;84;96;24;0.89;98.4;24.4;3898;7;5;CAPT049;Bonne
M004487;PAT0190;2024-10-24 03:38:00;2024-10-24;03:38:00;37.7;142;70;99;96;17;1.36;69.1;23.1;2910;9.8;7;CAPT015;Bonne
M004488;PAT0100;2024-04-14 19:28:00;2024-04-14;19:28:00;38.1;111;88;116;92;20;1.01;74;26.9;1693;8.6;9;CAPT033;Mauvaise
M004489;PAT0192;2024-12-14 11:57:00;2024-12-14;11:57:00;38.1;109;62;67;97;22;1.12;64.9;20;1489;3.8;7;CAPT041;Moyenne
M004490;PAT0157;2024-05-14 08:50:00;2024-05-14;08:50:00;38.4;113;66;98;94;15;1.07;96.3;19.1;4111;6;2;CAPT037;Bonne
M004491;PAT0082;2024-09-02 08:30:00;2024-09-02;08:30:00;37.4;171;100;55;98;24;0.83;60.3;25.5;7980;4.1;2;CAPT010;Bonne
M004492;PAT0057;2024-09-20 14:28:00;2024-09-20;14:28:00;37;136;64;96;97;19;1.06;94.6;19.2;1514;9;0;CAPT040;Moyenne
M004493;PAT0021;2024-10-15 16:30:00;2024-10-15;16:30:00;36.8;102;63;86;97;14;1.35;72.1;32.8;6289;6.8;2;CAPT015;Bonne
M004494;PAT0033;2024-10-31 01:40:00;2024-10-31;01:40:00;38.6;160;105;78;96;12;1.21;95.5;23.5;3506;3.1;1;CAPT019;Moyenne
M004495;PAT0090;2024-08-12 07:24:00;2024-08-12;07:24:00;36.8;111;76;110;92;14;1.22;65;18.6;7019;8.1;8;CAPT005;Bonne
M004496;PAT0147;2024-06-04 05:18:00;2024-06-04;05:18:00;37.1;141;89;121;93;21;0.86;92.3;30.6;6181;6.3;1;CAPT009;Mauvaise
M004497;PAT0049;2024-05-06 01:49:00;2024-05-06;01:49:00;39.4;125;67;67;99;14;1.13;67.4;22;4137;5.6;8;CAPT013;Bonne
M004498;PAT0183;2024-08-29 10:59:00;2024-08-29;10:59:00;39.1;102;71;69;99;16;0.96;77.2;27.2;3749;7;7;CAPT011;Bonne
M004499;PAT0129;2024-12-26 03:38:00;2024-12-26;03:38:00;37.1;150;102;78;94;13;0.83;45;26.3;4393;6.4;0;CAPT041;Bonne
M004500;PAT0084;2024-09-15 20:55:00;2024-09-15;20:55:00;37.7;123;61;90;96;22;1.14;87.8;31.4;7078;9.9;0;CAPT030;Bonne
M004501;PAT0109;2024-10-28 15:29:00;2024-10-28;15:29:00;36.4;137;69;75;97;20;0.87;80.3;26.8;5818;4.7;8;CAPT028;Bonne
M004502;PAT0099;2024-10-18 15:42:00;2024-10-18;15:42:00;37.8;125;84;105;88;19;0.99;72.4;31.8;7300;9.5;5;CAPT001;Bonne
M004503;PAT0194;2024-11-25 09:17:00;2024-11-25;09:17:00;39.5;138;72;84;97;18;0.74;81.4;25.5;878;4;0;CAPT026;Bonne
M004504;PAT0041;2024-01-14 21:05:00;2024-01-14;21:05:00;35.6;134;64;94;95;18;1.36;69.3;21.9;966;4.3;5;CAPT010;Moyenne
M004505;PAT0104;2024-08-17 16:10:00;2024-08-17;16:10:00;36.9;149;89;91;97;15;0.95;66.2;18.3;3124;7.3;9;CAPT043;Bonne
M004506;PAT0021;2024-08-05 15:07:00;2024-08-05;15:07:00;35.8;143;75;76;94;23;1.22;69.3;21.5;733;6.9;3;CAPT050;Bonne
M004507;PAT0186;2024-08-14 05:17:00;2024-08-14;05:17:00;38.7;106;80;58;97;18;1.36;62.4;19.5;5730;9.2;0;CAPT036;Moyenne
M004508;PAT0118;2024-09-16 21:32:00;2024-09-16;21:32:00;36.7;133;66;123;92;24;1.17;72.2;30.1;7586;8.4;9;CAPT045;Bonne
M004509;PAT0141;2024-07-05 06:47:00;2024-07-05;06:47:00;37.1;125;62;82;98;15;1.26;79;26.1;4037;6.1;2;CAPT014;Bonne
M004510;PAT0159;2024-01-18 14:47:00;2024-01-18;14:47:00;38.3;101;82;76;99;13;1.36;46.3;19.4;3226;4.3;2;CAPT003;Moyenne
M004511;PAT0105;2024-08-17 05:04:00;2024-08-17;05:04:00;38.6;153;108;81;97;22;1.12;74.4;23.4;6544;6.8;7;CAPT036;Bonne
M004512;PAT0116;2024-04-03 15:55:00;2024-04-03;15:55:00;39.3;116;71;99;89;17;1.25;96.5;21.8;6992;7;9;CAPT036;Moyenne
M004513;PAT0198;2024-05-27 23:36:00;2024-05-27;23:36:00;36.2;133;63;81;98;16;0.81;49.6;26;2083;6.4;5;CAPT001;Bonne
M004514;PAT0110;2024-10-16 01:53:00;2024-10-16;01:53:00;39.3;106;71;88;95;19;1.18;65.5;21.7;3340;5.9;8;CAPT017;Bonne
M004515;PAT0175;2024-04-14 13:49:00;2024-04-14;13:49:00;39.2;173;96;87;95;21;1.34;73.4;20.1;5400;6.1;8;CAPT013;Bonne
M004516;PAT0138;2024-06-21 21:26:00;2024-06-21;21:26:00;35.7;115;87;82;97;23;0.98;66.9;26.2;2233;10;2;CAPT023;Bonne
M004517;PAT0145;2024-05-04 23:58:00;2024-05-04;23:58:00;38.5;126;85;57;95;18;0.95;63;19.7;192;3;2;CAPT048;Bonne
M004518;PAT0194;2024-08-14 15:57:00;2024-08-14;15:57:00;38.1;103;78;76;97;17;1.15;64.5;18.2;3379;3.3;8;CAPT022;Bonne
M004519;PAT0177;2024-09-29 20:39:00;2024-09-29;20:39:00;38.4;108;88;97;95;21;1.28;75.1;18.4;6561;6.8;5;CAPT021;Bonne
M004520;PAT0084;2024-03-18 06:21:00;2024-03-18;06:21:00;37.4;101;64;69;96;17;1.07;61.1;24.1;4410;6.3;7;CAPT010;Bonne
M004521;PAT0012;2024-03-19 09:07:00;2024-03-19;09:07:00;35.6;103;80;92;96;18;2.41;60.7;24.3;245;8.5;6;CAPT048;Bonne
M004522;PAT0196;2024-05-05 03:25:00;2024-05-05;03:25:00;37;114;60;85;94;18;0.91;73.8;20;3251;8.4;9;CAPT008;Bonne
M004523;PAT0023;2024-07-06 20:24:00;2024-07-06;20:24:00;39.4;138;87;72;94;20;1.99;49.9;29;5094;3.1;9;CAPT018;Bonne
M004524;PAT0113;2024-07-01 01:02:00;2024-07-01;01:02:00;35.7;114;64;59;99;16;1.16;90.6;23.7;7498;5.1;2;CAPT042;Bonne
M004525;PAT0142;2024-03-07 20:30:00;2024-03-07;20:30:00;35.6;149;105;61;98;19;1.11;93.1;27.7;3799;7.8;2;CAPT042;Moyenne
M004526;PAT0099;2024-06-06 19:15:00;2024-06-06;19:15:00;36.8;119;73;94;95;15;0.92;80.7;30.6;6740;9;6;CAPT042;Bonne
M004527;PAT0130;2024-12-13 07:50:00;2024-12-13;07:50:00;38.1;124;86;90;97;17;1.36;56.6;21.7;421;5.1;2;CAPT009;Mauvaise
M004528;PAT0043;2024-06-15 16:58:00;2024-06-15;16:58:00;38.5;102;83;62;99;18;1.9;71.6;26.9;6673;4.5;8;CAPT023;Bonne
M004529;PAT0017;2024-05-31 20:42:00;2024-05-31;20:42:00;36.2;115;80;55;98;21;1.25;60;28.8;7603;8.5;5;CAPT041;Bonne
M004530;PAT0182;2024-12-25 07:42:00;2024-12-25;07:42:00;37.9;175;105;67;97;24;0.98;87.4;30.4;2193;4.8;2;CAPT014;Bonne
M004531;PAT0152;2024-12-29 17:01:00;2024-12-29;17:01:00;36.6;140;100;61;97;18;1.34;98.5;33.3;5723;6.9;2;CAPT049;Moyenne
M004532;PAT0140;2024-08-01 15:40:00;2024-08-01;15:40:00;36.2;121;78;83;96;14;1.26;62.4;23.1;6702;7.8;8;CAPT025;Bonne
M004533;PAT0029;2024-01-27 18:37:00;2024-01-27;18:37:00;37.5;119;64;73;95;24;1.22;69.6;19.2;3822;8.8;0;CAPT038;Bonne
M004534;PAT0129;2024-07-22 13:34:00;2024-07-22;13:34:00;39.1;138;99;71;96;22;1.38;50.6;33.2;3766;4.6;6;CAPT041;Bonne
M004535;PAT0140;2024-11-04 03:43:00;2024-11-04;03:43:00;36.2;130;80;80;98;17;0.91;50.3;18.9;7180;5.7;3;CAPT021;Bonne
M004536;PAT0067;2024-07-16 04:23:00;2024-07-16;04:23:00;37.3;109;77;91;97;14;1.35;51.1;32.7;1306;4.5;1;CAPT007;Mauvaise
M004537;PAT0033;2024-10-30 16:28:00;2024-10-30;16:28:00;37.1;150;105;70;94;24;1.01;87.4;20.8;2592;8.3;5;CAPT038;Bonne
M004538;PAT0091;2024-11-23 18:19:00;2024-11-23;18:19:00;37.5;100;71;84;97;14;1.35;65;27.4;3805;7.4;6;CAPT042;Bonne
M004539;PAT0130;2024-08-19 03:29:00;2024-08-19;03:29:00;39.1;116;70;99;98;17;1.13;80.9;19.5;5640;5.4;0;CAPT032;Mauvaise
M004540;PAT0025;2024-01-19 08:11:00;2024-01-19;08:11:00;37;171;106;62;96;17;1.35;96.9;19.4;1890;8.8;7;CAPT050;Moyenne
M004541;PAT0065;2024-08-01 10:02:00;2024-08-01;10:02:00;38.9;161;88;88;97;20;1.01;59.4;19.8;7134;4.3;9;CAPT017;Moyenne
M004542;PAT0073;2024-12-15 21:32:00;2024-12-15;21:32:00;38.5;112;83;69;99;14;1.38;52.9;33.3;689;5.9;3;CAPT039;Bonne
M004543;PAT0074;2024-07-07 08:05:00;2024-07-07;08:05:00;38.1;130;84;94;99;14;1.21;91.2;31.6;6515;3.8;1;CAPT015;Bonne
M004544;PAT0187;2024-10-12 01:16:00;2024-10-12;01:16:00;37.9;129;74;64;94;17;1.27;71.7;25.3;2867;3.1;7;CAPT013;Mauvaise
M004545;PAT0141;2024-08-15 07:38:00;2024-08-15;07:38:00;37.1;121;75;84;95;19;1.27;62.9;20.8;2180;9.3;4;CAPT031;Bonne
M004546;PAT0172;2024-12-26 15:18:00;2024-12-26;15:18:00;38.1;122;69;81;97;21;0.99;51.7;25.4;4577;8.9;7;CAPT018;Bonne
M004547;PAT0001;2024-08-10 22:07:00;2024-08-10;22:07:00;36.3;128;89;72;96;18;3.03;55.5;20.6;867;5.5;9;CAPT025;Moyenne
M004548;PAT0023;2024-03-14 13:46:00;2024-03-14;13:46:00;36.1;110;84;84;96;24;2.48;49.9;27.1;2061;9.6;2;CAPT045;Bonne
M004549;PAT0093;2024-01-05 18:42:00;2024-01-05;18:42:00;36.9;109;74;82;94;17;1.99;96.1;32.8;5574;7.4;7;CAPT050;Bonne
M004550;PAT0037;2024-06-22 00:23:00;2024-06-22;00:23:00;37.1;113;60;58;94;13;1.31;74.8;28.9;754;6.6;3;CAPT018;Bonne
M004551;PAT0166;2024-03-29 22:00:00;2024-03-29;22:00:00;37.3;162;90;86;94;15;1.31;70.9;20.6;6816;4.3;4;CAPT020;Bonne
M004552;PAT0009;2024-04-04 21:39:00;2024-04-04;21:39:00;36.3;124;65;96;95;16;1.18;74.1;19.8;5639;8.5;0;CAPT010;Bonne
M004553;PAT0105;2024-08-19 07:15:00;2024-08-19;07:15:00;36.1;165;91;77;98;21;1.03;67.5;25.6;4823;9.4;6;CAPT028;Bonne
M004554;PAT0113;2024-11-10 10:58:00;2024-11-10;10:58:00;37.5;107;67;57;95;15;0.9;73;20.1;5059;7.4;0;CAPT019;Bonne
M004555;PAT0196;2024-08-16 20:45:00;2024-08-16;20:45:00;37.3;108;73;55;94;22;0.97;61.2;29.7;5276;9.8;9;CAPT019;Bonne
M004556;PAT0069;2024-04-09 02:12:00;2024-04-09;02:12:00;37.2;128;60;82;96;21;1.12;64.1;33;1393;4.1;8;CAPT047;Moyenne
M004557;PAT0193;2024-07-28 16:16:00;2024-07-28;16:16:00;38.3;137;61;129;93;22;1.32;78.2;32.9;1403;9.4;7;CAPT022;Mauvaise
M004558;PAT0059;2024-08-04 14:41:00;2024-08-04;14:41:00;37.5;130;60;93;95;22;0.98;87;18.5;3351;3.5;1;CAPT008;Bonne
M004559;PAT0183;2024-04-15 03:30:00;2024-04-15;03:30:00;37.3;128;82;91;98;22;1.2;45.8;22.1;4879;3.3;8;CAPT014;Bonne
M004560;PAT0142;2024-04-23 06:12:00;2024-04-23;06:12:00;35.9;142;102;89;99;22;1.18;62.5;34.5;6614;9.6;9;CAPT047;Bonne
M004561;PAT0025;2024-02-23 12:25:00;2024-02-23;12:25:00;36.6;173;108;64;99;15;1.06;90;20.7;1500;6;5;CAPT035;Bonne
M004562;PAT0015;2024-11-01 07:32:00;2024-11-01;07:32:00;37.6;104;75;93;96;16;1.31;83.1;33.5;595;7.5;6;CAPT024;Bonne
M004563;PAT0050;2024-06-30 08:49:00;2024-06-30;08:49:00;39;126;88;61;97;13;0.75;94.2;27.6;2626;6.8;4;CAPT007;Bonne
M004564;PAT0093;2024-05-13 02:55:00;2024-05-13;02:55:00;36.8;115;81;66;96;17;2.31;89.2;18.4;2796;5.6;0;CAPT028;Bonne
M004565;PAT0004;2024-04-03 07:45:00;2024-04-03;07:45:00;37;143;76;91;94;19;1.05;48.3;24.8;1550;9.7;3;CAPT027;Bonne
M004566;PAT0168;2024-03-14 09:55:00;2024-03-14;09:55:00;39.3;103;62;62;94;23;0.82;75.4;28.3;6532;4;8;CAPT022;Bonne
M004567;PAT0027;2024-10-08 22:09:00;2024-10-08;22:09:00;39;142;89;61;99;15;2.67;94.2;34.3;604;3.7;8;CAPT050;Moyenne
M004568;PAT0063;2024-07-31 04:04:00;2024-07-31;04:04:00;35.7;126;70;71;95;14;0.94;60.9;19.3;7793;9.1;5;CAPT040;Bonne
M004569;PAT0149;2024-11-29 00:25:00;2024-11-29;00:25:00;36;106;64;126;94;17;1.05;78.8;26.9;459;3.3;7;CAPT040;Mauvaise
M004570;PAT0123;2024-04-04 13:33:00;2024-04-04;13:33:00;37.1;127;77;85;94;18;2.68;96.3;18.8;3466;6.7;3;CAPT027;Bonne
M004571;PAT0142;2024-07-19 17:59:00;2024-07-19;17:59:00;38.7;140;96;77;98;18;0.77;96.3;19.9;1639;3.3;3;CAPT015;Bonne
M004572;PAT0121;2024-01-28 16:43:00;2024-01-28;16:43:00;39.4;141;83;82;98;14;3.47;49.6;22.8;6567;4.4;1;CAPT002;Bonne
M004573;PAT0050;2024-11-04 04:01:00;2024-11-04;04:01:00;39.2;120;66;59;94;14;1.13;63.8;31.4;6520;7.7;0;CAPT012;Bonne
M004574;PAT0102;2024-09-03 00:40:00;2024-09-03;00:40:00;36.2;125;83;93;99;17;1.26;80.9;22.8;5485;5;5;CAPT021;Bonne
M004575;PAT0168;2024-09-24 22:34:00;2024-09-24;22:34:00;38.9;125;79;65;99;24;1.01;78.9;19.1;6374;4.2;2;CAPT015;Mauvaise
M004576;PAT0137;2024-06-18 05:09:00;2024-06-18;05:09:00;37.9;116;70;93;98;22;0.78;90.4;20.9;7216;7;9;CAPT043;Bonne
M004577;PAT0174;2024-06-16 08:02:00;2024-06-16;08:02:00;35.9;130;70;125;89;18;0.82;77.6;32.5;572;4.7;3;CAPT044;Bonne
M004578;PAT0076;2024-07-07 09:15:00;2024-07-07;09:15:00;38.1;126;71;83;99;23;1.04;72.8;24.8;3246;5.2;6;CAPT039;Mauvaise
M004579;PAT0069;2024-01-27 01:30:00;2024-01-27;01:30:00;38.8;133;88;98;97;21;1.02;90.7;27.8;3718;8.2;0;CAPT018;Moyenne
M004580;PAT0193;2024-07-23 13:38:00;2024-07-23;13:38:00;38.8;119;64;121;91;21;1;58.3;32.3;6866;5.5;0;CAPT041;Bonne
M004581;PAT0167;2024-01-09 08:53:00;2024-01-09;08:53:00;39.2;156;102;88;96;19;0.96;74.9;27.2;6281;5.5;9;CAPT001;Moyenne
M004582;PAT0190;2024-08-25 01:39:00;2024-08-25;01:39:00;37.8;141;86;66;99;13;1.05;85.2;20;2256;8.5;5;CAPT007;Bonne
M004583;PAT0162;2024-04-26 11:37:00;2024-04-26;11:37:00;38.3;167;87;71;95;20;1.32;45.1;21.3;5254;4.7;7;CAPT049;Bonne
M004584;PAT0096;2024-10-24 13:16:00;2024-10-24;13:16:00;35.6;160;102;59;97;17;1.17;47.7;23.3;814;3.2;5;CAPT040;Bonne
M004585;PAT0174;2024-04-16 10:11:00;2024-04-16;10:11:00;35.5;129;77;114;95;15;0.84;96.5;20.8;5173;4.2;2;CAPT025;Bonne
M004586;PAT0014;2024-04-16 02:24:00;2024-04-16;02:24:00;38.5;107;78;77;99;14;2.78;52.2;24.6;2236;8.9;8;CAPT015;Bonne
M004587;PAT0060;2024-02-18 09:03:00;2024-02-18;09:03:00;39.1;107;61;79;94;23;1.47;97.4;21.2;1362;3.1;1;CAPT031;Moyenne
M004588;PAT0022;2024-03-02 19:50:00;2024-03-02;19:50:00;37.8;146;99;77;98;19;1.18;62.4;33.7;7809;4.8;7;CAPT022;Bonne
M004589;PAT0196;2024-12-06 20:36:00;2024-12-06;20:36:00;36.9;104;61;64;96;18;0.78;75.5;28.2;7273;8;3;CAPT001;Bonne
M004590;PAT0194;2024-07-30 14:51:00;2024-07-30;14:51:00;38.7;105;84;81;95;16;1.27;80.1;20.7;7029;5.9;7;CAPT015;Moyenne
M004591;PAT0094;2024-02-14 15:51:00;2024-02-14;15:51:00;37.2;106;86;112;91;12;1.12;64.9;22.5;754;4.7;1;CAPT002;Bonne
M004592;PAT0039;2024-09-26 12:30:00;2024-09-26;12:30:00;39.5;143;78;59;96;23;1.19;48;25;5008;8.2;4;CAPT002;Bonne
M004593;PAT0044;2024-03-26 06:23:00;2024-03-26;06:23:00;39;129;63;95;95;20;0.91;69.2;22.9;7545;7.7;5;CAPT038;Moyenne
M004594;PAT0012;2024-02-13 15:21:00;2024-02-13;15:21:00;36.3;110;87;56;98;20;2.04;52.1;26.4;5982;7.8;9;CAPT040;Moyenne
M004595;PAT0127;2024-12-12 11:10:00;2024-12-12;11:10:00;37.1;116;86;84;94;20;2.8;51.7;27;3655;9.6;4;CAPT034;Bonne
M004596;PAT0160;2024-09-25 19:51:00;2024-09-25;19:51:00;38.4;105;75;55;94;16;1.19;67.1;30.4;1862;9;7;CAPT007;Bonne
M004597;PAT0123;2024-06-11 03:05:00;2024-06-11;03:05:00;35.8;137;82;83;99;15;3.43;53.9;22.5;2168;4.1;3;CAPT045;Moyenne
M004598;PAT0129;2024-07-05 09:26:00;2024-07-05;09:26:00;37.3;168;109;58;97;21;0.92;49.1;29.4;3309;4.4;1;CAPT005;Bonne
M004599;PAT0190;2024-05-15 02:36:00;2024-05-15;02:36:00;39.1;122;71;79;97;16;1.03;45;25;7107;7.2;1;CAPT020;Bonne
M004600;PAT0082;2024-10-04 11:30:00;2024-10-04;11:30:00;38.5;178;100;92;97;23;1.16;45.3;22.3;7174;9.2;7;CAPT042;Bonne
M004601;PAT0024;2024-07-25 02:29:00;2024-07-25;02:29:00;35.6;136;86;75;97;22;3.35;50.7;29.1;3378;3.3;6;CAPT007;Bonne
M004602;PAT0173;2024-04-19 17:14:00;2024-04-19;17:14:00;38.9;122;77;114;92;20;0.79;81.6;26.9;6380;8.8;4;CAPT006;Bonne
M004603;PAT0117;2024-05-05 10:30:00;2024-05-05;10:30:00;37.8;111;84;55;95;21;1.57;64.7;32.3;6996;4.8;4;CAPT002;Bonne
M004604;PAT0017;2024-12-06 20:59:00;2024-12-06;20:59:00;38.4;123;87;71;95;23;1.1;62.4;32.5;5896;8.5;3;CAPT047;Moyenne
M004605;PAT0015;2024-08-12 17:52:00;2024-08-12;17:52:00;39.3;114;72;82;98;12;1.2;91.8;19.3;4733;5.9;8;CAPT018;Bonne
M004606;PAT0053;2024-12-18 05:19:00;2024-12-18;05:19:00;39.3;164;95;84;97;19;0.89;83.9;32.3;2264;8.9;6;CAPT017;Bonne
M004607;PAT0122;2024-05-29 21:25:00;2024-05-29;21:25:00;39.3;134;69;89;94;24;0.92;52.9;33.5;2244;6.7;7;CAPT009;Bonne
M004608;PAT0059;2024-02-01 20:27:00;2024-02-01;20:27:00;39.1;133;83;58;96;16;1.37;93.5;20.1;5226;3.5;7;CAPT006;Bonne
M004609;PAT0109;2024-05-13 12:03:00;2024-05-13;12:03:00;36.4;131;65;85;94;22;1.34;89.4;34;6470;8.7;5;CAPT007;Bonne
M004610;PAT0161;2024-11-10 04:15:00;2024-11-10;04:15:00;36.6;125;63;97;95;23;1.19;82.9;24.6;641;4;8;CAPT049;Mauvaise
M004611;PAT0127;2024-05-11 10:12:00;2024-05-11;10:12:00;38.5;104;86;66;96;24;1.86;57.8;34.1;399;8.3;2;CAPT018;Moyenne
M004612;PAT0149;2024-01-05 13:02:00;2024-01-05;13:02:00;38.6;142;80;116;89;22;1.25;80.5;22.9;831;3.7;8;CAPT014;Bonne
M004613;PAT0122;2024-11-30 03:59:00;2024-11-30;03:59:00;36.4;125;65;57;97;20;1.39;82.1;28.9;6760;8.2;0;CAPT016;Bonne
M004614;PAT0162;2024-12-16 00:31:00;2024-12-16;00:31:00;37.7;142;95;71;96;23;0.77;91.6;18.8;2654;6.4;2;CAPT028;Bonne
M004615;PAT0148;2024-06-13 14:47:00;2024-06-13;14:47:00;37;139;86;73;94;24;1.28;51.1;31.6;3738;6.7;9;CAPT001;Moyenne
M004616;PAT0071;2024-12-10 10:40:00;2024-12-10;10:40:00;38.9;138;71;99;98;24;1.44;60.3;22.8;3693;5.1;1;CAPT032;Bonne
M004617;PAT0062;2024-12-25 07:23:00;2024-12-25;07:23:00;39.4;114;79;56;96;18;0.87;90.6;32.6;2995;6.3;6;CAPT028;Bonne
M004618;PAT0195;2024-01-18 03:42:00;2024-01-18;03:42:00;37.2;142;92;75;96;17;1.12;87.4;20.7;5260;9.7;7;CAPT016;Mauvaise
M004619;PAT0020;2024-12-25 15:51:00;2024-12-25;15:51:00;39;136;82;86;99;12;1.17;47.7;34.7;922;8.6;7;CAPT014;Moyenne
M004620;PAT0122;2024-02-29 16:20:00;2024-02-29;16:20:00;38;121;73;99;96;14;0.71;75.6;29.8;831;4.9;0;CAPT002;Bonne
M004621;PAT0189;2024-03-27 18:01:00;2024-03-27;18:01:00;36.8;120;86;86;94;24;2.63;88.3;33.9;5675;3.2;8;CAPT023;Mauvaise
M004622;PAT0124;2024-03-19 16:04:00;2024-03-19;16:04:00;37.6;123;70;91;96;16;3.32;69.6;20.6;4625;5.8;5;CAPT004;Moyenne
M004623;PAT0102;2024-11-06 19:40:00;2024-11-06;19:40:00;39.1;128;80;83;94;24;1.36;60.8;25.2;5821;7.4;6;CAPT006;Mauvaise
M004624;PAT0153;2024-05-17 01:51:00;2024-05-17;01:51:00;38.3;126;87;96;98;12;0.94;84.8;33.3;1550;8.8;8;CAPT025;Moyenne
M004625;PAT0046;2024-09-19 20:57:00;2024-09-19;20:57:00;39.1;137;64;71;95;15;1.22;46.4;34.6;3255;10;4;CAPT048;Mauvaise
M004626;PAT0168;2024-09-14 06:05:00;2024-09-14;06:05:00;38.5;139;64;58;94;17;0.74;53.3;29.4;5246;3.8;3;CAPT038;Mauvaise
M004627;PAT0086;2024-10-10 04:49:00;2024-10-10;04:49:00;38.8;102;73;83;95;13;1.12;53.8;22.1;7517;3.6;3;CAPT022;Moyenne
M004628;PAT0100;2024-03-11 11:00:00;2024-03-11;11:00:00;38.8;140;61;90;94;18;1.04;84;21.6;3566;9;7;CAPT049;Bonne
M004629;PAT0110;2024-03-30 22:29:00;2024-03-30;22:29:00;38.3;103;77;66;95;16;0.79;97.7;22.4;3081;4.3;4;CAPT012;Bonne
M004630;PAT0128;2024-09-10 06:09:00;2024-09-10;06:09:00;36.3;116;78;95;93;16;1.16;80.8;22;1703;6.4;7;CAPT017;Bonne
M004631;PAT0047;2024-02-21 21:57:00;2024-02-21;21:57:00;36.7;143;98;71;99;13;1.34;53.3;28.4;2157;4.3;5;CAPT029;Bonne
M004632;PAT0153;2024-09-03 08:07:00;2024-09-03;08:07:00;37;111;82;70;99;17;0.87;73;19.1;2993;8;6;CAPT019;Bonne
M004633;PAT0037;2024-12-05 10:36:00;2024-12-05;10:36:00;36;107;71;55;94;19;0.94;97.8;31.5;4328;4.6;4;CAPT042;Bonne
M004634;PAT0001;2024-10-21 11:22:00;2024-10-21;11:22:00;38.3;135;76;95;99;15;3.19;85.7;27.3;4430;6.5;3;CAPT046;Moyenne
M004635;PAT0156;2024-05-31 21:50:00;2024-05-31;21:50:00;36.2;101;87;99;97;13;0.86;56.6;27.9;1111;6.2;6;CAPT015;Moyenne
M004636;PAT0134;2024-02-20 13:43:00;2024-02-20;13:43:00;38.6;101;73;56;95;12;2.86;48.9;27.9;2828;3.6;5;CAPT021;Bonne
M004637;PAT0027;2024-11-21 02:15:00;2024-11-21;02:15:00;38.1;121;70;60;97;14;1.43;47.8;18.5;2925;5.3;8;CAPT024;Bonne
M004638;PAT0196;2024-04-01 08:25:00;2024-04-01;08:25:00;39.4;134;76;91;96;18;1.17;60.3;26.9;6087;8.4;6;CAPT019;Bonne
M004639;PAT0183;2024-02-23 05:13:00;2024-02-23;05:13:00;36.1;125;82;64;96;18;1.21;85.1;21.1;2142;9;0;CAPT003;Bonne
M004640;PAT0143;2024-05-07 16:48:00;2024-05-07;16:48:00;36.8;131;60;63;98;24;1.04;83.7;31.7;4302;3.4;1;CAPT050;Moyenne
M004641;PAT0194;2024-10-21 09:13:00;2024-10-21;09:13:00;37.8;106;73;83;95;15;1.23;90.9;22.2;2130;3.1;4;CAPT034;Bonne
M004642;PAT0091;2024-08-13 16:13:00;2024-08-13;16:13:00;37.4;144;64;69;95;19;1.09;54.3;21.8;5202;9.9;3;CAPT028;Mauvaise
M004643;PAT0190;2024-03-12 12:41:00;2024-03-12;12:41:00;35.7;127;75;65;95;20;1.09;45.4;34.9;4839;7.2;6;CAPT029;Bonne
M004644;PAT0018;2024-11-15 07:04:00;2024-11-15;07:04:00;39.2;104;70;97;94;22;0.96;91.3;23.1;5860;8;8;CAPT035;Bonne
M004645;PAT0144;2024-05-06 17:00:00;2024-05-06;17:00:00;36.3;125;69;94;96;24;3.01;80.1;34.7;4663;6.1;4;CAPT048;Bonne
M004646;PAT0060;2024-02-19 07:50:00;2024-02-19;07:50:00;36.3;103;73;84;97;19;2.45;48.4;22.3;3046;4.9;5;CAPT011;Mauvaise
M004647;PAT0079;2024-06-09 09:01:00;2024-06-09;09:01:00;37.3;138;79;80;94;16;3.14;71.9;34.7;7655;3.1;9;CAPT015;Bonne
M004648;PAT0092;2024-09-16 16:08:00;2024-09-16;16:08:00;38.9;133;85;59;95;23;0.93;95.4;27.4;5378;3.7;1;CAPT008;Bonne
M004649;PAT0200;2024-12-07 17:51:00;2024-12-07;17:51:00;36.2;127;64;77;96;18;1.06;80.9;21.9;7202;9.9;8;CAPT004;Moyenne
M004650;PAT0035;2024-09-30 08:31:00;2024-09-30;08:31:00;37.4;131;61;98;95;14;1.21;98.6;31;5570;9.7;5;CAPT033;Bonne
M004651;PAT0125;2024-04-22 14:04:00;2024-04-22;14:04:00;39.5;132;81;62;98;21;2.89;68.4;23;7541;5.2;4;CAPT016;Bonne
M004652;PAT0056;2024-08-16 00:24:00;2024-08-16;00:24:00;37.1;119;79;58;99;17;1.22;82.5;26.4;4814;7.5;5;CAPT043;Bonne
M004653;PAT0179;2024-04-29 02:06:00;2024-04-29;02:06:00;37.8;145;98;65;94;19;0.98;99.3;30.2;7689;7.9;5;CAPT007;Bonne
M004654;PAT0152;2024-04-22 00:38:00;2024-04-22;00:38:00;36.5;171;94;86;97;17;0.93;56.3;19.9;2179;4.3;7;CAPT044;Bonne
M004655;PAT0015;2024-09-09 19:04:00;2024-09-09;19:04:00;39.4;109;81;97;95;20;0.86;45.5;34.1;7174;6.4;7;CAPT041;Bonne
M004656;PAT0167;2024-07-31 03:51:00;2024-07-31;03:51:00;37.7;152;99;72;96;12;0.85;52.5;18.9;4896;3.1;6;CAPT024;Bonne
M004657;PAT0133;2024-09-01 04:51:00;2024-09-01;04:51:00;35.9;107;81;86;94;12;0.79;55;22.6;2136;9.8;4;CAPT020;Moyenne
M004658;PAT0033;2024-10-13 08:59:00;2024-10-13;08:59:00;37.4;154;101;74;95;21;0.91;53.1;32.9;1439;9.4;7;CAPT004;Bonne
M004659;PAT0197;2024-06-17 04:36:00;2024-06-17;04:36:00;38.1;143;86;118;88;13;1;46.3;30.2;7847;4.5;1;CAPT029;Bonne
M004660;PAT0160;2024-03-07 00:52:00;2024-03-07;00:52:00;37.3;111;74;80;94;14;1.15;53.7;33.3;4482;8.1;5;CAPT040;Moyenne
M004661;PAT0089;2024-12-04 19:01:00;2024-12-04;19:01:00;38.9;142;67;58;99;19;1.03;62.3;34.6;5651;5.2;4;CAPT035;Mauvaise
M004662;PAT0026;2024-07-31 17:55:00;2024-07-31;17:55:00;38.7;106;67;86;97;12;1.1;96.4;22.5;5493;5.3;4;CAPT021;Moyenne
M004663;PAT0181;2024-12-22 23:34:00;2024-12-22;23:34:00;38.6;135;61;79;97;13;1.01;90.3;25.6;6664;5.1;5;CAPT012;Bonne
M004664;PAT0009;2024-05-13 01:59:00;2024-05-13;01:59:00;39.3;117;81;89;98;21;1.38;64.9;19.4;5283;9.3;8;CAPT024;Bonne
M004665;PAT0177;2024-08-02 15:51:00;2024-08-02;15:51:00;39.4;109;78;71;94;24;1.17;45.5;31.4;5155;3.3;9;CAPT047;Bonne
M004666;PAT0101;2024-06-10 19:47:00;2024-06-10;19:47:00;37.9;140;67;60;95;19;1.15;58.4;33.7;4339;3.2;0;CAPT015;Bonne
M004667;PAT0066;2024-02-10 09:55:00;2024-02-10;09:55:00;35.6;116;70;81;97;18;1.3;85.6;27.2;4182;5.7;0;CAPT031;Moyenne
M004668;PAT0005;2024-05-10 08:27:00;2024-05-10;08:27:00;36.9;120;81;90;95;23;1.1;73.6;18.1;2129;3.3;6;CAPT003;Bonne
M004669;PAT0076;2024-05-29 22:26:00;2024-05-29;22:26:00;36.5;105;73;84;95;23;0.73;64.7;28.6;6317;5.7;8;CAPT014;Bonne
M004670;PAT0076;2024-10-01 14:22:00;2024-10-01;14:22:00;36.2;101;77;59;95;18;1.21;67.3;22.8;1419;9.3;2;CAPT038;Bonne
M004671;PAT0155;2024-05-24 12:27:00;2024-05-24;12:27:00;36;134;79;73;96;19;0.8;69.4;19;5142;9.8;6;CAPT034;Bonne
M004672;PAT0011;2024-11-04 10:47:00;2024-11-04;10:47:00;35.8;141;61;65;94;24;1.19;99.3;19.9;2069;7.7;2;CAPT007;Moyenne
M004673;PAT0099;2024-12-14 21:23:00;2024-12-14;21:23:00;35.7;137;88;99;93;19;0.95;82.1;24.3;5383;5.3;5;CAPT002;Bonne
M004674;PAT0079;2024-06-22 00:28:00;2024-06-22;00:28:00;39;116;63;62;97;24;1.75;96.1;19.2;5975;6.5;1;CAPT005;Bonne
M004675;PAT0162;2024-05-20 15:51:00;2024-05-20;15:51:00;37.4;157;101;78;96;21;1;87.1;30.3;5726;5.7;3;CAPT013;Mauvaise
M004676;PAT0198;2024-02-21 20:02:00;2024-02-21;20:02:00;38.3;102;89;72;96;17;1.28;94.1;31.2;1235;4.1;2;CAPT016;Bonne
M004677;PAT0032;2024-07-24 15:03:00;2024-07-24;15:03:00;36.1;134;71;62;94;20;1.11;61.9;24.4;1892;5.9;0;CAPT017;Bonne
M004678;PAT0075;2024-10-30 13:18:00;2024-10-30;13:18:00;37;140;72;96;98;19;1.84;97.2;26.6;4422;9.3;1;CAPT012;Bonne
M004679;PAT0065;2024-02-13 21:34:00;2024-02-13;21:34:00;36.4;138;93;84;94;19;1.18;73;31.1;7722;9.1;4;CAPT016;Moyenne
M004680;PAT0114;2024-05-19 23:43:00;2024-05-19;23:43:00;38.2;127;84;73;97;13;2.66;87.2;33.9;7903;7.2;8;CAPT046;Bonne
M004681;PAT0041;2024-08-22 23:45:00;2024-08-22;23:45:00;36.8;127;82;107;92;18;1.25;76.6;30.2;1470;4.9;9;CAPT020;Bonne
M004682;PAT0136;2024-10-21 09:01:00;2024-10-21;09:01:00;39.1;108;62;126;94;12;1.34;76.6;23.3;1472;5.4;3;CAPT049;Bonne
M004683;PAT0140;2024-07-26 07:56:00;2024-07-26;07:56:00;39.4;125;78;92;96;16;0.88;76.9;29;5306;5;0;CAPT048;Moyenne
M004684;PAT0129;2024-01-10 20:30:00;2024-01-10;20:30:00;38.5;137;105;99;95;14;1.05;71.3;29.3;3411;7.7;4;CAPT031;Bonne
M004685;PAT0108;2024-10-19 15:59:00;2024-10-19;15:59:00;36.3;108;75;58;99;20;1.26;74.2;23.5;3635;4.9;1;CAPT010;Bonne
M004686;PAT0090;2024-02-21 17:29:00;2024-02-21;17:29:00;36;138;79;101;95;19;0.78;52;27.1;7739;6.1;7;CAPT029;Bonne
M004687;PAT0112;2024-08-09 13:44:00;2024-08-09;13:44:00;39.3;119;64;74;98;13;1.26;86.4;29.8;1492;3.6;9;CAPT008;Bonne
M004688;PAT0154;2024-07-05 05:24:00;2024-07-05;05:24:00;38.9;138;82;84;99;13;0.83;51.9;27.8;7225;7.5;9;CAPT014;Bonne
M004689;PAT0029;2024-10-23 15:54:00;2024-10-23;15:54:00;39.2;120;81;71;98;17;1.01;45.9;31.5;2249;5.9;1;CAPT029;Bonne
M004690;PAT0082;2024-01-14 20:23:00;2024-01-14;20:23:00;38.9;138;89;73;98;23;1.1;69;31.4;6611;8.6;9;CAPT047;Bonne
M004691;PAT0152;2024-07-31 15:02:00;2024-07-31;15:02:00;38.1;137;99;96;94;18;1.16;92.1;31.3;2584;6.3;1;CAPT031;Mauvaise
M004692;PAT0029;2024-06-30 14:54:00;2024-06-30;14:54:00;38.9;102;64;94;97;13;0.89;97;18.9;114;9.8;7;CAPT048;Bonne
M004693;PAT0005;2024-07-03 11:18:00;2024-07-03;11:18:00;36.5;136;86;94;88;17;1.19;60.5;28.9;6892;8.5;8;CAPT045;Bonne
M004694;PAT0160;2024-06-13 14:51:00;2024-06-13;14:51:00;36.8;141;60;97;98;17;1.31;65.4;34.9;1730;4.5;5;CAPT017;Bonne
M004695;PAT0069;2024-10-08 08:22:00;2024-10-08;08:22:00;36.8;139;89;76;99;18;1.35;63.5;29.4;2218;6.3;9;CAPT049;Moyenne
M004696;PAT0173;2024-05-03 10:44:00;2024-05-03;10:44:00;36.6;103;88;97;94;15;0.99;55.1;30;2286;9.9;6;CAPT002;Bonne
M004697;PAT0145;2024-04-20 00:43:00;2024-04-20;00:43:00;37.3;124;85;63;95;21;1.33;70.9;30.5;6733;3.9;9;CAPT041;Moyenne
M004698;PAT0181;2024-03-14 15:24:00;2024-03-14;15:24:00;37.8;118;65;59;94;17;1.19;82;33;3106;6.5;1;CAPT046;Bonne
M004699;PAT0143;2024-05-19 05:47:00;2024-05-19;05:47:00;39;114;85;90;96;16;1.11;99;31.9;5480;3.2;4;CAPT027;Bonne
M004700;PAT0109;2024-10-03 00:50:00;2024-10-03;00:50:00;38;119;83;56;95;18;1.27;87.8;25.4;3359;9.1;0;CAPT017;Moyenne
M004701;PAT0139;2024-11-03 09:12:00;2024-11-03;09:12:00;38.3;156;101;80;99;16;0.82;47.5;34.3;7821;7.2;4;CAPT026;Bonne
M004702;PAT0027;2024-04-24 15:31:00;2024-04-24;15:31:00;39;128;84;99;97;13;2.19;70.7;26.9;5007;4;1;CAPT032;Bonne
M004703;PAT0028;2024-05-27 18:04:00;2024-05-27;18:04:00;37.8;103;79;71;97;17;0.99;66.4;34.1;81;6;3;CAPT022;Bonne
M004704;PAT0006;2024-12-17 15:51:00;2024-12-17;15:51:00;36.2;179;93;88;99;17;1.3;78.4;23.9;6103;3.7;1;CAPT039;Bonne
M004705;PAT0019;2024-11-09 15:33:00;2024-11-09;15:33:00;35.7;135;107;83;94;20;0.94;79.4;20.4;1854;3.4;1;CAPT043;Bonne
M004706;PAT0012;2024-02-02 06:13:00;2024-02-02;06:13:00;38.5;144;76;97;95;15;1.25;86.2;32;1515;7.1;1;CAPT010;Bonne
M004707;PAT0054;2024-09-02 09:14:00;2024-09-02;09:14:00;36.2;105;75;56;99;15;1.36;99.3;27.8;7755;8;2;CAPT049;Moyenne
M004708;PAT0200;2024-05-24 03:35:00;2024-05-24;03:35:00;35.5;142;63;61;98;14;0.9;83.3;29.4;1688;7.5;4;CAPT040;Moyenne
M004709;PAT0157;2024-11-26 22:11:00;2024-11-26;22:11:00;37.8;140;76;95;99;16;0.78;61.5;33.3;5557;3.3;1;CAPT005;Moyenne
M004710;PAT0028;2024-10-10 14:38:00;2024-10-10;14:38:00;39.1;132;82;66;96;15;1.08;59.5;33.6;238;7.1;4;CAPT007;Bonne
M004711;PAT0022;2024-01-15 06:52:00;2024-01-15;06:52:00;36.4;143;91;88;98;12;1.16;89.7;30.7;1519;3.4;1;CAPT024;Bonne
M004712;PAT0155;2024-08-09 21:27:00;2024-08-09;21:27:00;38.1;134;67;76;97;19;1.37;59;21.7;3387;9.6;0;CAPT019;Bonne
M004713;PAT0049;2024-04-16 23:30:00;2024-04-16;23:30:00;36.9;124;88;55;95;15;1.09;92.4;30.7;4307;10;7;CAPT011;Bonne
M004714;PAT0136;2024-07-16 07:30:00;2024-07-16;07:30:00;38.4;138;62;114;92;23;1.05;58.3;28.7;5550;7.4;7;CAPT021;Bonne
M004715;PAT0014;2024-01-05 23:11:00;2024-01-05;23:11:00;39;116;84;64;96;23;2.89;71.1;20.3;6326;8.6;3;CAPT030;Moyenne
M004716;PAT0148;2024-02-08 12:10:00;2024-02-08;12:10:00;36.9;176;98;95;95;15;0.84;97.2;23.6;2053;4.4;4;CAPT028;Bonne
M004717;PAT0114;2024-03-15 08:55:00;2024-03-15;08:55:00;38.9;102;75;90;95;19;2.62;79.9;29.5;5365;7.9;1;CAPT016;Bonne
M004718;PAT0177;2024-07-21 17:45:00;2024-07-21;17:45:00;37.3;119;75;58;95;15;1.03;83.9;28;2932;4.7;2;CAPT033;Bonne
M004719;PAT0171;2024-05-17 19:05:00;2024-05-17;19:05:00;38.7;117;80;86;98;24;1.07;92;34.4;1704;6.1;5;CAPT033;Moyenne
M004720;PAT0125;2024-09-11 17:24:00;2024-09-11;17:24:00;39.2;126;83;69;94;16;2.3;49.6;23;3447;6.1;1;CAPT046;Bonne
M004721;PAT0043;2024-11-13 12:20:00;2024-11-13;12:20:00;36.2;144;87;60;97;19;2.57;86.2;19.7;6633;5.2;2;CAPT015;Mauvaise
M004722;PAT0020;2024-01-26 04:01:00;2024-01-26;04:01:00;36.6;104;77;57;96;16;1.17;59.5;30;2013;3.1;2;CAPT007;Bonne
M004723;PAT0146;2024-10-31 08:15:00;2024-10-31;08:15:00;38.6;169;96;80;98;14;0.75;58.7;19;2138;9.5;5;CAPT028;Bonne
M004724;PAT0094;2024-02-21 09:39:00;2024-02-21;09:39:00;37.1;118;68;107;92;14;1.01;89;23.4;1110;3.6;9;CAPT014;Bonne
M004725;PAT0095;2024-02-02 21:05:00;2024-02-02;21:05:00;35.6;136;64;58;94;17;0.85;51.3;23.5;4604;5.1;7;CAPT026;Bonne
M004726;PAT0114;2024-02-16 07:30:00;2024-02-16;07:30:00;35.7;124;61;84;96;18;3.14;47.5;29.9;1180;3.5;8;CAPT043;Moyenne
M004727;PAT0178;2024-10-17 06:05:00;2024-10-17;06:05:00;39.1;120;86;78;97;12;1.02;69.8;25.1;3456;3.2;5;CAPT032;Bonne
M004728;PAT0060;2024-02-23 22:59:00;2024-02-23;22:59:00;38.3;141;61;70;96;15;1.22;99.9;34.6;1618;4.5;8;CAPT014;Bonne
M004729;PAT0061;2024-09-03 20:42:00;2024-09-03;20:42:00;35.7;107;89;93;94;19;3.12;91.3;32.9;920;3.7;7;CAPT019;Bonne
M004730;PAT0145;2024-03-21 02:52:00;2024-03-21;02:52:00;38.7;116;86;83;96;18;0.82;75.3;32.5;1788;9.4;8;CAPT011;Moyenne
M004731;PAT0186;2024-05-13 00:00:00;2024-05-13;00:00:00;37.2;129;83;82;98;16;1.17;56.5;24.5;6983;4.9;5;CAPT045;Bonne
M004732;PAT0152;2024-07-25 01:10:00;2024-07-25;01:10:00;39.2;167;90;66;98;23;1;62.2;19.4;902;9.7;8;CAPT016;Bonne
M004733;PAT0088;2024-01-22 08:53:00;2024-01-22;08:53:00;37.4;158;97;73;98;12;1.08;48.5;27.5;2488;9;3;CAPT003;Moyenne
M004734;PAT0078;2024-02-12 10:47:00;2024-02-12;10:47:00;36.5;129;77;82;99;18;1.98;48.9;19.9;5338;9.6;4;CAPT040;Bonne
M004735;PAT0161;2024-03-18 15:25:00;2024-03-18;15:25:00;37.9;102;61;64;99;14;0.98;55.5;33.1;2974;9;8;CAPT049;Bonne
M004736;PAT0127;2024-11-06 13:26:00;2024-11-06;13:26:00;35.7;144;76;77;95;22;3.49;63;33.5;3962;8.9;3;CAPT022;Bonne
M004737;PAT0097;2024-08-29 11:00:00;2024-08-29;11:00:00;38.8;147;108;97;97;14;0.8;54.3;23.3;5225;9.1;2;CAPT049;Moyenne
M004738;PAT0015;2024-05-14 21:47:00;2024-05-14;21:47:00;38.3;106;88;77;97;16;0.97;67.8;19.9;341;8.1;8;CAPT032;Moyenne
M004739;PAT0087;2024-02-24 23:33:00;2024-02-24;23:33:00;36.1;109;73;97;94;23;3.16;87.7;19.9;970;3.8;6;CAPT036;Moyenne
M004740;PAT0143;2024-02-19 12:03:00;2024-02-19;12:03:00;37;144;86;92;95;23;1.28;75.6;34.1;3103;7;6;CAPT043;Bonne
M004741;PAT0085;2024-09-07 01:35:00;2024-09-07;01:35:00;36.2;133;68;77;95;16;0.95;72.1;27.3;6163;9;1;CAPT021;Moyenne
M004742;PAT0012;2024-05-28 02:57:00;2024-05-28;02:57:00;36.7;139;80;62;95;13;1.8;99.1;30.7;1546;7.4;2;CAPT017;Bonne
M004743;PAT0197;2024-07-26 15:50:00;2024-07-26;15:50:00;38;107;74;97;90;12;0.8;74.2;19;5942;5.4;3;CAPT003;Mauvaise
M004744;PAT0017;2024-03-04 07:28:00;2024-03-04;07:28:00;38.2;143;75;70;99;12;0.93;81.2;34.7;1627;9.2;8;CAPT027;Bonne
M004745;PAT0131;2024-11-12 14:02:00;2024-11-12;14:02:00;36.7;132;88;79;95;21;0.88;59;25;4101;6.9;5;CAPT033;Mauvaise
M004746;PAT0030;2024-01-03 14:24:00;2024-01-03;14:24:00;38.1;177;90;68;95;19;0.91;49.3;29.1;268;3.3;0;CAPT035;Bonne
M004747;PAT0020;2024-04-22 13:23:00;2024-04-22;13:23:00;37.8;113;76;67;98;20;1.33;53.5;33.8;3973;7.2;5;CAPT042;Bonne
M004748;PAT0120;2024-02-23 21:03:00;2024-02-23;21:03:00;36.8;171;109;68;97;13;0.97;51.7;25.8;7105;3.6;0;CAPT003;Moyenne
M004749;PAT0008;2024-08-09 00:05:00;2024-08-09;00:05:00;38.3;116;88;119;90;24;1.26;92.9;23.9;2310;9.7;8;CAPT046;Bonne
M004750;PAT0191;2024-01-04 00:57:00;2024-01-04;00:57:00;37.3;135;73;74;97;12;1.08;71;22.3;4511;6.5;8;CAPT024;Moyenne
M004751;PAT0093;2024-02-22 16:40:00;2024-02-22;16:40:00;37.2;126;86;85;98;21;2.25;71.6;31.6;5133;6;9;CAPT032;Bonne
M004752;PAT0034;2024-11-05 23:10:00;2024-11-05;23:10:00;38.7;120;87;69;99;20;1.18;54.7;30.9;6962;5.1;5;CAPT008;Moyenne
M004753;PAT0067;2024-11-21 18:50:00;2024-11-21;18:50:00;36.1;110;87;59;97;19;0.84;64.9;25.7;2713;4.2;5;CAPT024;Mauvaise
M004754;PAT0160;2024-04-23 06:27:00;2024-04-23;06:27:00;39.3;131;71;60;98;18;1.04;70.5;34.5;487;8.5;1;CAPT004;Bonne
M004755;PAT0135;2024-02-22 05:43:00;2024-02-22;05:43:00;38.6;144;76;99;97;12;1.17;64;27.9;3142;4.9;4;CAPT019;Bonne
M004756;PAT0177;2024-07-19 18:47:00;2024-07-19;18:47:00;38.9;133;86;79;97;23;1.03;99.4;27.2;6242;3.6;8;CAPT043;Bonne
M004757;PAT0199;2024-07-26 04:03:00;2024-07-26;04:03:00;37.6;125;65;93;95;22;0.82;67.8;30.6;1831;9;2;CAPT035;Bonne
M004758;PAT0010;2024-09-08 21:02:00;2024-09-08;21:02:00;38.7;105;70;84;96;17;1.54;91.7;32.9;6698;4.2;7;CAPT004;Bonne
M004759;PAT0189;2024-05-03 14:03:00;2024-05-03;14:03:00;36.4;141;69;57;95;14;2.7;65.4;23.7;1108;5.5;4;CAPT040;Moyenne
M004760;PAT0028;2024-07-19 14:57:00;2024-07-19;14:57:00;37;140;85;98;99;16;0.92;49.2;30;4389;4.1;7;CAPT037;Bonne
M004761;PAT0104;2024-06-26 17:55:00;2024-06-26;17:55:00;37.1;145;97;98;99;17;1.31;93;21.3;4200;9;0;CAPT004;Moyenne
M004762;PAT0034;2024-05-04 12:32:00;2024-05-04;12:32:00;37.5;125;88;80;97;13;1.25;95.9;31.8;4744;7.3;2;CAPT012;Moyenne
M004763;PAT0084;2024-07-03 01:51:00;2024-07-03;01:51:00;37.7;101;67;97;95;15;1.31;97;18.3;7206;7.3;6;CAPT002;Bonne
M004764;PAT0157;2024-08-25 06:52:00;2024-08-25;06:52:00;39.3;143;87;87;96;13;1.01;80.7;27.5;1506;9.4;3;CAPT035;Bonne
M004765;PAT0052;2024-05-27 03:48:00;2024-05-27;03:48:00;35.7;122;64;70;98;21;1.15;47.8;18.1;2151;5.7;8;CAPT035;Mauvaise
M004766;PAT0075;2024-05-03 22:48:00;2024-05-03;22:48:00;38.7;106;82;76;99;22;2.39;76;34.2;2680;8.3;0;CAPT018;Bonne
M004767;PAT0111;2024-12-25 10:53:00;2024-12-25;10:53:00;38.1;138;60;64;98;15;0.74;67.8;30.1;5084;7.3;6;CAPT041;Bonne
M004768;PAT0128;2024-07-15 08:36:00;2024-07-15;08:36:00;38.9;110;82;98;93;17;1.32;82.6;26;2745;7.4;6;CAPT001;Bonne
M004769;PAT0073;2024-11-08 01:40:00;2024-11-08;01:40:00;38.8;137;78;87;95;20;0.9;62.3;27.4;6870;4.7;2;CAPT017;Bonne
M004770;PAT0121;2024-09-07 20:33:00;2024-09-07;20:33:00;37.8;124;62;67;99;18;1.23;53.8;25.7;2337;4.8;9;CAPT008;Bonne
M004771;PAT0049;2024-01-25 10:58:00;2024-01-25;10:58:00;38;122;76;67;95;22;0.7;47.7;32.5;3137;9.3;4;CAPT035;Bonne
M004772;PAT0084;2024-06-17 09:30:00;2024-06-17;09:30:00;36.3;129;62;68;96;19;1.34;74.8;31.2;4310;6.8;8;CAPT012;Bonne
M004773;PAT0125;2024-07-14 05:32:00;2024-07-14;05:32:00;36.2;102;69;55;94;20;1.91;62.9;18;2427;4.1;0;CAPT021;Mauvaise
M004774;PAT0058;2024-07-08 22:08:00;2024-07-08;22:08:00;39.3;107;73;64;94;17;0.83;64.8;23.4;2856;5.6;2;CAPT004;Bonne
M004775;PAT0030;2024-03-21 08:29:00;2024-03-21;08:29:00;35.8;153;95;65;99;18;0.83;89.1;27.4;3258;6.3;9;CAPT049;Bonne
M004776;PAT0199;2024-07-04 03:13:00;2024-07-04;03:13:00;39.4;119;82;59;94;22;0.94;79.2;29.8;2606;9.1;9;CAPT041;Bonne
M004777;PAT0069;2024-01-13 11:47:00;2024-01-13;11:47:00;35.9;127;72;88;99;24;0.76;60.9;20.2;4075;9.8;8;CAPT001;Mauvaise
M004778;PAT0127;2024-01-22 08:47:00;2024-01-22;08:47:00;39.4;111;74;99;95;15;1.79;48.7;25.3;2895;7.2;4;CAPT014;Bonne
M004779;PAT0056;2024-03-19 15:26:00;2024-03-19;15:26:00;38.3;115;63;97;98;17;1.26;53;31.2;7792;6.9;0;CAPT038;Bonne
M004780;PAT0068;2024-09-18 14:53:00;2024-09-18;14:53:00;37.9;117;70;86;99;13;1.01;47.3;33.9;1107;7.7;1;CAPT012;Mauvaise
M004781;PAT0053;2024-07-11 01:23:00;2024-07-11;01:23:00;37.2;179;90;61;99;15;1.12;67.6;18.8;1977;3.6;2;CAPT020;Mauvaise
M004782;PAT0032;2024-04-15 19:54:00;2024-04-15;19:54:00;36.7;119;62;87;96;22;0.84;49.8;29;2988;6.7;5;CAPT005;Mauvaise
M004783;PAT0146;2024-08-08 12:37:00;2024-08-08;12:37:00;36.6;164;88;96;98;18;0.86;55.4;23.1;7583;9.8;8;CAPT023;Bonne
M004784;PAT0174;2024-02-13 21:19:00;2024-02-13;21:19:00;39.1;113;65;105;88;15;1.19;98.3;29.8;3951;7.2;4;CAPT018;Mauvaise
M004785;PAT0096;2024-10-09 03:23:00;2024-10-09;03:23:00;35.6;178;100;59;96;12;1.37;74.9;23.4;6409;3.8;9;CAPT019;Bonne
M004786;PAT0098;2024-11-30 03:34:00;2024-11-30;03:34:00;37.3;130;83;69;96;20;1.19;75.3;26.1;7617;5.9;3;CAPT015;Bonne
M004787;PAT0062;2024-01-24 04:12:00;2024-01-24;04:12:00;35.5;100;75;60;99;20;1.38;53.6;32;7032;4.7;0;CAPT015;Bonne
M004788;PAT0178;2024-11-19 07:06:00;2024-11-19;07:06:00;38.1;133;73;94;94;18;1.06;66.3;31.1;4501;5.3;9;CAPT040;Bonne
M004789;PAT0186;2024-03-19 15:01:00;2024-03-19;15:01:00;36.5;137;68;91;98;13;1.2;46.3;23.3;7829;8.4;5;CAPT035;Bonne
M004790;PAT0112;2024-08-07 16:19:00;2024-08-07;16:19:00;37.4;126;74;69;94;12;1.35;89.6;29.1;7426;5.7;9;CAPT048;Bonne
M004791;PAT0042;2024-09-01 23:32:00;2024-09-01;23:32:00;37.9;124;89;75;99;19;1.02;97.4;21.4;1416;6.5;7;CAPT023;Bonne
M004792;PAT0053;2024-09-05 06:33:00;2024-09-05;06:33:00;35.7;167;95;99;97;24;1.38;75.5;26.9;5076;9.7;6;CAPT013;Bonne
M004793;PAT0049;2024-01-23 18:29:00;2024-01-23;18:29:00;35.6;131;79;57;97;12;1.32;78.5;34.9;1777;6.8;0;CAPT019;Bonne
M004794;PAT0119;2024-11-19 21:29:00;2024-11-19;21:29:00;36.9;128;76;76;95;21;1.05;73.8;33.7;6603;4;4;CAPT001;Moyenne
M004795;PAT0145;2024-11-16 20:53:00;2024-11-16;20:53:00;39.1;128;79;59;94;13;1.05;91.2;24.9;4235;6.7;1;CAPT044;Bonne
M004796;PAT0045;2024-11-28 02:56:00;2024-11-28;02:56:00;37.2;118;71;79;98;12;1.05;97.1;24.6;3659;3.1;2;CAPT050;Bonne
M004797;PAT0103;2024-09-15 21:58:00;2024-09-15;21:58:00;37.6;135;83;115;92;19;1.3;93.1;20.7;6367;7.1;0;CAPT020;Moyenne
M004798;PAT0187;2024-07-08 05:34:00;2024-07-08;05:34:00;38.2;114;77;74;96;24;1.31;65.8;26.6;5006;3.2;5;CAPT035;Mauvaise
M004799;PAT0199;2024-08-18 19:08:00;2024-08-18;19:08:00;36.1;136;80;96;94;19;0.75;60.7;29.3;2914;7.3;1;CAPT030;Bonne
M004800;PAT0155;2024-04-21 03:02:00;2024-04-21;03:02:00;37.7;125;81;99;97;14;1.01;74.2;22.5;714;8.1;1;CAPT040;Bonne
M004801;PAT0140;2024-06-26 23:16:00;2024-06-26;23:16:00;36.5;103;76;60;95;22;1.34;74.2;25.8;4868;7;9;CAPT018;Moyenne
M004802;PAT0137;2024-05-10 13:57:00;2024-05-10;13:57:00;38.7;124;69;95;95;21;0.87;74.7;33.6;7651;6.2;4;CAPT048;Bonne
M004803;PAT0163;2024-01-31 05:06:00;2024-01-31;05:06:00;36.4;107;60;105;89;12;0.79;81.8;26.6;7593;3.2;5;CAPT046;Mauvaise
M004804;PAT0109;2024-07-31 09:03:00;2024-07-31;09:03:00;36.8;101;80;63;98;19;1.22;80.2;33;5815;6.3;4;CAPT044;Mauvaise
M004805;PAT0078;2024-01-13 16:31:00;2024-01-13;16:31:00;38.4;107;64;59;97;12;1.71;45.5;29.9;328;6.1;1;CAPT012;Bonne
M004806;PAT0165;2024-12-27 07:28:00;2024-12-27;07:28:00;35.9;120;70;69;94;18;1.24;68;32.9;6386;6.7;7;CAPT032;Bonne
M004807;PAT0006;2024-02-11 10:50:00;2024-02-11;10:50:00;39.3;154;94;66;98;14;0.9;71.8;34.2;2416;3.7;1;CAPT041;Bonne
M004808;PAT0188;2024-02-09 09:52:00;2024-02-09;09:52:00;36.2;130;88;100;92;15;1.01;98.4;32.3;801;7.7;8;CAPT025;Bonne
M004809;PAT0036;2024-10-31 19:17:00;2024-10-31;19:17:00;39.4;107;61;69;98;14;0.89;58.9;21.3;457;3.8;8;CAPT035;Bonne
M004810;PAT0041;2024-01-20 11:41:00;2024-01-20;11:41:00;39;128;79;129;92;14;1.01;71.3;25.4;4812;3.2;7;CAPT020;Bonne
M004811;PAT0004;2024-08-13 16:17:00;2024-08-13;16:17:00;38.4;129;87;59;94;14;1.35;67.1;33.2;566;8.3;2;CAPT022;Bonne
M004812;PAT0114;2024-07-27 12:08:00;2024-07-27;12:08:00;36;127;69;91;99;18;2.23;78.8;26.3;4815;7.6;2;CAPT028;Bonne
M004813;PAT0088;2024-06-10 10:42:00;2024-06-10;10:42:00;38.9;162;104;55;95;13;1.14;53.2;23.7;7254;8.5;5;CAPT026;Mauvaise
M004814;PAT0117;2024-04-01 18:38:00;2024-04-01;18:38:00;35.7;110;77;61;98;20;1.6;70.5;20.3;162;8;8;CAPT031;Bonne
M004815;PAT0158;2024-08-09 21:01:00;2024-08-09;21:01:00;35.9;164;101;87;98;18;0.89;99.4;22.4;3586;4.6;7;CAPT011;Bonne
M004816;PAT0113;2024-04-29 17:26:00;2024-04-29;17:26:00;38.2;144;75;55;94;23;1.2;73.9;34.8;7919;7.3;1;CAPT013;Bonne
M004817;PAT0138;2024-11-06 16:24:00;2024-11-06;16:24:00;36.1;129;77;59;98;19;1.17;64.7;33;6024;6;7;CAPT033;Mauvaise
M004818;PAT0190;2024-10-15 13:57:00;2024-10-15;13:57:00;37.2;117;63;76;97;18;0.99;49.8;21.9;2508;5.8;1;CAPT032;Bonne
M004819;PAT0069;2024-01-27 17:58:00;2024-01-27;17:58:00;36.7;104;60;85;96;14;1.15;72;33.7;6419;7.9;2;CAPT050;Bonne
M004820;PAT0149;2024-03-15 15:14:00;2024-03-15;15:14:00;38;128;72;127;89;24;0.81;45.2;24.8;2078;3.4;6;CAPT005;Moyenne
M004821;PAT0039;2024-07-30 09:54:00;2024-07-30;09:54:00;37.1;115;85;77;96;12;1.28;90.5;28;6514;6;4;CAPT019;Bonne
M004822;PAT0155;2024-10-17 02:00:00;2024-10-17;02:00:00;35.7;126;65;92;98;17;1.25;50.9;24.7;6616;8.8;0;CAPT038;Moyenne
M004823;PAT0083;2024-06-08 23:15:00;2024-06-08;23:15:00;35.7;113;67;95;95;17;0.92;50.3;33;6536;9.1;1;CAPT026;Bonne
M004824;PAT0034;2024-09-08 23:19:00;2024-09-08;23:19:00;38.9;133;89;92;94;18;1.16;80.8;20.7;3039;8.8;6;CAPT042;Bonne
M004825;PAT0081;2024-03-07 10:42:00;2024-03-07;10:42:00;38.2;119;74;56;98;23;1.62;76.4;33.9;2345;6.2;8;CAPT013;Bonne
M004826;PAT0015;2024-04-11 05:06:00;2024-04-11;05:06:00;37.1;126;77;64;98;16;1.05;66.8;32;5307;9.3;8;CAPT037;Bonne
M004827;PAT0028;2024-08-17 01:40:00;2024-08-17;01:40:00;37.6;139;71;71;94;20;0.73;81.7;30.8;4018;3.5;0;CAPT008;Bonne
M004828;PAT0127;2024-12-08 08:00:00;2024-12-08;08:00:00;38.1;111;68;84;99;20;1.41;64.7;34.2;6555;5.9;9;CAPT012;Bonne
M004829;PAT0038;2024-08-03 08:15:00;2024-08-03;08:15:00;36.7;128;63;65;98;17;1.39;76.6;23.2;7653;7.7;9;CAPT022;Bonne
M004830;PAT0036;2024-12-10 21:58:00;2024-12-10;21:58:00;36.9;143;68;69;94;17;1.34;91.6;34.5;6122;5;6;CAPT032;Bonne
M004831;PAT0173;2024-02-10 02:26:00;2024-02-10;02:26:00;35.6;114;79;98;94;14;1.29;73;29.9;7325;9.1;7;CAPT013;Bonne
M004832;PAT0184;2024-10-08 17:46:00;2024-10-08;17:46:00;37.5;134;84;80;99;14;1.29;64.8;28.9;6373;6.9;3;CAPT021;Bonne
M004833;PAT0145;2024-04-05 01:16:00;2024-04-05;01:16:00;38.4;133;71;82;96;16;1.35;82;33;1214;4.1;9;CAPT034;Moyenne
M004834;PAT0189;2024-03-25 07:03:00;2024-03-25;07:03:00;38.7;112;71;55;97;22;3;50.4;33.7;761;4.9;2;CAPT015;Moyenne
M004835;PAT0006;2024-05-06 20:08:00;2024-05-06;20:08:00;37.9;173;94;79;94;23;1.34;72.2;30;4582;5.1;0;CAPT050;Bonne
M004836;PAT0074;2024-03-15 18:44:00;2024-03-15;18:44:00;36.7;102;75;78;98;15;0.86;82.4;26.9;6699;9.6;0;CAPT032;Bonne
M004837;PAT0178;2024-05-24 22:03:00;2024-05-24;22:03:00;36.7;114;89;78;97;15;1.15;92.1;26;1801;6.2;1;CAPT017;Bonne
M004838;PAT0163;2024-07-20 23:17:00;2024-07-20;23:17:00;39.2;137;75;113;94;18;1.15;71.4;31.4;2738;8.5;1;CAPT033;Bonne
M004839;PAT0055;2024-05-31 03:36:00;2024-05-31;03:36:00;38.7;135;76;58;98;16;1.16;67.6;28.7;6112;8.5;2;CAPT005;Bonne
M004840;PAT0006;2024-10-20 14:35:00;2024-10-20;14:35:00;36.7;145;85;94;97;24;0.72;99.1;28.4;5208;4.2;5;CAPT037;Bonne
M004841;PAT0064;2024-11-21 08:08:00;2024-11-21;08:08:00;36;117;62;72;95;18;0.75;72.7;25.2;7131;6.5;0;CAPT039;Bonne
M004842;PAT0121;2024-01-26 05:18:00;2024-01-26;05:18:00;37.6;139;70;57;94;18;3.43;48.9;23.8;6345;5.5;2;CAPT037;Bonne
M004843;PAT0147;2024-07-04 16:47:00;2024-07-04;16:47:00;36.5;120;80;126;91;24;1.1;59.5;34.8;7967;9.2;8;CAPT023;Bonne
M004844;PAT0030;2024-04-24 09:13:00;2024-04-24;09:13:00;39.2;161;107;64;94;17;1.16;60.1;30.2;2839;6.3;1;CAPT002;Mauvaise
M004845;PAT0132;2024-07-31 20:13:00;2024-07-31;20:13:00;35.8;114;72;97;95;19;2.98;85.4;28;6641;7.3;2;CAPT019;Bonne
M004846;PAT0062;2024-08-18 17:47:00;2024-08-18;17:47:00;38.6;124;62;75;94;18;0.93;95.4;32.6;7455;7.3;1;CAPT048;Bonne
M004847;PAT0121;2024-12-19 23:53:00;2024-12-19;23:53:00;36;108;77;55;97;15;1.68;73.8;19.2;6640;3.7;9;CAPT005;Bonne
M004848;PAT0047;2024-11-22 04:06:00;2024-11-22;04:06:00;39.4;161;99;99;94;18;0.98;73.1;23.4;6076;4.8;6;CAPT032;Bonne
M004849;PAT0142;2024-04-21 14:40:00;2024-04-21;14:40:00;39.4;166;93;80;94;13;1.05;47.9;19;3871;9;9;CAPT029;Moyenne
M004850;PAT0007;2024-11-26 23:01:00;2024-11-26;23:01:00;38.1;144;61;83;98;24;1.14;96.3;24.5;2199;4.5;2;CAPT029;Mauvaise
M004851;PAT0104;2024-05-10 22:42:00;2024-05-10;22:42:00;39;137;107;85;95;17;0.83;93.3;21.4;2486;6;5;CAPT029;Bonne
M004852;PAT0040;2024-09-10 19:33:00;2024-09-10;19:33:00;35.7;117;67;92;99;15;0.7;85.6;18.7;5189;6.6;5;CAPT048;Bonne
M004853;PAT0165;2024-11-05 16:31:00;2024-11-05;16:31:00;37.5;118;67;59;96;21;0.87;63.1;29.9;298;7.6;3;CAPT040;Moyenne
M004854;PAT0151;2024-04-09 12:36:00;2024-04-09;12:36:00;38.7;133;89;69;98;18;2.63;89.6;23.1;6809;4.9;2;CAPT007;Bonne
M004855;PAT0174;2024-10-06 21:14:00;2024-10-06;21:14:00;39.4;134;77;95;93;21;1.26;95.3;25.7;4226;8;0;CAPT037;Moyenne
M004856;PAT0040;2024-07-23 04:47:00;2024-07-23;04:47:00;37.9;128;68;86;99;17;1.07;50.5;31.7;2105;5.5;8;CAPT021;Bonne
M004857;PAT0155;2024-06-09 05:30:00;2024-06-09;05:30:00;39.2;124;89;66;96;14;1.21;69.5;31.6;2898;8.8;0;CAPT032;Bonne
M004858;PAT0026;2024-06-18 23:14:00;2024-06-18;23:14:00;36.3;125;72;61;95;17;0.95;56.3;34.6;3411;6.1;6;CAPT050;Bonne
M004859;PAT0059;2024-12-06 06:41:00;2024-12-06;06:41:00;36.7;129;82;73;94;15;0.75;72.2;33.2;517;9.2;6;CAPT040;Bonne
M004860;PAT0109;2024-08-25 12:23:00;2024-08-25;12:23:00;38;120;87;84;94;17;1.22;52.8;31.6;2308;8.6;6;CAPT003;Bonne
M004861;PAT0044;2024-08-05 09:42:00;2024-08-05;09:42:00;37.9;142;79;114;92;17;1.05;76;33.1;7908;8.8;1;CAPT043;Bonne
M004862;PAT0194;2024-08-25 01:49:00;2024-08-25;01:49:00;35.5;111;71;68;99;21;1.31;51.6;20.1;3999;5.3;6;CAPT033;Mauvaise
M004863;PAT0167;2024-11-28 13:12:00;2024-11-28;13:12:00;35.9;151;101;79;98;24;0.74;83.5;23.6;6300;4.5;1;CAPT032;Moyenne
M004864;PAT0099;2024-04-16 05:46:00;2024-04-16;05:46:00;37.7;116;65;101;93;14;1.39;79.9;33.4;494;7.8;2;CAPT046;Mauvaise
M004865;PAT0128;2024-07-16 05:11:00;2024-07-16;05:11:00;37.1;132;80;118;90;16;0.9;73.4;28.4;7994;5.2;3;CAPT006;Moyenne
M004866;PAT0020;2024-06-27 05:42:00;2024-06-27;05:42:00;36.5;140;77;96;99;24;1.22;88.6;27.2;1601;3.9;3;CAPT043;Bonne
M004867;PAT0007;2024-08-16 19:12:00;2024-08-16;19:12:00;38.4;106;70;59;98;13;1.01;62.1;29.1;4167;4.8;9;CAPT039;Mauvaise
M004868;PAT0069;2024-02-28 18:45:00;2024-02-28;18:45:00;37.8;101;62;80;98;21;1.27;81.3;23.4;3594;7.7;2;CAPT049;Bonne
M004869;PAT0196;2024-03-31 20:16:00;2024-03-31;20:16:00;38.2;111;61;97;99;21;1.16;75.4;18.1;5152;7;7;CAPT046;Bonne
M004870;PAT0037;2024-08-16 21:04:00;2024-08-16;21:04:00;38.9;117;66;59;98;20;1.24;69.8;33.7;2052;7.7;2;CAPT027;Moyenne
M004871;PAT0136;2024-11-27 14:03:00;2024-11-27;14:03:00;36.8;136;85;118;89;16;0.93;51;27.2;2847;5.4;5;CAPT042;Bonne
M004872;PAT0031;2024-04-08 02:41:00;2024-04-08;02:41:00;37.6;104;74;87;96;14;1.25;69.9;35;2258;6.3;2;CAPT038;Moyenne
M004873;PAT0027;2024-07-10 13:27:00;2024-07-10;13:27:00;39.3;100;65;76;94;24;1.83;49.2;24.9;1152;5.8;2;CAPT030;Bonne
M004874;PAT0176;2024-01-05 02:46:00;2024-01-05;02:46:00;36.8;105;79;57;99;22;0.96;84.4;22;6746;10;5;CAPT050;Mauvaise
M004875;PAT0021;2024-04-04 12:41:00;2024-04-04;12:41:00;37;140;73;85;95;24;0.7;69.9;29.8;42;6.2;7;CAPT027;Bonne
M004876;PAT0165;2024-07-21 11:47:00;2024-07-21;11:47:00;37.3;119;74;95;96;13;1.29;55.6;20.4;6686;7.5;5;CAPT031;Bonne
M004877;PAT0078;2024-01-31 10:00:00;2024-01-31;10:00:00;37.2;126;85;85;98;20;1.39;62.8;18.4;3876;8.3;8;CAPT047;Mauvaise
M004878;PAT0039;2024-01-28 19:50:00;2024-01-28;19:50:00;36.7;130;70;93;95;19;0.87;93;30.9;6795;4.3;4;CAPT020;Moyenne
M004879;PAT0180;2024-01-12 13:53:00;2024-01-12;13:53:00;35.9;133;73;96;92;15;1.04;65.6;32.2;1353;4.5;5;CAPT030;Bonne
M004880;PAT0057;2024-01-07 10:13:00;2024-01-07;10:13:00;38.6;140;60;83;96;12;1.29;93.1;20.8;1932;7.2;5;CAPT032;Bonne
M004881;PAT0182;2024-11-21 13:09:00;2024-11-21;13:09:00;37.8;166;88;63;98;12;1.07;48.4;27.8;3373;7.5;1;CAPT008;Mauvaise
M004882;PAT0091;2024-09-02 03:54:00;2024-09-02;03:54:00;38.9;136;77;98;98;19;1.31;68.8;20.1;1523;7.2;2;CAPT015;Bonne
M004883;PAT0111;2024-08-23 01:21:00;2024-08-23;01:21:00;37.8;138;61;71;98;22;1.29;59.8;20;612;7.6;6;CAPT037;Bonne
M004884;PAT0164;2024-08-28 14:38:00;2024-08-28;14:38:00;37.2;174;95;62;95;20;1.3;56.2;28.1;7098;9.9;0;CAPT027;Moyenne
M004885;PAT0114;2024-11-14 12:43:00;2024-11-14;12:43:00;35.7;107;65;80;99;23;1.27;70.4;28.5;4339;8.8;6;CAPT010;Bonne
M004886;PAT0039;2024-09-18 07:01:00;2024-09-18;07:01:00;37.6;121;77;76;95;14;1.12;86.3;27.2;1069;5.2;1;CAPT031;Bonne
M004887;PAT0116;2024-10-03 16:58:00;2024-10-03;16:58:00;37.5;103;74;128;95;23;1.29;59.1;21.7;3740;5.4;8;CAPT026;Moyenne
M004888;PAT0136;2024-10-02 21:27:00;2024-10-02;21:27:00;39.5;119;61;115;95;16;1.22;69.6;22.3;86;6.5;1;CAPT045;Moyenne
M004889;PAT0060;2024-01-19 18:45:00;2024-01-19;18:45:00;37.3;123;69;83;99;17;1.23;94.5;22.4;6837;8.7;3;CAPT038;Bonne
M004890;PAT0091;2024-04-09 06:24:00;2024-04-09;06:24:00;37.3;118;76;56;95;21;0.71;53.3;29.2;6310;3.5;5;CAPT021;Bonne
M004891;PAT0098;2024-09-24 02:17:00;2024-09-24;02:17:00;35.6;108;80;97;96;15;1.01;53.8;27.1;4365;9.6;7;CAPT049;Bonne
M004892;PAT0104;2024-11-07 20:53:00;2024-11-07;20:53:00;38.8;148;104;62;94;19;0.92;89.6;20;4516;4.7;1;CAPT006;Bonne
M004893;PAT0108;2024-01-29 18:17:00;2024-01-29;18:17:00;38.2;113;68;95;94;22;1.25;54.2;31.8;7059;4.5;5;CAPT007;Moyenne
M004894;PAT0096;2024-07-28 20:15:00;2024-07-28;20:15:00;37.4;176;106;91;95;18;1.33;74.6;31.5;7198;3.8;0;CAPT042;Mauvaise
M004895;PAT0157;2024-02-24 16:46:00;2024-02-24;16:46:00;35.8;139;68;93;95;24;0.74;58.3;31.7;4263;8.6;1;CAPT002;Bonne
M004896;PAT0071;2024-10-31 01:19:00;2024-10-31;01:19:00;37.2;131;83;92;99;20;3.28;61.8;28.2;6488;3.4;5;CAPT023;Mauvaise
M004897;PAT0175;2024-02-03 10:06:00;2024-02-03;10:06:00;37.9;165;102;78;96;12;1.26;57.3;22.3;54;4.1;0;CAPT036;Bonne
M004898;PAT0145;2024-12-26 20:04:00;2024-12-26;20:04:00;38;132;60;58;98;23;1.32;82.7;25.4;5710;8.9;3;CAPT039;Bonne
M004899;PAT0014;2024-09-13 13:43:00;2024-09-13;13:43:00;35.7;142;65;96;97;14;1.25;68.3;33.7;1678;3.5;9;CAPT019;Bonne
M004900;PAT0079;2024-08-07 20:27:00;2024-08-07;20:27:00;39;122;70;70;94;17;3.18;66.4;19.7;6313;8.3;0;CAPT044;Bonne
M004901;PAT0039;2024-05-22 05:00:00;2024-05-22;05:00:00;37.1;141;80;64;99;15;1.28;92.6;18.9;2096;9.8;8;CAPT022;Moyenne
M004902;PAT0190;2024-06-25 17:09:00;2024-06-25;17:09:00;36.6;101;63;78;95;22;1.06;82.3;22.3;4132;7.5;9;CAPT032;Moyenne
M004903;PAT0183;2024-12-25 10:44:00;2024-12-25;10:44:00;37.4;121;79;59;95;16;1.18;60.7;18.1;6754;4.6;2;CAPT013;Bonne
M004904;PAT0022;2024-09-23 13:05:00;2024-09-23;13:05:00;37.3;138;107;73;95;21;0.96;77.4;28.4;5628;4.2;1;CAPT010;Bonne
M004905;PAT0176;2024-06-04 20:59:00;2024-06-04;20:59:00;37.4;131;74;87;97;21;0.92;59.5;34.3;5820;7.3;7;CAPT038;Bonne
M004906;PAT0089;2024-04-18 05:23:00;2024-04-18;05:23:00;35.8;122;65;80;97;24;1.3;76.5;19.4;5662;4;5;CAPT026;Mauvaise
M004907;PAT0060;2024-11-14 04:09:00;2024-11-14;04:09:00;37.3;139;72;99;97;24;1.69;86.4;29.9;4094;6.3;3;CAPT035;Bonne
M004908;PAT0084;2024-12-13 05:27:00;2024-12-13;05:27:00;37.5;116;89;80;96;12;1.1;57.9;29.2;5349;5.5;7;CAPT024;Moyenne
M004909;PAT0068;2024-05-22 08:34:00;2024-05-22;08:34:00;38.7;143;63;98;96;17;0.84;50;26.9;6785;3;6;CAPT008;Mauvaise
M004910;PAT0081;2024-06-22 15:25:00;2024-06-22;15:25:00;37.9;129;71;55;99;22;2.69;87.8;29.4;5704;5.6;6;CAPT007;Moyenne
M004911;PAT0054;2024-07-04 11:51:00;2024-07-04;11:51:00;39.4;129;69;81;95;20;1.14;53.6;33.9;3654;6.3;8;CAPT001;Moyenne
M004912;PAT0130;2024-11-08 15:15:00;2024-11-08;15:15:00;36;144;70;64;99;20;1.23;62.6;20.8;5422;5.2;2;CAPT044;Bonne
M004913;PAT0184;2024-05-22 07:16:00;2024-05-22;07:16:00;38.3;115;82;82;96;19;0.85;50.3;21.5;1921;5.4;7;CAPT048;Moyenne
M004914;PAT0124;2024-08-09 10:27:00;2024-08-09;10:27:00;36.2;117;66;92;95;18;3.02;45.4;21.4;3459;4.6;0;CAPT002;Moyenne
M004915;PAT0004;2024-05-12 22:20:00;2024-05-12;22:20:00;38.6;119;78;76;98;13;0.99;84.6;18.8;7839;9.3;1;CAPT034;Bonne
M004916;PAT0044;2024-05-29 01:30:00;2024-05-29;01:30:00;38.9;137;71;119;88;22;1.13;74.8;26.8;3318;4.3;7;CAPT048;Moyenne
M004917;PAT0089;2024-04-02 18:12:00;2024-04-02;18:12:00;39;118;81;85;99;15;1.07;86.2;18.4;2612;6;2;CAPT049;Moyenne
M004918;PAT0041;2024-07-03 16:29:00;2024-07-03;16:29:00;38.4;139;87;111;88;21;1.14;65.9;26.9;1801;5.6;9;CAPT035;Bonne
M004919;PAT0035;2024-03-10 13:09:00;2024-03-10;13:09:00;38.5;117;71;97;96;22;1.28;96.5;29.3;662;9.8;3;CAPT030;Moyenne
M004920;PAT0096;2024-02-02 02:23:00;2024-02-02;02:23:00;36.3;158;97;58;96;17;1.29;52.5;34;1766;8.2;7;CAPT050;Bonne
M004921;PAT0056;2024-02-18 09:59:00;2024-02-18;09:59:00;39.3;108;69;55;95;19;1.28;71.2;23.7;1353;5.7;5;CAPT045;Bonne
M004922;PAT0140;2024-12-11 13:13:00;2024-12-11;13:13:00;38.4;124;66;57;98;18;1.06;49.9;34.8;7845;9.9;2;CAPT038;Moyenne
M004923;PAT0138;2024-09-25 00:55:00;2024-09-25;00:55:00;38.7;100;64;81;98;21;1.03;98.4;23.7;1578;6.5;5;CAPT035;Bonne
M004924;PAT0150;2024-02-08 05:45:00;2024-02-08;05:45:00;36.1;133;68;56;98;14;1.09;88.1;21.8;6553;7.6;8;CAPT040;Bonne
M004925;PAT0100;2024-06-18 14:44:00;2024-06-18;14:44:00;38.5;141;64;98;94;13;1.26;91.5;30.9;5641;6.4;0;CAPT049;Bonne
M004926;PAT0100;2024-05-27 10:07:00;2024-05-27;10:07:00;36.1;113;63;99;95;17;0.89;63;24.5;4797;9.6;1;CAPT010;Bonne
M004927;PAT0004;2024-12-02 06:50:00;2024-12-02;06:50:00;36.6;137;75;76;98;22;1.08;67.4;22.4;5236;4.9;2;CAPT009;Bonne
M004928;PAT0151;2024-07-16 03:13:00;2024-07-16;03:13:00;37.6;119;64;95;98;15;2.5;69.6;27.5;204;9.2;3;CAPT025;Bonne
M004929;PAT0012;2024-08-09 18:37:00;2024-08-09;18:37:00;38.7;143;89;74;94;18;3.31;56.1;28.2;1885;5.4;1;CAPT003;Moyenne
M004930;PAT0099;2024-09-27 06:33:00;2024-09-27;06:33:00;38.4;139;60;92;95;21;1.16;78.9;19.2;7655;4;4;CAPT038;Bonne
M004931;PAT0133;2024-07-12 00:19:00;2024-07-12;00:19:00;38.3;125;80;63;94;16;1.4;71.7;24.3;6898;6.5;2;CAPT007;Moyenne
M004932;PAT0193;2024-08-03 20:12:00;2024-08-03;20:12:00;38;139;87;116;95;12;0.74;64.8;28.2;7341;7.6;6;CAPT042;Bonne
M004933;PAT0194;2024-03-31 10:40:00;2024-03-31;10:40:00;35.6;109;63;75;97;12;0.99;77;28.4;13;3.5;3;CAPT014;Bonne
M004934;PAT0082;2024-09-27 17:39:00;2024-09-27;17:39:00;37.8;143;97;81;95;12;0.82;88.6;18;2231;9.8;3;CAPT036;Bonne
M004935;PAT0132;2024-09-22 12:48:00;2024-09-22;12:48:00;35.6;117;76;93;95;20;2.95;48.8;33;3419;3;1;CAPT007;Bonne
M004936;PAT0073;2024-03-30 06:45:00;2024-03-30;06:45:00;37.1;122;77;59;96;13;1.12;58.4;34.5;293;6.6;9;CAPT033;Bonne
M004937;PAT0167;2024-10-12 21:32:00;2024-10-12;21:32:00;36.6;167;105;71;96;22;0.93;88;22.6;3063;8.6;1;CAPT032;Bonne
M004938;PAT0035;2024-04-11 05:27:00;2024-04-11;05:27:00;38.9;140;78;92;94;18;1.25;84.3;26.4;2051;6.5;2;CAPT027;Bonne
M004939;PAT0055;2024-04-24 02:45:00;2024-04-24;02:45:00;37.8;109;76;81;95;22;1.3;82.6;26.6;896;8.6;3;CAPT015;Mauvaise
M004940;PAT0132;2024-12-23 07:02:00;2024-12-23;07:02:00;38.6;109;60;70;96;15;3.25;99.1;27.7;7394;6.4;8;CAPT050;Bonne
M004941;PAT0097;2024-05-13 05:07:00;2024-05-13;05:07:00;37.7;149;109;64;99;22;1.06;75.6;34.3;1656;3.5;0;CAPT034;Moyenne
M004942;PAT0192;2024-08-24 05:38:00;2024-08-24;05:38:00;35.9;135;89;64;99;21;1.03;97.5;33.1;5838;3.7;0;CAPT011;Bonne
M004943;PAT0099;2024-12-20 14:19:00;2024-12-20;14:19:00;37.1;114;62;122;93;14;0.95;56.9;20.2;3659;4.5;8;CAPT009;Bonne
M004944;PAT0019;2024-02-28 14:50:00;2024-02-28;14:50:00;38.5;140;96;69;94;12;1.04;62;30;2061;9.1;6;CAPT032;Bonne
M004945;PAT0081;2024-10-09 02:55:00;2024-10-09;02:55:00;35.8;101;81;80;99;13;2.41;62.5;31.8;571;3.2;7;CAPT014;Bonne
M004946;PAT0007;2024-02-29 12:22:00;2024-02-29;12:22:00;36;138;65;84;99;22;1.3;69.9;32.9;5202;3.6;9;CAPT037;Bonne
M004947;PAT0027;2024-06-25 07:06:00;2024-06-25;07:06:00;39.2;125;69;57;97;14;1.22;46;33.3;1203;3.5;5;CAPT039;Bonne
M004948;PAT0169;2024-06-14 02:14:00;2024-06-14;02:14:00;37.1;109;65;67;99;23;1.29;80;20.7;7981;6.8;0;CAPT002;Moyenne
M004949;PAT0020;2024-08-17 01:11:00;2024-08-17;01:11:00;35.6;126;87;62;95;16;0.85;76.1;33.1;7420;9.2;3;CAPT006;Bonne
M004950;PAT0153;2024-02-08 08:24:00;2024-02-08;08:24:00;38;129;87;91;98;17;0.92;49.5;30;973;8.7;9;CAPT003;Bonne
M004951;PAT0120;2024-09-08 05:02:00;2024-09-08;05:02:00;38;157;92;75;98;23;1.05;60.5;18.8;3443;8;9;CAPT036;Mauvaise
M004952;PAT0002;2024-04-14 22:43:00;2024-04-14;22:43:00;39;141;86;94;98;20;1;64.3;22.1;5468;4.4;0;CAPT002;Bonne
M004953;PAT0029;2024-12-29 05:26:00;2024-12-29;05:26:00;36;135;78;82;95;18;1.37;98.6;18.6;987;8.9;1;CAPT037;Bonne
M004954;PAT0070;2024-03-02 15:15:00;2024-03-02;15:15:00;35.6;105;88;96;97;20;2.07;94.2;29.3;6924;8.7;1;CAPT022;Bonne
M004955;PAT0026;2024-12-02 04:01:00;2024-12-02;04:01:00;37.9;101;75;56;97;13;0.84;69.4;18.9;112;9.1;5;CAPT038;Bonne
M004956;PAT0039;2024-01-01 15:19:00;2024-01-01;15:19:00;35.9;126;74;75;97;14;0.91;91.3;23.7;5546;7.4;0;CAPT027;Bonne
M004957;PAT0107;2024-05-01 18:03:00;2024-05-01;18:03:00;36.4;121;65;107;91;15;0.94;66.1;29.2;5053;6.6;1;CAPT024;Bonne
M004958;PAT0124;2024-04-23 19:06:00;2024-04-23;19:06:00;37.9;130;68;72;94;20;1.84;93;18.3;6215;3.1;0;CAPT036;Moyenne
M004959;PAT0077;2024-03-13 21:24:00;2024-03-13;21:24:00;37.5;113;85;67;98;22;0.77;47.4;30.1;3539;6;6;CAPT016;Bonne
M004960;PAT0166;2024-07-19 11:00:00;2024-07-19;11:00:00;39.4;149;108;70;98;19;0.78;88;21.8;401;4.8;2;CAPT041;Mauvaise
M004961;PAT0095;2024-07-03 16:45:00;2024-07-03;16:45:00;38.2;141;82;90;99;19;1.31;84.5;22.9;4663;9;6;CAPT019;Moyenne
M004962;PAT0165;2024-02-20 16:06:00;2024-02-20;16:06:00;38.6;117;77;73;97;12;0.81;95.3;18.4;452;4.5;6;CAPT001;Bonne
M004963;PAT0025;2024-06-27 03:38:00;2024-06-27;03:38:00;37.6;177;105;77;98;22;0.96;96.2;18.1;489;8.2;7;CAPT039;Bonne
M004964;PAT0029;2024-06-27 01:29:00;2024-06-27;01:29:00;39.4;132;86;55;97;16;1.3;51.6;34.7;5805;7;1;CAPT011;Bonne
M004965;PAT0100;2024-08-24 15:40:00;2024-08-24;15:40:00;36.9;143;84;123;94;15;1.27;46.1;24.8;1714;9.2;5;CAPT042;Bonne
M004966;PAT0041;2024-12-10 20:58:00;2024-12-10;20:58:00;37.6;140;72;114;90;14;1.16;97;34.9;4595;8.1;8;CAPT044;Moyenne
M004967;PAT0111;2024-10-02 23:55:00;2024-10-02;23:55:00;38;108;83;77;98;16;0.94;90.7;28.9;940;8.5;8;CAPT011;Mauvaise
M004968;PAT0003;2024-01-02 08:54:00;2024-01-02;08:54:00;39.4;113;79;74;97;22;1.53;75.6;26.3;3728;9.2;9;CAPT015;Bonne
M004969;PAT0099;2024-06-22 07:18:00;2024-06-22;07:18:00;37.5;102;78;129;89;18;1.25;86.4;19.5;5894;5;3;CAPT010;Bonne
M004970;PAT0185;2024-08-28 03:43:00;2024-08-28;03:43:00;39.1;119;65;66;98;15;1.37;96.5;33.9;3651;5.4;1;CAPT005;Moyenne
M004971;PAT0076;2024-07-07 11:00:00;2024-07-07;11:00:00;39.3;122;65;72;98;17;0.95;97.9;18.8;6116;7.4;3;CAPT002;Bonne
M004972;PAT0110;2024-06-28 09:30:00;2024-06-28;09:30:00;36.3;140;62;65;95;20;1.2;62.3;33.5;5022;4.8;7;CAPT029;Bonne
M004973;PAT0177;2024-05-10 06:26:00;2024-05-10;06:26:00;38;131;70;89;94;22;0.8;47.1;31.3;6160;3.2;2;CAPT034;Mauvaise
M004974;PAT0041;2024-01-30 20:33:00;2024-01-30;20:33:00;36;123;73;104;91;14;0.88;84;29.3;4764;6.1;3;CAPT010;Bonne
M004975;PAT0051;2024-08-13 09:07:00;2024-08-13;09:07:00;37.5;144;81;67;95;17;0.99;88.1;18.2;1587;4.2;4;CAPT011;Bonne
M004976;PAT0086;2024-04-13 21:42:00;2024-04-13;21:42:00;35.8;125;65;92;97;14;0.93;59;19.6;3680;5.9;2;CAPT012;Bonne
M004977;PAT0140;2024-10-21 11:19:00;2024-10-21;11:19:00;39.2;108;73;73;96;21;0.72;72;22.5;1305;3.2;5;CAPT025;Bonne
M004978;PAT0064;2024-08-17 19:02:00;2024-08-17;19:02:00;36.9;107;83;80;95;20;1.38;75.2;27.4;6888;6.9;7;CAPT029;Moyenne
M004979;PAT0049;2024-04-18 19:47:00;2024-04-18;19:47:00;37.1;102;66;56;94;23;1.13;79.7;19.8;2351;8.3;4;CAPT049;Bonne
M004980;PAT0140;2024-10-26 13:41:00;2024-10-26;13:41:00;38.1;140;80;81;95;21;0.81;64.5;34.2;3395;4;7;CAPT004;Moyenne
M004981;PAT0098;2024-05-22 23:26:00;2024-05-22;23:26:00;38.8;135;89;75;98;19;0.9;100;24.4;3174;6.2;6;CAPT023;Bonne
M004982;PAT0098;2024-01-25 17:16:00;2024-01-25;17:16:00;39.2;112;87;94;99;18;0.82;48.2;29.6;7191;7.5;4;CAPT020;Bonne
M004983;PAT0064;2024-10-20 18:36:00;2024-10-20;18:36:00;36.1;125;78;64;96;19;1.26;70.8;18.3;5221;7.1;3;CAPT011;Bonne
M004984;PAT0132;2024-01-05 04:33:00;2024-01-05;04:33:00;36.9;138;76;77;98;21;2.19;63.4;32.2;6860;4.8;9;CAPT034;Bonne
M004985;PAT0174;2024-06-14 21:21:00;2024-06-14;21:21:00;36.1;128;75;92;91;23;1.3;58.5;34;2435;7.7;3;CAPT047;Mauvaise
M004986;PAT0139;2024-06-21 18:07:00;2024-06-21;18:07:00;37.6;140;94;82;97;18;1.23;98;32.6;6908;6.9;9;CAPT034;Bonne
M004987;PAT0010;2024-04-05 16:54:00;2024-04-05;16:54:00;36.3;131;84;83;96;17;2.99;78.3;35;3287;3.3;0;CAPT022;Bonne
M004988;PAT0050;2024-08-09 15:14:00;2024-08-09;15:14:00;39.1;139;81;70;95;19;0.71;85.4;27.2;2060;8.7;0;CAPT015;Bonne
M004989;PAT0144;2024-05-28 00:06:00;2024-05-28;00:06:00;38.5;106;75;68;95;14;3.27;80.1;25.9;4827;5.8;7;CAPT010;Bonne
M004990;PAT0179;2024-02-03 18:55:00;2024-02-03;18:55:00;38.1;158;85;71;99;23;1.18;85.4;23.6;1312;8.9;7;CAPT007;Bonne
M004991;PAT0149;2024-11-04 11:31:00;2024-11-04;11:31:00;36.7;105;80;93;88;18;1.02;95.1;23.2;6409;9.6;8;CAPT018;Mauvaise
M004992;PAT0007;2024-10-29 03:56:00;2024-10-29;03:56:00;36.7;135;75;63;97;21;1.29;73;31.6;6355;6.3;7;CAPT036;Bonne
M004993;PAT0165;2024-02-29 22:59:00;2024-02-29;22:59:00;38;108;70;78;98;20;0.91;86;24.3;2151;6.5;9;CAPT039;Bonne
M004994;PAT0081;2024-08-24 19:10:00;2024-08-24;19:10:00;37.8;100;79;82;98;19;2.58;54.9;25;5979;4.1;4;CAPT031;Bonne
M004995;PAT0056;2024-05-15 07:31:00;2024-05-15;07:31:00;38.5;129;80;96;97;20;0.82;55.5;32.6;5401;7.3;3;CAPT037;Bonne
M004996;PAT0171;2024-06-16 13:25:00;2024-06-16;13:25:00;38.6;121;81;99;95;17;1.39;82.6;34.6;5538;9.5;6;CAPT017;Bonne
M004997;PAT0017;2024-06-06 06:01:00;2024-06-06;06:01:00;39.1;112;73;69;95;12;1.18;66.8;29.1;3278;4.6;7;CAPT037;Bonne
M004998;PAT0200;2024-07-15 22:35:00;2024-07-15;22:35:00;35.8;140;74;68;96;23;1.05;79.8;25.3;3479;9.5;1;CAPT047;Moyenne
M004999;PAT0161;2024-02-22 15:50:00;2024-02-22;15:50:00;35.5;111;69;61;99;21;0.76;82.4;21.2;573;4.7;0;CAPT048;Bonne
M005000;PAT0062;2024-12-04 06:29:00;2024-12-04;06:29:00;36.5;100;72;74;95;14;1.01;47.5;21.7;7375;3.5;5;CAPT017;Mauvaise